Frame,Pelvis_X,Pelvis_Y,Pelvis_Z,L_Hip_X,L_Hip_Y,L_Hip_Z,L_Knee_X,L_Knee_Y,L_Knee_Z,L_Ankle_X,L_Ankle_Y,L_Ankle_Z,L_Toe_X,L_Toe_Y,L_Toe_Z,R_Hip_X,R_Hip_Y,R_Hip_Z,R_Knee_X,R_Knee_Y,R_Knee_Z,R_Ankle_X,R_Ankle_Y,R_Ankle_Z,R_Toe_X,R_Toe_Y,R_Toe_Z
1.000000,0.348720,-0.318110,0.920225,0.355950,-0.227310,0.801154,0.354810,-0.191900,0.397464,0.013800,-0.213040,0.208074,0.011470,-0.210860,0.063884,0.375760,-0.415350,0.818765,0.542830,-0.399640,0.447745,0.514790,-0.376840,0.064724,0.648210,-0.395980,0.010475
2.000000,0.356120,-0.318640,0.921444,0.363520,-0.227780,0.802354,0.369130,-0.191850,0.398955,0.027400,-0.212590,0.211534,0.024960,-0.210810,0.067534,0.383240,-0.415830,0.819855,0.546480,-0.399870,0.447495,0.515120,-0.376780,0.064714,0.648140,-0.395970,0.010295
3.000000,0.363480,-0.319130,0.922755,0.371050,-0.228160,0.803675,0.383390,-0.191770,0.400684,0.041320,-0.212170,0.214614,0.039190,-0.210780,0.070814,0.390650,-0.416250,0.820995,0.549920,-0.400140,0.447254,0.515410,-0.376780,0.064734,0.648040,-0.395990,0.010125
4.000000,0.370810,-0.319580,0.924154,0.378550,-0.228490,0.805105,0.397600,-0.191680,0.402615,0.055540,-0.211770,0.217295,0.054080,-0.210780,0.073714,0.397990,-0.416610,0.822195,0.553150,-0.400450,0.447045,0.515630,-0.376830,0.064784,0.647940,-0.396010,0.009975
5.000000,0.378120,-0.320000,0.925635,0.386010,-0.228750,0.806644,0.411770,-0.191560,0.404725,0.070040,-0.211400,0.219575,0.069560,-0.210780,0.076184,0.405250,-0.416920,0.823465,0.556180,-0.400790,0.446855,0.515800,-0.376930,0.064864,0.647820,-0.396060,0.009834
6.000000,0.385410,-0.320370,0.927195,0.393450,-0.228960,0.808275,0.425910,-0.191420,0.407005,0.084820,-0.211060,0.221435,0.085580,-0.210800,0.078224,0.412450,-0.417180,0.824805,0.559010,-0.401170,0.446685,0.515910,-0.377070,0.064974,0.647680,-0.396120,0.009704
7.000000,0.392690,-0.320710,0.928835,0.400870,-0.229140,0.809995,0.440010,-0.191260,0.409415,0.099850,-0.210750,0.222894,0.102080,-0.210810,0.079824,0.419570,-0.417410,0.826225,0.561630,-0.401580,0.446545,0.515960,-0.377240,0.065114,0.647540,-0.396180,0.009584
8.000000,0.399960,-0.321020,0.930535,0.408260,-0.229270,0.811794,0.454080,-0.191070,0.411955,0.115120,-0.210490,0.223955,0.119030,-0.210820,0.080994,0.426630,-0.417610,0.827715,0.564060,-0.402000,0.446435,0.515960,-0.377440,0.065294,0.647390,-0.396250,0.009465
9.000000,0.407230,-0.321310,0.932295,0.415630,-0.229380,0.813665,0.468090,-0.190860,0.414595,0.130600,-0.210280,0.224634,0.136410,-0.210800,0.081724,0.433610,-0.417780,0.829275,0.566300,-0.402440,0.446345,0.515910,-0.377640,0.065514,0.647240,-0.396330,0.009344
10.000000,0.414480,-0.321570,0.934095,0.422980,-0.229470,0.815574,0.482030,-0.190640,0.417334,0.146280,-0.210120,0.224914,0.154190,-0.210760,0.082054,0.440520,-0.417930,0.830885,0.568360,-0.402870,0.446295,0.515820,-0.377850,0.065754,0.647090,-0.396400,0.009234
11.000000,0.421740,-0.321810,0.935914,0.430300,-0.229530,0.817524,0.495900,-0.190410,0.420155,0.162150,-0.210000,0.224824,0.172350,-0.210670,0.081994,0.447360,-0.418060,0.832535,0.570260,-0.403280,0.446285,0.515690,-0.378060,0.066034,0.646930,-0.396470,0.009115
12.000000,0.428980,-0.322030,0.937765,0.437600,-0.229570,0.819504,0.509680,-0.190190,0.423054,0.178190,-0.209930,0.224354,0.190890,-0.210530,0.081564,0.454140,-0.418170,0.834205,0.572010,-0.403680,0.446295,0.515550,-0.378260,0.066334,0.646780,-0.396530,0.009004
13.000000,0.436220,-0.322240,0.939615,0.444890,-0.229590,0.821485,0.523360,-0.189970,0.426015,0.194400,-0.209890,0.223534,0.209780,-0.210320,0.080804,0.460860,-0.418260,0.835885,0.573640,-0.404050,0.446335,0.515390,-0.378440,0.066664,0.646630,-0.396600,0.008894
14.000000,0.443450,-0.322430,0.941454,0.452160,-0.229590,0.823465,0.536920,-0.189760,0.429015,0.210750,-0.209880,0.222364,0.229020,-0.210030,0.079744,0.467530,-0.418330,0.837554,0.575150,-0.404390,0.446405,0.515230,-0.378610,0.067004,0.646490,-0.396650,0.008795
15.000000,0.450660,-0.322620,0.943275,0.459420,-0.229570,0.825425,0.550370,-0.189550,0.432065,0.227250,-0.209880,0.220854,0.248590,-0.209650,0.078394,0.474150,-0.418390,0.839205,0.576570,-0.404710,0.446485,0.515070,-0.378770,0.067364,0.646350,-0.396700,0.008684
16.000000,0.457860,-0.322800,0.945055,0.466660,-0.229530,0.827345,0.563700,-0.189370,0.435135,0.243900,-0.209870,0.219034,0.268490,-0.209170,0.076804,0.480730,-0.418430,0.840805,0.577900,-0.405000,0.446584,0.514930,-0.378900,0.067734,0.646220,-0.396750,0.008584
17.000000,0.465050,-0.322970,0.946785,0.473910,-0.229480,0.829225,0.576900,-0.189190,0.438215,0.260690,-0.209840,0.216905,0.288710,-0.208590,0.075004,0.487270,-0.418440,0.842355,0.579180,-0.405270,0.446705,0.514820,-0.379020,0.068114,0.646100,-0.396800,0.008484
18.000000,0.472210,-0.323130,0.948465,0.481150,-0.229400,0.831055,0.589950,-0.189040,0.441295,0.277620,-0.209790,0.214465,0.309240,-0.207920,0.073004,0.493790,-0.418440,0.843844,0.580410,-0.405520,0.446825,0.514720,-0.379120,0.068494,0.645980,-0.396840,0.008394
19.000000,0.479340,-0.323280,0.950075,0.488390,-0.229310,0.832805,0.602870,-0.188900,0.444375,0.294710,-0.209690,0.211734,0.330060,-0.207150,0.070844,0.500300,-0.418420,0.845245,0.581610,-0.405740,0.446965,0.514650,-0.379200,0.068884,0.645860,-0.396880,0.008304
20.000000,0.486440,-0.323420,0.951605,0.495630,-0.229200,0.834485,0.615630,-0.188780,0.447415,0.311970,-0.209530,0.208714,0.351180,-0.206290,0.068544,0.506780,-0.418380,0.846565,0.582810,-0.405950,0.447105,0.514600,-0.379260,0.069264,0.645740,-0.396920,0.008204
21.000000,0.493520,-0.323550,0.953055,0.502870,-0.229070,0.836075,0.628230,-0.188690,0.450435,0.329430,-0.209300,0.205384,0.372570,-0.205340,0.066144,0.513260,-0.418320,0.847785,0.584020,-0.406140,0.447245,0.514580,-0.379310,0.069654,0.645620,-0.396950,0.008115
22.000000,0.500570,-0.323670,0.954404,0.510120,-0.228930,0.837565,0.640670,-0.188620,0.453405,0.347090,-0.209000,0.201774,0.394250,-0.204300,0.063664,0.519730,-0.418250,0.848894,0.585250,-0.406320,0.447395,0.514580,-0.379350,0.070044,0.645510,-0.396980,0.008025
23.000000,0.507590,-0.323770,0.955665,0.517360,-0.228780,0.838955,0.652930,-0.188570,0.456305,0.364970,-0.208610,0.197895,0.416200,-0.203190,0.061135,0.526200,-0.418150,0.849894,0.586500,-0.406480,0.447545,0.514590,-0.379380,0.070424,0.645400,-0.397010,0.007935
24.000000,0.514580,-0.323850,0.956805,0.524600,-0.228610,0.840245,0.665020,-0.188540,0.459155,0.383080,-0.208150,0.193765,0.438410,-0.202000,0.058585,0.532650,-0.418040,0.850785,0.587770,-0.406640,0.447685,0.514630,-0.379400,0.070804,0.645290,-0.397040,0.007845
25.000000,0.521540,-0.323910,0.957844,0.531830,-0.228430,0.841415,0.676930,-0.188530,0.461915,0.401400,-0.207620,0.189444,0.460870,-0.200740,0.056035,0.539100,-0.417910,0.851545,0.589070,-0.406790,0.447825,0.514690,-0.379420,0.071184,0.645190,-0.397070,0.007755
26.000000,0.528470,-0.323960,0.958755,0.539050,-0.228230,0.842475,0.688660,-0.188540,0.464575,0.419940,-0.207020,0.184944,0.483580,-0.199400,0.053525,0.545540,-0.417770,0.852194,0.590380,-0.406930,0.447965,0.514760,-0.379430,0.071554,0.645080,-0.397100,0.007664
27.000000,0.535380,-0.323980,0.959554,0.546260,-0.228020,0.843405,0.700190,-0.188560,0.467135,0.438690,-0.206360,0.180305,0.506520,-0.198010,0.051064,0.551960,-0.417600,0.852715,0.591710,-0.407070,0.448084,0.514840,-0.379450,0.071914,0.644980,-0.397130,0.007574
28.000000,0.542260,-0.323980,0.960234,0.553460,-0.227800,0.844225,0.711520,-0.188600,0.469585,0.457680,-0.205650,0.175534,0.529690,-0.196540,0.048695,0.558370,-0.417430,0.853125,0.593060,-0.407200,0.448205,0.514940,-0.379460,0.072264,0.644890,-0.397170,0.007474
29.000000,0.549120,-0.323960,0.960794,0.560640,-0.227570,0.844915,0.722650,-0.188630,0.471905,0.476920,-0.204890,0.170634,0.553060,-0.195030,0.046425,0.564760,-0.417230,0.853405,0.594440,-0.407320,0.448295,0.515040,-0.379470,0.072614,0.644800,-0.397210,0.007374
30.000000,0.555960,-0.323920,0.961225,0.567800,-0.227330,0.845484,0.733580,-0.188680,0.474085,0.496410,-0.204090,0.165654,0.576640,-0.193460,0.044295,0.571130,-0.417030,0.853584,0.595840,-0.407430,0.448364,0.515150,-0.379490,0.072944,0.644710,-0.397260,0.007264
31.000000,0.562790,-0.323850,0.961545,0.574950,-0.227080,0.845935,0.744300,-0.188720,0.476125,0.516170,-0.203240,0.160595,0.600400,-0.191830,0.042305,0.577480,-0.416810,0.853654,0.597260,-0.407530,0.448405,0.515270,-0.379500,0.073264,0.644620,-0.397310,0.007164
32.000000,0.569600,-0.323760,0.961755,0.582080,-0.226830,0.846264,0.754830,-0.188760,0.478004,0.536190,-0.202380,0.155504,0.624330,-0.190160,0.040475,0.583820,-0.416570,0.853635,0.598700,-0.407610,0.448414,0.515390,-0.379500,0.073574,0.644530,-0.397360,0.007044
33.000000,0.576410,-0.323640,0.961855,0.589200,-0.226570,0.846465,0.765150,-0.188800,0.479715,0.556470,-0.201500,0.150415,0.648400,-0.188440,0.038835,0.590140,-0.416330,0.853534,0.600170,-0.407680,0.448405,0.515500,-0.379490,0.073874,0.644440,-0.397400,0.006924
34.000000,0.583220,-0.323490,0.961844,0.596310,-0.226310,0.846554,0.775290,-0.188830,0.481265,0.576980,-0.200620,0.145354,0.672610,-0.186680,0.037405,0.596450,-0.416080,0.853355,0.601660,-0.407730,0.448364,0.515600,-0.379460,0.074144,0.644350,-0.397450,0.006804
35.000000,0.590020,-0.323310,0.961735,0.603400,-0.226040,0.846534,0.785240,-0.188870,0.482635,0.597710,-0.199750,0.140365,0.696940,-0.184890,0.036194,0.602750,-0.415820,0.853094,0.603180,-0.407750,0.448295,0.515700,-0.379410,0.074414,0.644260,-0.397480,0.006674
36.000000,0.596820,-0.323110,0.961515,0.610470,-0.225760,0.846395,0.795010,-0.188920,0.483825,0.618650,-0.198860,0.135474,0.721360,-0.183070,0.035224,0.609040,-0.415540,0.852765,0.604720,-0.407760,0.448194,0.515800,-0.379330,0.074664,0.644170,-0.397510,0.006544
37.000000,0.603610,-0.322880,0.961195,0.617530,-0.225470,0.846135,0.804600,-0.188970,0.484825,0.639770,-0.197970,0.130714,0.745860,-0.181240,0.034515,0.615320,-0.415250,0.852364,0.606280,-0.407740,0.448065,0.515880,-0.379230,0.074904,0.644080,-0.397530,0.006404
38.000000,0.610410,-0.322630,0.960774,0.624580,-0.225170,0.845755,0.814010,-0.189030,0.485615,0.661040,-0.197050,0.126094,0.770420,-0.179420,0.034084,0.621590,-0.414950,0.851874,0.607880,-0.407710,0.447905,0.515970,-0.379090,0.075144,0.643980,-0.397540,0.006274
39.000000,0.617210,-0.322350,0.960245,0.631620,-0.224870,0.845264,0.823220,-0.189090,0.486195,0.682420,-0.196080,0.121654,0.795010,-0.177610,0.033965,0.627870,-0.414630,0.851305,0.609510,-0.407640,0.447725,0.516050,-0.378920,0.075374,0.643880,-0.397550,0.006144
40.000000,0.624020,-0.322040,0.959624,0.638670,-0.224560,0.844665,0.832240,-0.189160,0.486565,0.703870,-0.195040,0.117404,0.819620,-0.175830,0.034175,0.634170,-0.414310,0.850654,0.611180,-0.407550,0.447505,0.516120,-0.378700,0.075604,0.643770,-0.397560,0.006014
41.000000,0.630850,-0.321720,0.958894,0.645750,-0.224240,0.843944,0.841050,-0.189240,0.486714,0.725380,-0.193930,0.113374,0.844210,-0.174100,0.034724,0.640500,-0.413970,0.849924,0.612890,-0.407430,0.447245,0.516200,-0.378450,0.075834,0.643670,-0.397570,0.005884
42.000000,0.637710,-0.321370,0.958075,0.652860,-0.223910,0.843114,0.849650,-0.189330,0.486645,0.746920,-0.192750,0.109574,0.868770,-0.172440,0.035654,0.646880,-0.413620,0.849094,0.614650,-0.407280,0.446955,0.516280,-0.378170,0.076064,0.643560,-0.397580,0.005764
43.000000,0.644590,-0.321020,0.957164,0.660010,-0.223580,0.842185,0.858030,-0.189420,0.486355,0.768470,-0.191480,0.106034,0.893250,-0.170840,0.036975,0.653310,-0.413270,0.848164,0.616460,-0.407100,0.446644,0.516360,-0.377850,0.076294,0.643460,-0.397600,0.005644
44.000000,0.651500,-0.320640,0.956155,0.667190,-0.223250,0.841155,0.866200,-0.189510,0.485845,0.790020,-0.190140,0.102774,0.917630,-0.169330,0.038705,0.659790,-0.412910,0.847155,0.618340,-0.406880,0.446295,0.516450,-0.377500,0.076534,0.643370,-0.397610,0.005524
45.000000,0.658450,-0.320260,0.955064,0.674410,-0.222920,0.840035,0.874150,-0.189610,0.485135,0.811540,-0.188720,0.099804,0.941860,-0.167900,0.040864,0.666330,-0.412550,0.846055,0.620300,-0.406630,0.445925,0.516530,-0.377130,0.076764,0.643280,-0.397630,0.005394
46.000000,0.665430,-0.319870,0.953894,0.681660,-0.222590,0.838824,0.881880,-0.189700,0.484225,0.833030,-0.187240,0.097164,0.965890,-0.166560,0.043474,0.672930,-0.412190,0.844855,0.622340,-0.406330,0.445525,0.516630,-0.376740,0.077004,0.643200,-0.397640,0.005254
47.000000,0.672450,-0.319480,0.952655,0.688930,-0.222260,0.837545,0.889390,-0.189780,0.483125,0.854440,-0.185700,0.094864,0.989670,-0.165310,0.046525,0.679570,-0.411830,0.843575,0.624490,-0.406010,0.445105,0.516740,-0.376340,0.077254,0.643130,-0.397640,0.005115
48.000000,0.679510,-0.319080,0.951345,0.696230,-0.221930,0.836195,0.896690,-0.189860,0.481834,0.875730,-0.184110,0.092934,1.013140,-0.164160,0.050024,0.686260,-0.411470,0.842225,0.626760,-0.405650,0.444655,0.516870,-0.375930,0.077504,0.643060,-0.397640,0.004954
49.000000,0.686600,-0.318670,0.949964,0.703560,-0.221610,0.834785,0.903800,-0.189910,0.480395,0.896850,-0.182510,0.091374,1.036220,-0.163110,0.053935,0.693010,-0.411120,0.840795,0.629200,-0.405280,0.444175,0.517010,-0.375530,0.077764,0.642990,-0.397640,0.004794
50.000000,0.693730,-0.318260,0.948545,0.710910,-0.221280,0.833315,0.910740,-0.189940,0.478805,0.917760,-0.180920,0.090214,1.058850,-0.162160,0.058235,0.699810,-0.410750,0.839315,0.631800,-0.404900,0.443665,0.517170,-0.375130,0.078034,0.642940,-0.397630,0.004624
51.000000,0.700900,-0.317840,0.947075,0.718290,-0.220940,0.831805,0.917520,-0.189930,0.477085,0.938360,-0.179370,0.089444,1.080960,-0.161320,0.062864,0.706670,-0.410390,0.837785,0.634610,-0.404520,0.443125,0.517350,-0.374760,0.078324,0.642880,-0.397630,0.004444
52.000000,0.708110,-0.317410,0.945555,0.725700,-0.220600,0.830245,0.924190,-0.189880,0.475255,0.958580,-0.177890,0.089044,1.102460,-0.160600,0.067774,0.713590,-0.410010,0.836214,0.637630,-0.404150,0.442545,0.517570,-0.374400,0.078634,0.642840,-0.397620,0.004265
53.000000,0.715360,-0.316960,0.944014,0.733140,-0.220250,0.828655,0.930770,-0.189750,0.473345,0.978340,-0.176520,0.088984,1.123290,-0.160000,0.072874,0.720560,-0.409630,0.834615,0.640880,-0.403790,0.441924,0.517820,-0.374080,0.078974,0.642790,-0.397610,0.004074
54.000000,0.722650,-0.316500,0.942435,0.740630,-0.219880,0.827035,0.937310,-0.189560,0.471385,0.997540,-0.175300,0.089244,1.143360,-0.159540,0.078074,0.727600,-0.409240,0.832994,0.644370,-0.403450,0.441275,0.518120,-0.373790,0.079334,0.642760,-0.397610,0.003884
55.000000,0.729980,-0.316030,0.940835,0.748160,-0.219510,0.825385,0.943850,-0.189300,0.469385,1.016090,-0.174270,0.089744,1.162610,-0.159210,0.083264,0.734700,-0.408840,0.831365,0.648100,-0.403120,0.440585,0.518480,-0.373540,0.079734,0.642720,-0.397610,0.003694
56.000000,0.737350,-0.315530,0.939215,0.755750,-0.219130,0.823705,0.950440,-0.188960,0.467365,1.033890,-0.173440,0.090444,1.180970,-0.159020,0.088334,0.741850,-0.408420,0.829715,0.652080,-0.402800,0.439855,0.518890,-0.373330,0.080184,0.642690,-0.397610,0.003504
57.000000,0.744770,-0.315010,0.937574,0.763400,-0.218740,0.822005,0.957120,-0.188560,0.465365,1.050870,-0.172840,0.091234,1.198370,-0.158960,0.093174,0.749060,-0.407990,0.828075,0.656310,-0.402490,0.439085,0.519350,-0.373160,0.080674,0.642670,-0.397620,0.003314
58.000000,0.752240,-0.314470,0.935914,0.771110,-0.218320,0.820284,0.963930,-0.188110,0.463395,1.066940,-0.172490,0.092054,1.214770,-0.159020,0.097644,0.756330,-0.407540,0.826425,0.660770,-0.402190,0.438285,0.519880,-0.373030,0.081224,0.642650,-0.397640,0.003115
59.000000,0.759760,-0.313900,0.934245,0.778890,-0.217880,0.818565,0.970920,-0.187620,0.461485,1.082040,-0.172390,0.092804,1.230110,-0.159210,0.101634,0.763660,-0.407070,0.824785,0.665470,-0.401890,0.437455,0.520470,-0.372930,0.081834,0.642630,-0.397660,0.002924
60.000000,0.767330,-0.313300,0.932565,0.786740,-0.217410,0.816835,0.978100,-0.187130,0.459645,1.096110,-0.172540,0.093404,1.244380,-0.159510,0.105034,0.771040,-0.406560,0.823155,0.670400,-0.401590,0.436594,0.521110,-0.372880,0.082514,0.642620,-0.397700,0.002734
61.000000,0.774960,-0.312670,0.930885,0.794650,-0.216900,0.815105,0.985520,-0.186660,0.457915,1.109140,-0.172920,0.093774,1.257540,-0.159910,0.107724,0.778490,-0.406000,0.821524,0.675560,-0.401290,0.435695,0.521820,-0.372860,0.083284,0.642610,-0.397740,0.002534
62.000000,0.782650,-0.311990,0.929204,0.802640,-0.216350,0.813395,0.993180,-0.186240,0.456295,1.121100,-0.173500,0.093834,1.269590,-0.160410,0.109624,0.786010,-0.405400,0.819905,0.680950,-0.400990,0.434764,0.522590,-0.372880,0.084134,0.642600,-0.397800,0.002334
63.000000,0.790410,-0.311280,0.927535,0.810710,-0.215730,0.811715,1.001090,-0.185890,0.454795,1.132010,-0.174260,0.093554,1.280540,-0.161010,0.110654,0.793610,-0.404740,0.818295,0.686570,-0.400690,0.433805,0.523430,-0.372940,0.085094,0.642610,-0.397870,0.002135
64.000000,0.798240,-0.310520,0.925875,0.818860,-0.215050,0.810065,1.009260,-0.185640,0.453445,1.141890,-0.175140,0.092894,1.290410,-0.161700,0.110774,0.801290,-0.404010,0.816685,0.692420,-0.400380,0.432815,0.524350,-0.373040,0.086154,0.642620,-0.397960,0.001934
65.000000,0.806150,-0.309720,0.924245,0.827090,-0.214290,0.808465,1.017660,-0.185500,0.452235,1.150780,-0.176120,0.091824,1.299250,-0.162480,0.109944,0.809080,-0.403220,0.815084,0.698520,-0.400070,0.431785,0.525350,-0.373180,0.087324,0.642650,-0.398060,0.001714
66.000000,0.814140,-0.308880,0.922644,0.835390,-0.213470,0.806925,1.026280,-0.185470,0.451175,1.158730,-0.177170,0.090384,1.307110,-0.163340,0.108174,0.816960,-0.402350,0.813505,0.704870,-0.399770,0.430715,0.526450,-0.373370,0.088634,0.642700,-0.398180,0.001484
67.000000,0.822200,-0.308000,0.921084,0.843770,-0.212570,0.805455,1.035090,-0.185550,0.450265,1.165800,-0.178250,0.088584,1.314060,-0.164280,0.105504,0.824960,-0.401420,0.811945,0.711480,-0.399480,0.429605,0.527670,-0.373600,0.090074,0.642780,-0.398300,0.001234
68.000000,0.830340,-0.307080,0.919585,0.852220,-0.211600,0.804065,1.044050,-0.185730,0.449495,1.172070,-0.179330,0.086504,1.320200,-0.165280,0.102014,0.833070,-0.400420,0.810404,0.718380,-0.399210,0.428445,0.529020,-0.373870,0.091654,0.642870,-0.398430,0.000974
69.000000,0.838560,-0.306130,0.918145,0.860720,-0.210560,0.802775,1.053120,-0.185990,0.448855,1.177640,-0.180400,0.084204,1.325620,-0.166340,0.097804,0.841300,-0.399370,0.808914,0.725580,-0.398950,0.427235,0.530550,-0.374180,0.093404,0.642990,-0.398550,0.000694
70.000000,0.846840,-0.305170,0.916785,0.869260,-0.209480,0.801585,1.062260,-0.186320,0.448335,1.182620,-0.181430,0.081784,1.330420,-0.167430,0.093024,0.849620,-0.398260,0.807465,0.733110,-0.398720,0.425975,0.532270,-0.374520,0.095324,0.643130,-0.398670,0.000404
71.000000,0.855190,-0.304190,0.915515,0.877820,-0.208350,0.800515,1.071430,-0.186670,0.447935,1.187120,-0.182370,0.079324,1.334690,-0.168530,0.087804,0.858040,-0.397130,0.806095,0.740980,-0.398510,0.424655,0.534220,-0.374900,0.097414,0.643280,-0.398780,0.000114
72.000000,0.863580,-0.303220,0.914345,0.886380,-0.207180,0.799574,1.080610,-0.187030,0.447655,1.191280,-0.183200,0.076924,1.338530,-0.169610,0.082284,0.866540,-0.395970,0.804814,0.749230,-0.398330,0.423295,0.536440,-0.375300,0.099704,0.643440,-0.398870,-0.000176
73.000000,0.872010,-0.302260,0.913285,0.894920,-0.206010,0.798755,1.089770,-0.187360,0.447485,1.195180,-0.183890,0.074654,1.342000,-0.170640,0.076614,0.875090,-0.394800,0.803635,0.757870,-0.398190,0.421884,0.538990,-0.375720,0.102194,0.643620,-0.398930,-0.000446
74.000000,0.880460,-0.301310,0.912345,0.903420,-0.204820,0.798084,1.098910,-0.187640,0.447435,1.198890,-0.184400,0.072564,1.345160,-0.171590,0.070884,0.883700,-0.393640,0.802565,0.766920,-0.398080,0.420425,0.541890,-0.376150,0.104894,0.643790,-0.398970,-0.000666
75.000000,0.888920,-0.300400,0.911544,0.911880,-0.203650,0.797544,1.108030,-0.187850,0.447505,1.202470,-0.184730,0.070684,1.348050,-0.172440,0.065204,0.892330,-0.392490,0.801615,0.776420,-0.398020,0.418935,0.545190,-0.376590,0.107804,0.643990,-0.398980,-0.000826
76.000000,0.897380,-0.299510,0.910864,0.920290,-0.202490,0.797165,1.117140,-0.187980,0.447685,1.205900,-0.184860,0.069034,1.350680,-0.173170,0.059655,0.900990,-0.391360,0.800795,0.786360,-0.398000,0.417405,0.548940,-0.377040,0.110934,0.644200,-0.398960,-0.000876
77.000000,0.905830,-0.298660,0.910324,0.928650,-0.201340,0.796914,1.126250,-0.188010,0.447995,1.209160,-0.184810,0.067594,1.353080,-0.173770,0.054315,0.909650,-0.390260,0.800104,0.796780,-0.398030,0.415845,0.553170,-0.377480,0.114284,0.644450,-0.398910,-0.000796
78.000000,0.914260,-0.297840,0.909915,0.936950,-0.200210,0.796814,1.135360,-0.187950,0.448395,1.212230,-0.184610,0.066344,1.355240,-0.174230,0.049235,0.918320,-0.389170,0.799535,0.807670,-0.398100,0.414255,0.557930,-0.377920,0.117854,0.644760,-0.398830,-0.000546
79.000000,0.922660,-0.297040,0.909635,0.945210,-0.199100,0.796835,1.144480,-0.187790,0.448885,1.215080,-0.184280,0.065284,1.357190,-0.174560,0.044455,0.926980,-0.388100,0.799065,0.819050,-0.398220,0.412645,0.563230,-0.378330,0.121624,0.645160,-0.398730,-0.000076
80.000000,0.931020,-0.296260,0.909465,0.953440,-0.197990,0.796984,1.153590,-0.187530,0.449435,1.217710,-0.183870,0.064384,1.358930,-0.174770,0.039984,0.935640,-0.387040,0.798694,0.830900,-0.398380,0.411025,0.569100,-0.378730,0.125594,0.645710,-0.398610,0.000644
81.000000,0.939340,-0.295490,0.909394,0.961630,-0.196880,0.797245,1.162660,-0.187180,0.449995,1.220100,-0.183420,0.063614,1.360480,-0.174870,0.035845,0.944280,-0.385980,0.798405,0.843230,-0.398550,0.409375,0.575550,-0.379100,0.129744,0.646450,-0.398480,0.001674
82.000000,0.947620,-0.294710,0.909415,0.969810,-0.195760,0.797594,1.171650,-0.186740,0.450545,1.222270,-0.182960,0.062944,1.361850,-0.174880,0.032054,0.952910,-0.384900,0.798195,0.856000,-0.398740,0.407725,0.582560,-0.379440,0.134065,0.647440,-0.398360,0.003024
83.000000,0.955840,-0.293920,0.909515,0.977970,-0.194630,0.798025,1.180500,-0.186230,0.451035,1.224250,-0.182530,0.062375,1.363050,-0.174830,0.028595,0.961530,-0.383810,0.798034,0.869180,-0.398910,0.406064,0.590140,-0.379750,0.138535,0.648760,-0.398260,0.004724
84.000000,0.964020,-0.293100,0.909685,0.986120,-0.193470,0.798515,1.189150,-0.185660,0.451425,1.226040,-0.182150,0.061864,1.364090,-0.174750,0.025475,0.970110,-0.382690,0.797945,0.882750,-0.399060,0.404415,0.598260,-0.380020,0.143134,0.650480,-0.398190,0.006794
85.000000,0.972150,-0.292250,0.909905,0.994270,-0.192300,0.799055,1.197540,-0.185050,0.451694,1.227660,-0.181850,0.061404,1.364970,-0.174640,0.022704,0.978650,-0.381550,0.797895,0.896660,-0.399160,0.402794,0.606890,-0.380250,0.147854,0.652690,-0.398160,0.009244
86.000000,0.980220,-0.291370,0.910185,1.002400,-0.191110,0.799625,1.205620,-0.184430,0.451825,1.229130,-0.181630,0.060964,1.365710,-0.174520,0.020285,0.987150,-0.380390,0.797914,0.910850,-0.399190,0.401215,0.616010,-0.380450,0.152654,0.655450,-0.398160,0.012064
87.000000,0.988240,-0.290460,0.910505,1.010520,-0.189910,0.800235,1.213340,-0.183820,0.451815,1.230430,-0.181500,0.060555,1.366320,-0.174420,0.018194,0.995590,-0.379210,0.797984,0.925290,-0.399150,0.399715,0.625600,-0.380600,0.157524,0.658860,-0.398220,0.015245
88.000000,0.996210,-0.289520,0.910875,1.018620,-0.188710,0.800864,1.220670,-0.183240,0.451675,1.231580,-0.181490,0.060174,1.366800,-0.174340,0.016425,1.003960,-0.378020,0.798125,0.939900,-0.399020,0.398325,0.635630,-0.380710,0.162424,0.663030,-0.398310,0.018764
89.000000,1.004120,-0.288550,0.911295,1.026690,-0.187520,0.801524,1.227600,-0.182710,0.451414,1.232570,-0.181570,0.059814,1.367160,-0.174280,0.014954,1.012240,-0.376840,0.798335,0.954640,-0.398800,0.397095,0.646100,-0.380780,0.167324,0.668030,-0.398450,0.022585
90.000000,1.011970,-0.287570,0.911764,1.034720,-0.186360,0.802215,1.234130,-0.182260,0.451075,1.233400,-0.181740,0.059504,1.367430,-0.174240,0.013754,1.020430,-0.375680,0.798644,0.969450,-0.398520,0.396065,0.656970,-0.380810,0.172184,0.673960,-0.398630,0.026665
91.000000,1.019770,-0.286590,0.912305,1.042720,-0.185230,0.802945,1.240250,-0.181890,0.450665,1.234090,-0.181990,0.059225,1.367610,-0.174220,0.012785,1.028510,-0.374550,0.799045,0.984270,-0.398180,0.395295,0.668230,-0.380790,0.176964,0.680910,-0.398850,0.030925
92.000000,1.027500,-0.285620,0.912905,1.050660,-0.184160,0.803714,1.246000,-0.181590,0.450225,1.234650,-0.182280,0.058994,1.367720,-0.174210,0.012005,1.036480,-0.373480,0.799565,0.999060,-0.397800,0.394805,0.679890,-0.380730,0.181624,0.688930,-0.399110,0.035275
93.000000,1.035190,-0.284670,0.913594,1.058540,-0.183150,0.804544,1.251370,-0.181360,0.449785,1.235090,-0.182600,0.058824,1.367760,-0.174220,0.011395,1.044330,-0.372460,0.800195,1.013780,-0.397410,0.394655,0.691920,-0.380630,0.186114,0.698030,-0.399400,0.039624
94.000000,1.042820,-0.283760,0.914365,1.066360,-0.182220,0.805445,1.256400,-0.181190,0.449345,1.235420,-0.182930,0.058695,1.367770,-0.174230,0.010905,1.052070,-0.371530,0.800964,1.028420,-0.397010,0.394835,0.704330,-0.380500,0.190375,0.708230,-0.399710,0.043865
95.000000,1.050400,-0.282900,0.915245,1.074110,-0.181380,0.806424,1.261090,-0.181060,0.448914,1.235680,-0.183240,0.058625,1.367730,-0.174250,0.010524,1.059700,-0.370680,0.801875,1.042960,-0.396630,0.395354,0.717130,-0.380340,0.194345,0.719470,-0.400030,0.047905
96.000000,1.057930,-0.282100,0.916235,1.081800,-0.180640,0.807485,1.265470,-0.180950,0.448515,1.235860,-0.183540,0.058595,1.367670,-0.174280,0.010215,1.067230,-0.369920,0.802914,1.057410,-0.396270,0.396225,0.730320,-0.380180,0.197955,0.731710,-0.400330,0.051665
97.000000,1.065420,-0.281360,0.917335,1.089430,-0.179990,0.808644,1.269560,-0.180840,0.448135,1.236000,-0.183820,0.058604,1.367590,-0.174300,0.009975,1.074670,-0.369260,0.804115,1.071780,-0.395930,0.397395,0.743910,-0.380010,0.201164,0.744870,-0.400610,0.055065
98.000000,1.072870,-0.280680,0.918555,1.096990,-0.179440,0.809895,1.273380,-0.180730,0.447785,1.236090,-0.184060,0.058655,1.367490,-0.174320,0.009774,1.082020,-0.368690,0.805445,1.086070,-0.395630,0.398875,0.757880,-0.379860,0.203934,0.758880,-0.400840,0.058064
99.000000,1.080280,-0.280070,0.919895,1.104490,-0.178980,0.811245,1.276950,-0.180610,0.447465,1.236140,-0.184280,0.058735,1.367380,-0.174330,0.009604,1.089300,-0.368220,0.806925,1.100300,-0.395380,0.400605,0.772250,-0.379720,0.206225,0.773660,-0.401020,0.060625
100.000000,1.087660,-0.279530,0.921345,1.111940,-0.178600,0.812685,1.280290,-0.180470,0.447165,1.236170,-0.184460,0.058845,1.367260,-0.174340,0.009454,1.096520,-0.367820,0.808524,1.114470,-0.395160,0.402575,0.786990,-0.379600,0.208034,0.789150,-0.401140,0.062704
101.000000,1.095010,-0.279040,0.922905,1.119330,-0.178300,0.814204,1.283410,-0.180310,0.446895,1.236180,-0.184620,0.058985,1.367130,-0.174340,0.009324,1.103680,-0.367510,0.810254,1.128590,-0.394990,0.404755,0.802070,-0.379500,0.209364,0.805300,-0.401190,0.064324
102.000000,1.102340,-0.278600,0.924555,1.126670,-0.178060,0.815805,1.286320,-0.180130,0.446644,1.236170,-0.184740,0.059134,1.366990,-0.174340,0.009205,1.110790,-0.367250,0.812095,1.142660,-0.394850,0.407095,0.817470,-0.379410,0.210245,0.822050,-0.401170,0.065474
103.000000,1.109640,-0.278210,0.926304,1.133940,-0.177870,0.817465,1.289040,-0.179920,0.446425,1.236140,-0.184840,0.059314,1.366840,-0.174340,0.009104,1.117860,-0.367050,0.814014,1.156670,-0.394730,0.409595,0.833150,-0.379330,0.210674,0.839360,-0.401080,0.066164
104.000000,1.116910,-0.277850,0.928115,1.141160,-0.177720,0.819184,1.291570,-0.179690,0.446225,1.236090,-0.184900,0.059494,1.366690,-0.174330,0.009004,1.124880,-0.366890,0.816014,1.170620,-0.394640,0.412215,0.849090,-0.379250,0.210704,0.857200,-0.400920,0.066424
105.000000,1.124160,-0.277520,0.929995,1.148320,-0.177590,0.820935,1.293920,-0.179450,0.446055,1.236030,-0.184920,0.059695,1.366530,-0.174310,0.008914,1.131880,-0.366750,0.818075,1.184500,-0.394560,0.414944,0.865250,-0.379160,0.210344,0.875530,-0.400710,0.066275
106.000000,1.131400,-0.277210,0.931914,1.155430,-0.177480,0.822715,1.296090,-0.179190,0.445915,1.235950,-0.184930,0.059915,1.366360,-0.174300,0.008824,1.138850,-0.366630,0.820175,1.198300,-0.394490,0.417755,0.881620,-0.379060,0.209604,0.894330,-0.400450,0.065754
107.000000,1.138620,-0.276920,0.933875,1.162490,-0.177380,0.824515,1.298100,-0.178910,0.445785,1.235860,-0.184910,0.060135,1.366190,-0.174280,0.008744,1.145820,-0.366520,0.822304,1.212010,-0.394430,0.420645,0.898190,-0.378950,0.208525,0.913570,-0.400150,0.064894
108.000000,1.145840,-0.276640,0.935844,1.169510,-0.177280,0.826295,1.299960,-0.178630,0.445694,1.235770,-0.184880,0.060364,1.366010,-0.174260,0.008664,1.152790,-0.366430,0.824445,1.225610,-0.394380,0.423585,0.914950,-0.378840,0.207085,0.933230,-0.399830,0.063714
109.000000,1.153040,-0.276370,0.937814,1.176480,-0.177190,0.828064,1.301670,-0.178330,0.445615,1.235660,-0.184850,0.060614,1.365830,-0.174240,0.008584,1.159770,-0.366340,0.826574,1.239110,-0.394330,0.426585,0.931900,-0.378730,0.205314,0.953290,-0.399510,0.062264
110.000000,1.160230,-0.276100,0.939775,1.183420,-0.177090,0.829805,1.303250,-0.178030,0.445555,1.235560,-0.184820,0.060875,1.365650,-0.174220,0.008514,1.166770,-0.366260,0.828705,1.252500,-0.394280,0.429615,0.949050,-0.378640,0.203214,0.973730,-0.399200,0.060574
111.000000,1.167410,-0.275840,0.941715,1.190310,-0.177000,0.831504,1.304730,-0.177720,0.445515,1.235470,-0.184810,0.061144,1.365470,-0.174200,0.008435,1.173790,-0.366180,0.830794,1.265750,-0.394230,0.432685,0.966400,-0.378570,0.200804,0.994520,-0.398910,0.058684
112.000000,1.174580,-0.275590,0.943624,1.197180,-0.176920,0.833164,1.306110,-0.177390,0.445474,1.235390,-0.184830,0.061434,1.365290,-0.174180,0.008355,1.180840,-0.366110,0.832844,1.278870,-0.394170,0.435775,0.983940,-0.378550,0.198104,1.015650,-0.398660,0.056625
113.000000,1.181750,-0.275330,0.945474,1.204020,-0.176830,0.834765,1.307410,-0.177060,0.445465,1.235320,-0.184890,0.061745,1.365130,-0.174170,0.008275,1.187910,-0.366040,0.834844,1.291840,-0.394100,0.438865,1.001670,-0.378560,0.195144,1.037120,-0.398480,0.054425
114.000000,1.188910,-0.275090,0.947275,1.210840,-0.176750,0.836315,1.308650,-0.176720,0.445445,1.235270,-0.185000,0.062065,1.364970,-0.174150,0.008204,1.195020,-0.365990,0.836785,1.304660,-0.394020,0.441945,1.019580,-0.378630,0.191955,1.058890,-0.398370,0.052124
115.000000,1.196060,-0.274850,0.948995,1.217630,-0.176690,0.837785,1.309840,-0.176370,0.445445,1.235240,-0.185150,0.062394,1.364820,-0.174130,0.008124,1.202150,-0.365950,0.838665,1.317300,-0.393930,0.444995,1.037670,-0.378750,0.188564,1.080970,-0.398340,0.049755
116.000000,1.203210,-0.274620,0.950645,1.224400,-0.176640,0.839184,1.311000,-0.176010,0.445445,1.235230,-0.185330,0.062744,1.364690,-0.174120,0.008034,1.209320,-0.365930,0.840465,1.329770,-0.393830,0.448015,1.055950,-0.378930,0.184984,1.103330,-0.398410,0.047335
117.000000,1.210350,-0.274410,0.952195,1.231150,-0.176600,0.840495,1.312150,-0.175640,0.445435,1.235220,-0.185510,0.063084,1.364560,-0.174100,0.007954,1.216510,-0.365930,0.842185,1.342060,-0.393720,0.450975,1.074410,-0.379160,0.181245,1.125980,-0.398580,0.044904
118.000000,1.217470,-0.274220,0.953645,1.237880,-0.176580,0.841715,1.313300,-0.175260,0.445435,1.235210,-0.185690,0.063414,1.364440,-0.174080,0.007874,1.223730,-0.365940,0.843805,1.354160,-0.393600,0.453875,1.093050,-0.379460,0.177364,1.148890,-0.398860,0.042494
119.000000,1.224580,-0.274030,0.954975,1.244580,-0.176580,0.842835,1.314450,-0.174870,0.445415,1.235200,-0.185860,0.063734,1.364330,-0.174060,0.007794,1.230950,-0.365970,0.845314,1.366070,-0.393470,0.456705,1.111880,-0.379820,0.173354,1.172050,-0.399230,0.040125
120.000000,1.231670,-0.273870,0.956184,1.251260,-0.176590,0.843844,1.315630,-0.174490,0.445385,1.235180,-0.186010,0.064054,1.364230,-0.174040,0.007715,1.238180,-0.366010,0.846704,1.377780,-0.393320,0.459455,1.130900,-0.380240,0.169234,1.195450,-0.399720,0.037815
121.000000,1.238740,-0.273720,0.957255,1.257920,-0.176610,0.844735,1.316830,-0.174110,0.445345,1.235140,-0.186140,0.064344,1.364130,-0.174010,0.007625,1.245400,-0.366060,0.847944,1.389310,-0.393170,0.462105,1.150120,-0.380720,0.165024,1.219060,-0.400300,0.035575
122.000000,1.245780,-0.273590,0.958195,1.264550,-0.176640,0.845504,1.318070,-0.173760,0.445285,1.235100,-0.186260,0.064634,1.364030,-0.173980,0.007534,1.252610,-0.366130,0.849055,1.400640,-0.393000,0.464645,1.169530,-0.381260,0.160735,1.242870,-0.400980,0.033445
123.000000,1.252800,-0.273480,0.958985,1.271160,-0.176680,0.846155,1.319340,-0.173420,0.445205,1.235050,-0.186360,0.064904,1.363930,-0.173950,0.007444,1.259810,-0.366200,0.850015,1.411780,-0.392820,0.467064,1.189140,-0.381860,0.156374,1.266870,-0.401750,0.031434
124.000000,1.259790,-0.273390,0.959635,1.277740,-0.176730,0.846665,1.320650,-0.173110,0.445115,1.234980,-0.186440,0.065165,1.363830,-0.173910,0.007354,1.266990,-0.366270,0.850815,1.422740,-0.392630,0.469355,1.208970,-0.382510,0.151965,1.291050,-0.402590,0.029565
125.000000,1.266750,-0.273320,0.960135,1.284290,-0.176780,0.847044,1.321990,-0.172840,0.445005,1.234910,-0.186530,0.065404,1.363730,-0.173880,0.007264,1.274150,-0.366360,0.851465,1.433500,-0.392440,0.471485,1.229040,-0.383200,0.147504,1.315400,-0.403490,0.027854
126.000000,1.273690,-0.273270,0.960495,1.290810,-0.176850,0.847295,1.323380,-0.172600,0.444875,1.234830,-0.186610,0.065644,1.363620,-0.173840,0.007164,1.281300,-0.366450,0.851965,1.444060,-0.392250,0.473455,1.249340,-0.383930,0.143034,1.339910,-0.404460,0.026334
127.000000,1.280600,-0.273240,0.960705,1.297310,-0.176920,0.847415,1.324800,-0.172390,0.444725,1.234750,-0.186690,0.065864,1.363520,-0.173810,0.007054,1.288420,-0.366540,0.852305,1.454420,-0.392070,0.475224,1.269890,-0.384680,0.138565,1.364560,-0.405470,0.025035
128.000000,1.287490,-0.273230,0.960785,1.303780,-0.176990,0.847405,1.326280,-0.172210,0.444545,1.234680,-0.186770,0.066084,1.363430,-0.173780,0.006945,1.295530,-0.366640,0.852504,1.464580,-0.391890,0.476805,1.290680,-0.385480,0.134114,1.389340,-0.406530,0.023974
129.000000,1.294360,-0.273250,0.960724,1.310240,-0.177080,0.847275,1.327810,-0.172030,0.444335,1.234620,-0.186870,0.066294,1.363330,-0.173760,0.006834,1.302620,-0.366750,0.852554,1.474540,-0.391730,0.478175,1.311700,-0.386310,0.129714,1.414240,-0.407640,0.023185
130.000000,1.301220,-0.273300,0.960545,1.316680,-0.177180,0.847025,1.329410,-0.171850,0.444085,1.234580,-0.186980,0.066504,1.363240,-0.173750,0.006704,1.309690,-0.366870,0.852455,1.484310,-0.391580,0.479315,1.332920,-0.387190,0.125414,1.439240,-0.408770,0.022694
131.000000,1.308060,-0.273380,0.960225,1.323110,-0.177290,0.846665,1.331060,-0.171670,0.443805,1.234550,-0.187100,0.066714,1.363150,-0.173740,0.006584,1.316770,-0.367000,0.852225,1.493890,-0.391440,0.480235,1.354320,-0.388140,0.121234,1.464310,-0.409930,0.022524
132.000000,1.314880,-0.273490,0.959805,1.329540,-0.177420,0.846195,1.332780,-0.171480,0.443474,1.234540,-0.187240,0.066914,1.363060,-0.173740,0.006444,1.323840,-0.367140,0.851865,1.503280,-0.391310,0.480915,1.375880,-0.389150,0.117194,1.489440,-0.411090,0.022684
133.000000,1.321710,-0.273630,0.959265,1.335970,-0.177560,0.845625,1.334560,-0.171300,0.443105,1.234550,-0.187390,0.067114,1.362970,-0.173740,0.006305,1.330910,-0.367300,0.851375,1.512490,-0.391200,0.481365,1.397570,-0.390210,0.113354,1.514610,-0.412260,0.023214
134.000000,1.328530,-0.273800,0.958615,1.342420,-0.177720,0.844955,1.336410,-0.171110,0.442705,1.234580,-0.187560,0.067314,1.362880,-0.173740,0.006164,1.338000,-0.367470,0.850765,1.521520,-0.391090,0.481565,1.419340,-0.391340,0.109714,1.539770,-0.413400,0.024125
135.000000,1.335350,-0.274010,0.957865,1.348890,-0.177900,0.844205,1.338310,-0.170920,0.442265,1.234620,-0.187740,0.067514,1.362790,-0.173740,0.006024,1.345100,-0.367660,0.850035,1.530380,-0.390990,0.481535,1.441180,-0.392530,0.106324,1.564910,-0.414520,0.025445
136.000000,1.342190,-0.274240,0.957014,1.355380,-0.178090,0.843375,1.340280,-0.170740,0.441795,1.234680,-0.187940,0.067724,1.362700,-0.173740,0.005884,1.352230,-0.367870,0.849195,1.539050,-0.390900,0.481274,1.463040,-0.393760,0.103214,1.589970,-0.415620,0.027174
137.000000,1.349050,-0.274510,0.956075,1.361910,-0.178300,0.842465,1.342300,-0.170570,0.441305,1.234760,-0.188150,0.067934,1.362610,-0.173730,0.005744,1.359390,-0.368090,0.848255,1.547550,-0.390830,0.480785,1.484890,-0.395030,0.100394,1.614930,-0.416680,0.029354
138.000000,1.355940,-0.274800,0.955055,1.368480,-0.178530,0.841495,1.344390,-0.170410,0.440785,1.234850,-0.188370,0.068154,1.362530,-0.173710,0.005614,1.366580,-0.368330,0.847225,1.555880,-0.390770,0.480065,1.506700,-0.396340,0.097894,1.639740,-0.417710,0.031975
139.000000,1.362850,-0.275120,0.953944,1.375100,-0.178780,0.840454,1.346540,-0.170260,0.440265,1.234960,-0.188610,0.068374,1.362450,-0.173690,0.005484,1.373820,-0.368580,0.846094,1.564040,-0.390740,0.479145,1.528440,-0.397650,0.095724,1.664340,-0.418710,0.035055
140.000000,1.369800,-0.275470,0.952755,1.381760,-0.179030,0.839355,1.348770,-0.170130,0.439725,1.235080,-0.188860,0.068614,1.362370,-0.173660,0.005364,1.381110,-0.368850,0.844874,1.572050,-0.390750,0.478015,1.550080,-0.398970,0.093904,1.688680,-0.419670,0.038585
141.000000,1.376780,-0.275830,0.951495,1.388490,-0.179310,0.838195,1.351080,-0.170020,0.439175,1.235230,-0.189120,0.068864,1.362300,-0.173620,0.005245,1.388450,-0.369130,0.843565,1.579920,-0.390800,0.476695,1.571590,-0.400270,0.092434,1.712700,-0.420600,0.042564
142.000000,1.383800,-0.276220,0.950164,1.395270,-0.179590,0.836994,1.353470,-0.169930,0.438625,1.235400,-0.189390,0.069124,1.362230,-0.173580,0.005124,1.395850,-0.369410,0.842185,1.587650,-0.390900,0.475205,1.592930,-0.401530,0.091334,1.736350,-0.421490,0.046984
143.000000,1.390870,-0.276630,0.948775,1.402120,-0.179880,0.835735,1.355960,-0.169870,0.438075,1.235600,-0.189660,0.069394,1.362170,-0.173530,0.005004,1.403310,-0.369700,0.840724,1.595270,-0.391050,0.473555,1.614060,-0.402740,0.090594,1.759550,-0.422330,0.051805
144.000000,1.397990,-0.277060,0.947325,1.409030,-0.180170,0.834434,1.358570,-0.169830,0.437515,1.235830,-0.189940,0.069684,1.362110,-0.173490,0.004884,1.410830,-0.370000,0.839205,1.602790,-0.391270,0.471784,1.634920,-0.403860,0.090214,1.782250,-0.423120,0.056994
145.000000,1.405150,-0.277500,0.945825,1.416010,-0.180470,0.833095,1.361300,-0.169820,0.436965,1.236100,-0.190210,0.069994,1.362060,-0.173450,0.004764,1.418420,-0.370290,0.837604,1.610230,-0.391560,0.469895,1.655450,-0.404890,0.090174,1.804360,-0.423860,0.062495
146.000000,1.412370,-0.277960,0.944265,1.423050,-0.180760,0.831715,1.364170,-0.169840,0.436395,1.236410,-0.190490,0.070314,1.362010,-0.173410,0.004634,1.426070,-0.370590,0.835944,1.617610,-0.391920,0.467935,1.675590,-0.405790,0.090444,1.825830,-0.424520,0.068234
147.000000,1.419640,-0.278430,0.942665,1.430170,-0.181060,0.830295,1.367200,-0.169880,0.435814,1.236750,-0.190760,0.070664,1.361970,-0.173370,0.004494,1.433780,-0.370880,0.834234,1.624970,-0.392340,0.465915,1.695250,-0.406550,0.091014,1.846580,-0.425120,0.074134
148.000000,1.426960,-0.278920,0.941025,1.437330,-0.181360,0.828835,1.370410,-0.169960,0.435225,1.237140,-0.191020,0.071034,1.361940,-0.173340,0.004354,1.441560,-0.371180,0.832465,1.632330,-0.392810,0.463875,1.714370,-0.407160,0.091824,1.866540,-0.425640,0.080084
149.000000,1.434340,-0.279410,0.939345,1.444550,-0.181670,0.827345,1.373820,-0.170050,0.434605,1.237560,-0.191270,0.071434,1.361910,-0.173310,0.004204,1.449390,-0.371480,0.830655,1.639720,-0.393330,0.461835,1.732870,-0.407610,0.092824,1.885650,-0.426070,0.085994
150.000000,1.441770,-0.279930,0.937624,1.451820,-0.181990,0.825825,1.377430,-0.170180,0.433965,1.238010,-0.191500,0.071874,1.361890,-0.173280,0.004054,1.457270,-0.371780,0.828805,1.647180,-0.393870,0.459835,1.750680,-0.407880,0.093954,1.903850,-0.426420,0.091734
151.000000,1.449250,-0.280460,0.935885,1.459130,-0.182320,0.824275,1.381260,-0.170330,0.433275,1.238480,-0.191710,0.072344,1.361870,-0.173260,0.003894,1.465210,-0.372100,0.826925,1.654740,-0.394410,0.457895,1.767720,-0.407990,0.095144,1.921100,-0.426680,0.097174
152.000000,1.456790,-0.281010,0.934125,1.466480,-0.182680,0.822694,1.385330,-0.170500,0.432555,1.238980,-0.191890,0.072874,1.361870,-0.173230,0.003724,1.473200,-0.372440,0.825025,1.662440,-0.394930,0.456055,1.783930,-0.407920,0.096314,1.937330,-0.426840,0.102194
153.000000,1.464380,-0.281580,0.932365,1.473860,-0.183070,0.821095,1.389630,-0.170700,0.431775,1.239500,-0.192060,0.073454,1.361870,-0.173220,0.003564,1.481240,-0.372810,0.823114,1.670320,-0.395410,0.454335,1.799240,-0.407690,0.097374,1.952530,-0.426910,0.106674
154.000000,1.472010,-0.282180,0.930585,1.481270,-0.183490,0.819474,1.394180,-0.170920,0.430945,1.240040,-0.192190,0.074094,1.361870,-0.173200,0.003394,1.489320,-0.373210,0.821215,1.678400,-0.395830,0.452744,1.813590,-0.407290,0.098244,1.966650,-0.426890,0.110484
155.000000,1.479700,-0.282800,0.928825,1.488710,-0.183970,0.817835,1.398960,-0.171160,0.430055,1.240610,-0.192290,0.074804,1.361880,-0.173190,0.003224,1.497450,-0.373660,0.819334,1.686700,-0.396150,0.451315,1.826960,-0.406750,0.098854,1.979680,-0.426750,0.113524
156.000000,1.487440,-0.283440,0.927075,1.496200,-0.184490,0.816195,1.403990,-0.171420,0.429104,1.241220,-0.192370,0.075584,1.361900,-0.173180,0.003054,1.505640,-0.374150,0.817485,1.695240,-0.396370,0.450055,1.839300,-0.406050,0.099114,1.991630,-0.426510,0.115704
157.000000,1.495240,-0.284120,0.925354,1.503730,-0.185080,0.814555,1.409250,-0.171710,0.428095,1.241870,-0.192420,0.076464,1.361930,-0.173180,0.002884,1.513870,-0.374700,0.815685,1.704030,-0.396480,0.448974,1.850600,-0.405210,0.098994,2.002520,-0.426160,0.116954
158.000000,1.503100,-0.284830,0.923664,1.511310,-0.185740,0.812925,1.414750,-0.172020,0.427044,1.242590,-0.192430,0.077444,1.361950,-0.173170,0.002714,1.522170,-0.375320,0.813945,1.713060,-0.396470,0.448075,1.860870,-0.404250,0.098444,2.012370,-0.425680,0.117234
159.000000,1.511020,-0.285560,0.922025,1.518960,-0.186460,0.811304,1.420490,-0.172360,0.425934,1.243370,-0.192430,0.078524,1.361990,-0.173170,0.002544,1.530530,-0.376000,0.812295,1.722320,-0.396350,0.447345,1.870140,-0.403150,0.097464,2.021240,-0.425080,0.116534
160.000000,1.519020,-0.286330,0.920435,1.526680,-0.187250,0.809705,1.426470,-0.172710,0.424785,1.244240,-0.192400,0.079724,1.362020,-0.173160,0.002364,1.538960,-0.376740,0.810725,1.731770,-0.396130,0.446754,1.878440,-0.401940,0.096074,2.029200,-0.424330,0.114874
161.000000,1.527080,-0.287130,0.918905,1.534490,-0.188100,0.808134,1.432700,-0.173090,0.423595,1.245220,-0.192360,0.081064,1.362070,-0.173160,0.002184,1.547460,-0.377550,0.809254,1.741370,-0.395830,0.446305,1.885850,-0.400630,0.094324,2.036320,-0.423460,0.112284
162.000000,1.535230,-0.287950,0.917444,1.542400,-0.189020,0.806605,1.439190,-0.173480,0.422375,1.246320,-0.192300,0.082534,1.362110,-0.173160,0.001994,1.556030,-0.378420,0.807885,1.751070,-0.395460,0.445955,1.892470,-0.399240,0.092274,2.042710,-0.422440,0.108864
163.000000,1.543450,-0.288790,0.916054,1.550400,-0.189990,0.805125,1.445950,-0.173890,0.421115,1.247580,-0.192240,0.084164,1.362170,-0.173150,0.001804,1.564660,-0.379340,0.806635,1.760820,-0.395060,0.445694,1.898380,-0.397800,0.090014,2.048450,-0.421310,0.104694
164.000000,1.551740,-0.289660,0.914755,1.558500,-0.191000,0.803694,1.453010,-0.174310,0.419834,1.249020,-0.192170,0.085954,1.362230,-0.173160,0.001614,1.573350,-0.380310,0.805485,1.770570,-0.394660,0.445495,1.903720,-0.396360,0.087624,2.053640,-0.420070,0.099894
165.000000,1.560100,-0.290540,0.913535,1.566690,-0.192050,0.802335,1.460370,-0.174740,0.418545,1.250670,-0.192090,0.087914,1.362290,-0.173160,0.001434,1.582090,-0.381310,0.804455,1.780270,-0.394290,0.445345,1.908610,-0.394970,0.085214,2.058360,-0.418750,0.094614
166.000000,1.568520,-0.291430,0.912415,1.574970,-0.193130,0.801055,1.468060,-0.175170,0.417245,1.252560,-0.192000,0.090054,1.362360,-0.173180,0.001254,1.590870,-0.382340,0.803524,1.789880,-0.393970,0.445225,1.913160,-0.393670,0.082864,2.062690,-0.417390,0.088984
167.000000,1.576990,-0.292330,0.911394,1.583330,-0.194220,0.799855,1.476100,-0.175590,0.415935,1.254720,-0.191910,0.092394,1.362440,-0.173190,0.001104,1.599680,-0.383390,0.802705,1.799390,-0.393740,0.445155,1.917490,-0.392530,0.080634,2.066680,-0.416030,0.083124
168.000000,1.585490,-0.293220,0.910485,1.591750,-0.195310,0.798735,1.484510,-0.176010,0.414625,1.257190,-0.191820,0.094924,1.362520,-0.173220,0.000984,1.608500,-0.384440,0.802005,1.808760,-0.393600,0.445125,1.921650,-0.391580,0.078584,2.070370,-0.414720,0.077184
169.000000,1.594020,-0.294110,0.909685,1.600230,-0.196410,0.797725,1.493310,-0.176420,0.413315,1.260000,-0.191720,0.097674,1.362610,-0.173250,0.000914,1.617320,-0.385500,0.801415,1.818010,-0.393580,0.445135,1.925680,-0.390870,0.076744,2.073770,-0.413510,0.071254
170.000000,1.602560,-0.295000,0.908995,1.608750,-0.197510,0.796795,1.502510,-0.176810,0.412004,1.263170,-0.191620,0.100644,1.362710,-0.173300,0.000924,1.626140,-0.386570,0.800955,1.827130,-0.393670,0.445215,1.929570,-0.390400,0.075114,2.076900,-0.412430,0.065444
171.000000,1.611100,-0.295870,0.908435,1.617310,-0.198610,0.795975,1.512150,-0.177180,0.410695,1.266750,-0.191530,0.103854,1.362830,-0.173350,0.001034,1.634940,-0.387630,0.800605,1.836140,-0.393870,0.445364,1.933270,-0.390170,0.073674,2.079740,-0.411510,0.059824
172.000000,1.619630,-0.296730,0.907984,1.625900,-0.199710,0.795245,1.522230,-0.177530,0.409385,1.270750,-0.191440,0.107294,1.362990,-0.173420,0.001274,1.643710,-0.388700,0.800395,1.845050,-0.394180,0.445584,1.936720,-0.390160,0.072414,2.082310,-0.410790,0.054475
173.000000,1.628140,-0.297570,0.907645,1.634500,-0.200820,0.794615,1.532760,-0.177850,0.408064,1.275210,-0.191370,0.110984,1.363200,-0.173510,0.001674,1.652460,-0.389780,0.800324,1.853880,-0.394590,0.445885,1.939860,-0.390340,0.071304,2.084610,-0.410260,0.049445
174.000000,1.636610,-0.298400,0.907424,1.643120,-0.201950,0.794075,1.543760,-0.178140,0.406734,1.280150,-0.191310,0.114904,1.363500,-0.173620,0.002284,1.661170,-0.390880,0.800395,1.862640,-0.395060,0.446265,1.942660,-0.390660,0.070324,2.086640,-0.409910,0.044744
175.000000,1.645050,-0.299230,0.907324,1.651740,-0.203100,0.793625,1.555230,-0.178390,0.405395,1.285590,-0.191270,0.119074,1.363930,-0.173750,0.003124,1.669840,-0.392000,0.800615,1.871320,-0.395600,0.446705,1.945100,-0.391080,0.069454,2.088420,-0.409720,0.040405
176.000000,1.653440,-0.300050,0.907315,1.660350,-0.204270,0.793265,1.567150,-0.178590,0.404035,1.291550,-0.191240,0.123474,1.364550,-0.173910,0.004244,1.678460,-0.393140,0.800964,1.879900,-0.396180,0.447175,1.947220,-0.391560,0.068694,2.089970,-0.409670,0.036444
177.000000,1.661770,-0.300870,0.907415,1.668940,-0.205470,0.792984,1.579530,-0.178740,0.402665,1.298020,-0.191230,0.128095,1.365410,-0.174100,0.005664,1.687030,-0.394310,0.801455,1.888360,-0.396790,0.447655,1.949040,-0.392060,0.068014,2.091300,-0.409700,0.032844
178.000000,1.670050,-0.301710,0.907605,1.677510,-0.206710,0.792785,1.592340,-0.178850,0.401285,1.305010,-0.191230,0.132914,1.366570,-0.174310,0.007415,1.695540,-0.395520,0.802055,1.896650,-0.397410,0.448125,1.950600,-0.392530,0.067424,2.092430,-0.409790,0.029604
179.000000,1.678270,-0.302550,0.907865,1.686040,-0.207970,0.792655,1.605560,-0.178920,0.399904,1.312510,-0.191250,0.137925,1.368110,-0.174550,0.009524,1.703990,-0.396750,0.802775,1.904720,-0.398020,0.448545,1.951950,-0.392960,0.066904,2.093380,-0.409900,0.026724
180.000000,1.686420,-0.303420,0.908215,1.694520,-0.209260,0.792594,1.619140,-0.178960,0.398535,1.320530,-0.191290,0.143094,1.370090,-0.174830,0.011974,1.712370,-0.398000,0.803574,1.912530,-0.398620,0.448905,1.953100,-0.393310,0.066444,2.094170,-0.410020,0.024195
181.000000,1.694510,-0.304310,0.908625,1.702940,-0.210570,0.792614,1.633040,-0.178990,0.397195,1.329060,-0.191370,0.148394,1.372600,-0.175140,0.014794,1.720690,-0.399270,0.804445,1.920030,-0.399200,0.449165,1.954100,-0.393560,0.066044,2.094820,-0.410130,0.021985
182.000000,1.702530,-0.305220,0.909104,1.711280,-0.211900,0.792705,1.647220,-0.179040,0.395925,1.338090,-0.191500,0.153784,1.375690,-0.175500,0.017975,1.728920,-0.400550,0.805374,1.927200,-0.399750,0.449345,1.954980,-0.393710,0.065694,2.095350,-0.410220,0.020085
183.000000,1.710480,-0.306160,0.909635,1.719540,-0.213230,0.792855,1.661620,-0.179100,0.394744,1.347620,-0.191680,0.159214,1.379450,-0.175910,0.021485,1.737090,-0.401830,0.806345,1.934010,-0.400270,0.449435,1.955770,-0.393750,0.065384,2.095770,-0.410280,0.018465
184.000000,1.718360,-0.307130,0.910224,1.727710,-0.214560,0.793095,1.676170,-0.179210,0.393695,1.357620,-0.191920,0.164664,1.383950,-0.176370,0.025305,1.745170,-0.403110,0.807335,1.940450,-0.400760,0.449435,1.956480,-0.393710,0.065124,2.096090,-0.410320,0.017105
185.000000,1.726160,-0.308110,0.910864,1.735780,-0.215870,0.793395,1.690830,-0.179380,0.392825,1.368070,-0.192220,0.170074,1.389270,-0.176900,0.029394,1.753180,-0.404380,0.808345,1.946530,-0.401230,0.449365,1.957130,-0.393580,0.064904,2.096330,-0.410330,0.015964
186.000000,1.733890,-0.309100,0.911564,1.743750,-0.217170,0.793785,1.705540,-0.179600,0.392175,1.378930,-0.192580,0.175434,1.395480,-0.177500,0.033704,1.761100,-0.405630,0.809365,1.952260,-0.401660,0.449235,1.957750,-0.393400,0.064724,2.096500,-0.410330,0.015024
187.000000,1.741550,-0.310110,0.912315,1.751610,-0.218440,0.794265,1.720250,-0.179890,0.391785,1.390200,-0.192980,0.180684,1.402650,-0.178170,0.038185,1.768960,-0.406850,0.810385,1.957660,-0.402080,0.449075,1.958350,-0.393180,0.064574,2.096600,-0.410310,0.014254
188.000000,1.749140,-0.311110,0.913125,1.759380,-0.219670,0.794825,1.734910,-0.180240,0.391675,1.401840,-0.193430,0.185784,1.410800,-0.178920,0.042735,1.776730,-0.408050,0.811424,1.962750,-0.402470,0.448895,1.958910,-0.392950,0.064464,2.096650,-0.410280,0.013625
189.000000,1.756660,-0.312100,0.914004,1.767050,-0.220870,0.795485,1.749500,-0.180640,0.391885,1.413830,-0.193920,0.190694,1.419970,-0.179750,0.047285,1.784430,-0.409200,0.812474,1.967540,-0.402860,0.448705,1.959440,-0.392710,0.064374,2.096660,-0.410250,0.013105
190.000000,1.764130,-0.313070,0.914955,1.774630,-0.222020,0.796245,1.764000,-0.181090,0.392425,1.426180,-0.194450,0.195375,1.430140,-0.180670,0.051764,1.792060,-0.410320,0.813555,1.972070,-0.403250,0.448515,1.959940,-0.392500,0.064324,2.096630,-0.410230,0.012685
191.000000,1.771530,-0.314020,0.915975,1.782130,-0.223120,0.797104,1.778380,-0.181580,0.393285,1.438860,-0.195010,0.199755,1.441280,-0.181680,0.056094,1.799620,-0.411400,0.814665,1.976350,-0.403660,0.448335,1.960390,-0.392310,0.064294,2.096570,-0.410230,0.012335
192.000000,1.778890,-0.314930,0.917084,1.789570,-0.224170,0.798084,1.792640,-0.182090,0.394475,1.451860,-0.195580,0.203804,1.453320,-0.182780,0.060195,1.807110,-0.412420,0.815825,1.980400,-0.404080,0.448165,1.960790,-0.392170,0.064284,2.096490,-0.410230,0.012044
193.000000,1.786210,-0.315820,0.918274,1.796940,-0.225160,0.799175,1.806800,-0.182610,0.395964,1.465190,-0.196170,0.207484,1.466190,-0.183960,0.064004,1.814540,-0.413400,0.817034,1.984230,-0.404540,0.447995,1.961140,-0.392070,0.064294,2.096380,-0.410250,0.011804
194.000000,1.793490,-0.316670,0.919555,1.804270,-0.226100,0.800385,1.820860,-0.183140,0.397735,1.478830,-0.196760,0.210775,1.479810,-0.185210,0.067474,1.821910,-0.414320,0.818315,1.987830,-0.405030,0.447835,1.961430,-0.392020,0.064324,2.096270,-0.410280,0.011595
195.000000,1.800750,-0.317480,0.920934,1.811560,-0.226970,0.801714,1.834840,-0.183670,0.399745,1.492760,-0.197370,0.213654,1.494110,-0.186520,0.070564,1.829210,-0.415190,0.819655,1.991220,-0.405570,0.447675,1.961680,-0.392030,0.064374,2.096130,-0.410320,0.011405
196.000000,1.807990,-0.318250,0.922395,1.818830,-0.227770,0.803165,1.848750,-0.184180,0.401965,1.506970,-0.197990,0.216124,1.509020,-0.187870,0.073244,1.836460,-0.416000,0.821064,1.994400,-0.406160,0.447525,1.961870,-0.392100,0.064444,2.095990,-0.410380,0.011245
197.000000,1.815200,-0.318990,0.923955,1.826080,-0.228510,0.804735,1.862610,-0.184680,0.404375,1.521430,-0.198630,0.218194,1.524480,-0.189250,0.075494,1.843660,-0.416750,0.822545,1.997360,-0.406790,0.447375,1.962000,-0.392220,0.064524,2.095840,-0.410450,0.011104
198.000000,1.822410,-0.319700,0.925585,1.833320,-0.229190,0.806415,1.876420,-0.185170,0.406945,1.536130,-0.199310,0.219884,1.540450,-0.190640,0.077314,1.850790,-0.417450,0.824084,2.000100,-0.407470,0.447235,1.962090,-0.392380,0.064624,2.095680,-0.410520,0.010964
199.000000,1.829610,-0.320370,0.927295,1.840550,-0.229800,0.808195,1.890170,-0.185640,0.409635,1.551050,-0.200040,0.221185,1.556880,-0.192020,0.078704,1.857870,-0.418090,0.825674,2.002650,-0.408170,0.447105,1.962120,-0.392570,0.064754,2.095510,-0.410600,0.010844
200.000000,1.836790,-0.321010,0.929075,1.847770,-0.230350,0.810065,1.903870,-0.186110,0.412445,1.566180,-0.200830,0.222104,1.573740,-0.193380,0.079674,1.864890,-0.418680,0.827315,2.005000,-0.408890,0.446995,1.962100,-0.392800,0.064904,2.095350,-0.410680,0.010725
201.000000,1.843970,-0.321630,0.930905,1.854990,-0.230840,0.811995,1.917500,-0.186570,0.415345,1.581490,-0.201680,0.222664,1.591020,-0.194700,0.080244,1.871840,-0.419220,0.828994,2.007180,-0.409620,0.446915,1.962030,-0.393040,0.065074,2.095180,-0.410760,0.010614
202.000000,1.851140,-0.322220,0.932775,1.862200,-0.231280,0.813995,1.931050,-0.187040,0.418325,1.596970,-0.202580,0.222854,1.608700,-0.195960,0.080434,1.878740,-0.419720,0.830695,2.009200,-0.410320,0.446855,1.961920,-0.393300,0.065274,2.095000,-0.410850,0.010514
203.000000,1.858300,-0.322790,0.934675,1.869400,-0.231670,0.816034,1.944520,-0.187490,0.421355,1.612620,-0.203520,0.222684,1.626760,-0.197150,0.080264,1.885570,-0.420160,0.832404,2.011070,-0.411010,0.446825,1.961770,-0.393550,0.065504,2.094830,-0.410930,0.010415
204.000000,1.865460,-0.323340,0.936594,1.876600,-0.232000,0.818095,1.957890,-0.187950,0.424435,1.628410,-0.204500,0.222164,1.645190,-0.198260,0.079764,1.892340,-0.420570,0.834105,2.012810,-0.411670,0.446825,1.961590,-0.393810,0.065754,2.094660,-0.411020,0.010315
205.000000,1.872610,-0.323870,0.938505,1.883790,-0.232300,0.820155,1.971160,-0.188400,0.427544,1.644350,-0.205500,0.221295,1.663980,-0.199270,0.078964,1.899060,-0.420930,0.835794,2.014440,-0.412290,0.446845,1.961400,-0.394060,0.066034,2.094480,-0.411110,0.010215
206.000000,1.879750,-0.324380,0.940395,1.890980,-0.232550,0.822215,1.984330,-0.188850,0.430675,1.660430,-0.206510,0.220084,1.683100,-0.200180,0.077894,1.905720,-0.421260,0.837445,2.015970,-0.412880,0.446895,1.961190,-0.394290,0.066334,2.094310,-0.411200,0.010125
207.000000,1.886880,-0.324880,0.942265,1.898160,-0.232770,0.824245,1.997370,-0.189290,0.433815,1.676640,-0.207520,0.218545,1.702550,-0.200960,0.076574,1.912320,-0.421560,0.839064,2.017410,-0.413440,0.446945,1.960990,-0.394510,0.066654,2.094130,-0.411290,0.010035
208.000000,1.894000,-0.325360,0.944095,1.905340,-0.232960,0.826234,2.010300,-0.189720,0.436945,1.692990,-0.208500,0.216685,1.722320,-0.201620,0.075034,1.918890,-0.421830,0.840624,2.018780,-0.413970,0.447015,1.960790,-0.394710,0.066984,2.093960,-0.411370,0.009934
209.000000,1.901110,-0.325820,0.945864,1.912520,-0.233120,0.828164,2.023090,-0.190130,0.440075,1.709490,-0.209460,0.214504,1.742390,-0.202140,0.073304,1.925410,-0.422060,0.842125,2.020090,-0.414470,0.447095,1.960610,-0.394880,0.067314,2.093800,-0.411450,0.009834
210.000000,1.908210,-0.326260,0.947565,1.919700,-0.233260,0.830035,2.035740,-0.190530,0.443165,1.726140,-0.210380,0.212034,1.762740,-0.202520,0.071404,1.931900,-0.422280,0.843554,2.021360,-0.414940,0.447185,1.960460,-0.395020,0.067664,2.093630,-0.411530,0.009735
211.000000,1.915290,-0.326690,0.949205,1.926870,-0.233370,0.831824,2.048240,-0.190910,0.446235,1.742960,-0.211230,0.209244,1.783380,-0.202750,0.069364,1.938360,-0.422470,0.844915,2.022610,-0.415390,0.447265,1.960330,-0.395140,0.068004,2.093480,-0.411600,0.009624
212.000000,1.922350,-0.327090,0.950744,1.934050,-0.233460,0.833525,2.060600,-0.191270,0.449255,1.759970,-0.212010,0.206154,1.804300,-0.202850,0.067204,1.944790,-0.422630,0.846175,2.023850,-0.415820,0.447355,1.960230,-0.395230,0.068354,2.093330,-0.411660,0.009514
213.000000,1.929400,-0.327480,0.952205,1.941230,-0.233540,0.835135,2.072800,-0.191620,0.452235,1.777200,-0.212700,0.202755,1.825500,-0.202800,0.064964,1.951210,-0.422780,0.847345,2.025100,-0.416230,0.447445,1.960160,-0.395300,0.068704,2.093190,-0.411720,0.009395
214.000000,1.936420,-0.327840,0.953565,1.948400,-0.233610,0.836645,2.084840,-0.191950,0.455155,1.794650,-0.213300,0.199074,1.846960,-0.202620,0.062664,1.957610,-0.422920,0.848425,2.026350,-0.416620,0.447535,1.960130,-0.395350,0.069044,2.093060,-0.411770,0.009274
215.000000,1.943420,-0.328190,0.954825,1.955570,-0.233660,0.838044,2.096710,-0.192280,0.458005,1.812340,-0.213810,0.195134,1.868690,-0.202310,0.060335,1.963990,-0.423030,0.849395,2.027630,-0.417000,0.447615,1.960120,-0.395370,0.069384,2.092930,-0.411810,0.009154
216.000000,1.950390,-0.328510,0.955964,1.962740,-0.233710,0.839325,2.108420,-0.192590,0.460785,1.830250,-0.214230,0.190985,1.890670,-0.201860,0.058004,1.970370,-0.423130,0.850264,2.028920,-0.417360,0.447694,1.960140,-0.395390,0.069724,2.092810,-0.411850,0.009024
217.000000,1.957350,-0.328810,0.956994,1.969900,-0.233740,0.840495,2.119960,-0.192890,0.463475,1.848380,-0.214570,0.186655,1.912910,-0.201290,0.055684,1.976730,-0.423220,0.851015,2.030230,-0.417710,0.447775,1.960190,-0.395380,0.070054,2.092710,-0.411890,0.008885
218.000000,1.964270,-0.329100,0.957915,1.977050,-0.233770,0.841545,2.131320,-0.193180,0.466065,1.866740,-0.214840,0.182184,1.935380,-0.200600,0.053424,1.983080,-0.423300,0.851654,2.031550,-0.418030,0.447845,1.960270,-0.395370,0.070374,2.092600,-0.411920,0.008754
219.000000,1.971180,-0.329370,0.958715,1.984190,-0.233800,0.842475,2.142500,-0.193470,0.468545,1.885320,-0.215040,0.177574,1.958070,-0.199800,0.051224,1.989410,-0.423370,0.852185,2.032900,-0.418340,0.447925,1.960370,-0.395350,0.070694,2.092510,-0.411950,0.008615
220.000000,1.978060,-0.329620,0.959384,1.991320,-0.233820,0.843275,2.153500,-0.193760,0.470905,1.904150,-0.215170,0.172844,1.980980,-0.198890,0.049114,1.995740,-0.423430,0.852595,2.034260,-0.418630,0.447974,1.960480,-0.395330,0.070994,2.092420,-0.411970,0.008474
221.000000,1.984930,-0.329850,0.959944,1.998430,-0.233840,0.843955,2.164310,-0.194050,0.473145,1.923250,-0.215210,0.168005,2.004080,-0.197880,0.047105,2.002060,-0.423490,0.852905,2.035640,-0.418880,0.448025,1.960600,-0.395300,0.071284,2.092330,-0.412000,0.008334
222.000000,1.991790,-0.330070,0.960384,2.005540,-0.233870,0.844504,2.174930,-0.194330,0.475235,1.942630,-0.215180,0.163065,2.027350,-0.196780,0.045205,2.008370,-0.423550,0.853125,2.037060,-0.419110,0.448045,1.960730,-0.395260,0.071554,2.092240,-0.412030,0.008195
223.000000,1.998630,-0.330270,0.960715,2.012630,-0.233900,0.844935,2.185360,-0.194620,0.477175,1.962290,-0.215080,0.158064,2.050790,-0.195590,0.043444,2.014690,-0.423600,0.853245,2.038490,-0.419310,0.448035,1.960870,-0.395220,0.071814,2.092160,-0.412060,0.008054
224.000000,2.005470,-0.330450,0.960925,2.019720,-0.233940,0.845245,2.195610,-0.194920,0.478955,1.982240,-0.214910,0.153034,2.074370,-0.194320,0.041814,2.021010,-0.423660,0.853285,2.039960,-0.419470,0.448015,1.961000,-0.395170,0.072064,2.092070,-0.412080,0.007914
225.000000,2.012300,-0.330600,0.961025,2.026800,-0.233980,0.845434,2.205670,-0.195230,0.480575,2.002470,-0.214690,0.147995,2.098080,-0.193000,0.040344,2.027330,-0.423720,0.853235,2.041440,-0.419600,0.447955,1.961130,-0.395100,0.072284,2.091980,-0.412100,0.007764
226.000000,2.019130,-0.330740,0.961025,2.033870,-0.234020,0.845504,2.215560,-0.195560,0.482025,2.022970,-0.214410,0.142994,2.121910,-0.191630,0.039054,2.033660,-0.423760,0.853105,2.042960,-0.419690,0.447885,1.961250,-0.395030,0.072494,2.091900,-0.412120,0.007625
227.000000,2.025960,-0.330850,0.960915,2.040930,-0.234050,0.845465,2.225270,-0.195910,0.483295,2.043700,-0.214090,0.138074,2.145860,-0.190230,0.037975,2.040000,-0.423800,0.852874,2.044490,-0.419760,0.447785,1.961370,-0.394940,0.072694,2.091810,-0.412140,0.007474
228.000000,2.032780,-0.330930,0.960695,2.047990,-0.234070,0.845314,2.234820,-0.196300,0.484384,2.064640,-0.213730,0.133264,2.169900,-0.188820,0.037124,2.046340,-0.423830,0.852565,2.046050,-0.419800,0.447665,1.961470,-0.394840,0.072874,2.091730,-0.412150,0.007324
229.000000,2.039610,-0.330990,0.960384,2.055040,-0.234080,0.845055,2.244200,-0.196730,0.485274,2.085760,-0.213310,0.128584,2.194040,-0.187430,0.036545,2.052690,-0.423830,0.852155,2.047630,-0.419820,0.447535,1.961570,-0.394710,0.073044,2.091650,-0.412150,0.007164
230.000000,2.046430,-0.331010,0.959964,2.062080,-0.234080,0.844685,2.253420,-0.197200,0.485975,2.107020,-0.212840,0.124084,2.218240,-0.186070,0.036244,2.059050,-0.423820,0.851675,2.049230,-0.419810,0.447375,1.961670,-0.394560,0.073224,2.091570,-0.412160,0.007014
231.000000,2.053260,-0.331010,0.959454,2.069110,-0.234060,0.844214,2.262470,-0.197730,0.486475,2.128370,-0.212280,0.119775,2.242500,-0.184760,0.036264,2.065410,-0.423800,0.851105,2.050860,-0.419780,0.447185,1.961760,-0.394380,0.073394,2.091500,-0.412160,0.006874
232.000000,2.060100,-0.330990,0.958844,2.076120,-0.234030,0.843645,2.271330,-0.198310,0.486765,2.149760,-0.211640,0.115684,2.266790,-0.183520,0.036624,2.071780,-0.423760,0.850455,2.052520,-0.419730,0.446974,1.961850,-0.394170,0.073574,2.091420,-0.412160,0.006724
233.000000,2.066930,-0.330940,0.958155,2.083120,-0.233980,0.842975,2.279990,-0.198940,0.486835,2.171180,-0.210910,0.111824,2.291070,-0.182380,0.037354,2.078160,-0.423690,0.849724,2.054220,-0.419670,0.446725,1.961940,-0.393940,0.073764,2.091350,-0.412170,0.006584
234.000000,2.073780,-0.330860,0.957375,2.090120,-0.233920,0.842214,2.288460,-0.199620,0.486695,2.192590,-0.210080,0.108234,2.315330,-0.181360,0.038475,2.084540,-0.423610,0.848905,2.055960,-0.419590,0.446455,1.962040,-0.393690,0.073964,2.091280,-0.412190,0.006454
235.000000,2.080640,-0.330760,0.956504,2.097110,-0.233830,0.841365,2.296710,-0.200340,0.486345,2.213970,-0.209170,0.104914,2.339520,-0.180450,0.040004,2.090940,-0.423510,0.848015,2.057770,-0.419500,0.446144,1.962140,-0.393410,0.074174,2.091210,-0.412200,0.006324
236.000000,2.087520,-0.330630,0.955554,2.104130,-0.233720,0.840425,2.304750,-0.201090,0.485795,2.235300,-0.208190,0.101894,2.363600,-0.179690,0.041965,2.097380,-0.423380,0.847035,2.059640,-0.419390,0.445815,1.962250,-0.393130,0.074394,2.091150,-0.412220,0.006184
237.000000,2.094420,-0.330470,0.954524,2.111160,-0.233590,0.839395,2.312570,-0.201860,0.485045,2.256570,-0.207150,0.099204,2.387510,-0.179060,0.044354,2.103870,-0.423230,0.845975,2.061600,-0.419260,0.445455,1.962370,-0.392830,0.074624,2.091090,-0.412240,0.006054
238.000000,2.101350,-0.330290,0.953425,2.118240,-0.233430,0.838284,2.320180,-0.202630,0.484105,2.277740,-0.206060,0.096845,2.411200,-0.178590,0.047184,2.110410,-0.423050,0.844835,2.063650,-0.419110,0.445065,1.962500,-0.392530,0.074874,2.091030,-0.412260,0.005904
239.000000,2.108320,-0.330080,0.952255,2.125350,-0.233260,0.837085,2.327580,-0.203400,0.482994,2.298770,-0.204940,0.094834,2.434600,-0.178260,0.050445,2.117030,-0.422860,0.843624,2.065830,-0.418930,0.444665,1.962640,-0.392230,0.075124,2.090970,-0.412270,0.005755
240.000000,2.115320,-0.329840,0.951014,2.132510,-0.233060,0.835824,2.334770,-0.204150,0.481724,2.319640,-0.203810,0.093174,2.457660,-0.178070,0.054124,2.123720,-0.422640,0.842355,2.068140,-0.418720,0.444235,1.962790,-0.391940,0.075394,2.090920,-0.412290,0.005594
241.000000,2.122350,-0.329570,0.949735,2.139710,-0.232850,0.834495,2.341790,-0.204850,0.480295,2.340290,-0.202700,0.091874,2.480290,-0.178020,0.058174,2.130490,-0.422410,0.841035,2.070620,-0.418500,0.443775,1.962970,-0.391650,0.075684,2.090870,-0.412310,0.005415
242.000000,2.129420,-0.329280,0.948395,2.146960,-0.232630,0.833105,2.348650,-0.205510,0.478735,2.360670,-0.201630,0.090924,2.502420,-0.178120,0.062564,2.137330,-0.422170,0.839654,2.073290,-0.418260,0.443295,1.963170,-0.391380,0.075984,2.090820,-0.412320,0.005234
243.000000,2.136540,-0.328970,0.947014,2.154250,-0.232400,0.831665,2.355390,-0.206100,0.477065,2.380720,-0.200620,0.090324,2.523980,-0.178350,0.067224,2.144240,-0.421910,0.838234,2.076170,-0.418000,0.442785,1.963400,-0.391120,0.076314,2.090780,-0.412330,0.005054
244.000000,2.143690,-0.328630,0.945595,2.161600,-0.232150,0.830184,2.362030,-0.206610,0.475295,2.400370,-0.199710,0.090054,2.544910,-0.178720,0.072104,2.151210,-0.421650,0.836785,2.079270,-0.417750,0.442245,1.963660,-0.390870,0.076674,2.090750,-0.412350,0.004854
245.000000,2.150880,-0.328280,0.944145,2.169000,-0.231900,0.828665,2.368610,-0.207030,0.473455,2.419560,-0.198930,0.090084,2.565120,-0.179230,0.077104,2.158260,-0.421380,0.835315,2.082620,-0.417500,0.441685,1.963960,-0.390650,0.077064,2.090720,-0.412360,0.004654
246.000000,2.158120,-0.327910,0.942665,2.176450,-0.231640,0.827114,2.375170,-0.207360,0.471564,2.438190,-0.198310,0.090364,2.584550,-0.179870,0.082134,2.165360,-0.421100,0.833815,2.086210,-0.417260,0.441085,1.964290,-0.390440,0.077494,2.090710,-0.412370,0.004444
247.000000,2.165390,-0.327520,0.941165,2.183970,-0.231380,0.825545,2.381750,-0.207580,0.469655,2.456190,-0.197910,0.090864,2.603140,-0.180640,0.087104,2.172510,-0.420810,0.832315,2.090050,-0.417030,0.440455,1.964670,-0.390260,0.077964,2.090710,-0.412390,0.004234
248.000000,2.172710,-0.327120,0.939644,2.191540,-0.231110,0.823955,2.388390,-0.207710,0.467745,2.473460,-0.197750,0.091514,2.620830,-0.181530,0.091905,2.179710,-0.420510,0.830794,2.094140,-0.416810,0.439805,1.965110,-0.390100,0.078484,2.090720,-0.412400,0.004024
249.000000,2.180070,-0.326700,0.938115,2.199170,-0.230830,0.822354,2.395140,-0.207760,0.465855,2.489910,-0.197870,0.092244,2.637580,-0.182530,0.096434,2.186960,-0.420200,0.829275,2.098480,-0.416600,0.439125,1.965600,-0.389970,0.079054,2.090750,-0.412420,0.003804
250.000000,2.187480,-0.326270,0.936574,2.206860,-0.230530,0.820744,2.402010,-0.207750,0.464014,2.505490,-0.198270,0.092984,2.653350,-0.183650,0.100584,2.194240,-0.419880,0.827765,2.103060,-0.416390,0.438415,1.966150,-0.389880,0.079684,2.090790,-0.412450,0.003585
251.000000,2.194940,-0.325820,0.935025,2.214620,-0.230210,0.819145,2.409060,-0.207700,0.462245,2.520110,-0.198950,0.093654,2.668090,-0.184860,0.104244,2.201570,-0.419530,0.826245,2.107860,-0.416180,0.437685,1.966770,-0.389810,0.080374,2.090840,-0.412480,0.003364
252.000000,2.202460,-0.325350,0.933465,2.222440,-0.229880,0.817545,2.416310,-0.207640,0.460555,2.533750,-0.199890,0.094164,2.681800,-0.186170,0.107324,2.208940,-0.419150,0.824735,2.112890,-0.415980,0.436924,1.967460,-0.389780,0.081134,2.090900,-0.412510,0.003144
253.000000,2.210030,-0.324850,0.931914,2.230330,-0.229500,0.815955,2.423770,-0.207590,0.458964,2.546370,-0.201060,0.094454,2.694450,-0.187570,0.109724,2.216360,-0.418750,0.823234,2.118130,-0.415780,0.436145,1.968220,-0.389790,0.081964,2.090960,-0.412560,0.002924
254.000000,2.217660,-0.324330,0.930365,2.238290,-0.229100,0.814395,2.431450,-0.207580,0.457485,2.557970,-0.202400,0.094454,2.706050,-0.189050,0.111394,2.223830,-0.418300,0.821735,2.123590,-0.415590,0.435325,1.969040,-0.389830,0.082874,2.091030,-0.412620,0.002704
255.000000,2.225360,-0.323780,0.928835,2.246320,-0.228640,0.812855,2.439370,-0.207650,0.456125,2.568570,-0.203880,0.094114,2.716610,-0.190610,0.112244,2.231370,-0.417800,0.820234,2.129240,-0.415390,0.434484,1.969930,-0.389910,0.083874,2.091100,-0.412690,0.002484
256.000000,2.233120,-0.323190,0.927315,2.254440,-0.228120,0.811365,2.447500,-0.207790,0.454895,2.578190,-0.205450,0.093414,2.726150,-0.192240,0.112254,2.238990,-0.417250,0.818755,2.135110,-0.415210,0.433605,1.970890,-0.390030,0.084964,2.091170,-0.412770,0.002254
257.000000,2.240970,-0.322560,0.925825,2.262630,-0.227550,0.809914,2.455840,-0.208030,0.453804,2.586850,-0.207060,0.092324,2.734720,-0.193930,0.111394,2.246690,-0.416630,0.817275,2.141190,-0.415030,0.432695,1.971920,-0.390200,0.086164,2.091230,-0.412880,0.002014
258.000000,2.248890,-0.321890,0.924365,2.270900,-0.226910,0.808524,2.464370,-0.208380,0.452835,2.594610,-0.208690,0.090874,2.742360,-0.195680,0.109674,2.254490,-0.415950,0.815814,2.147490,-0.414860,0.431735,1.973040,-0.390410,0.087474,2.091300,-0.412990,0.001764
259.000000,2.256890,-0.321190,0.922945,2.279240,-0.226200,0.807195,2.473050,-0.208820,0.451995,2.601540,-0.210310,0.089084,2.749160,-0.197470,0.107114,2.262380,-0.415210,0.814375,2.154020,-0.414710,0.430745,1.974260,-0.390660,0.088904,2.091370,-0.413130,0.001514
260.000000,2.264960,-0.320450,0.921565,2.287660,-0.225430,0.805945,2.481860,-0.209350,0.451265,2.607700,-0.211900,0.087024,2.755190,-0.199280,0.103804,2.270380,-0.414400,0.812964,2.160790,-0.414580,0.429705,1.975590,-0.390960,0.090474,2.091460,-0.413270,0.001244
261.000000,2.273120,-0.319670,0.920254,2.296130,-0.224590,0.804775,2.490760,-0.209940,0.450655,2.613190,-0.213420,0.084744,2.760530,-0.201090,0.099804,2.278480,-0.413540,0.811594,2.167830,-0.414470,0.428625,1.977070,-0.391300,0.092184,2.091550,-0.413430,0.000964
262.000000,2.281340,-0.318880,0.919005,2.304650,-0.223710,0.803685,2.499720,-0.210560,0.450135,2.618120,-0.214840,0.082354,2.765280,-0.202860,0.095254,2.286670,-0.412640,0.810265,2.175160,-0.414380,0.427505,1.978720,-0.391680,0.094054,2.091660,-0.413580,0.000674
263.000000,2.289630,-0.318060,0.917834,2.313210,-0.222780,0.802694,2.508690,-0.211180,0.449705,2.622610,-0.216130,0.079924,2.769540,-0.204560,0.090264,2.294950,-0.411690,0.809005,2.182800,-0.414330,0.426335,1.980570,-0.392090,0.096094,2.091780,-0.413720,0.000374
264.000000,2.297960,-0.317250,0.916755,2.321780,-0.221830,0.801805,2.517650,-0.211780,0.449375,2.626750,-0.217260,0.077544,2.773380,-0.206150,0.084974,2.303300,-0.410730,0.807814,2.190760,-0.414300,0.425135,1.982680,-0.392520,0.098304,2.091920,-0.413840,0.000084
265.000000,2.306340,-0.316430,0.915764,2.330350,-0.220860,0.801025,2.526590,-0.212310,0.449115,2.630660,-0.218200,0.075284,2.776870,-0.207580,0.079494,2.311710,-0.409750,0.806725,2.199080,-0.414300,0.423895,1.985070,-0.392980,0.100704,2.092070,-0.413940,-0.000176
266.000000,2.314730,-0.315630,0.914884,2.338900,-0.219880,0.800345,2.535490,-0.212750,0.448955,2.634400,-0.218930,0.073204,2.780070,-0.208830,0.073924,2.320160,-0.408770,0.805735,2.207790,-0.414330,0.422625,1.987790,-0.393450,0.103304,2.092230,-0.414010,-0.000406
267.000000,2.323150,-0.314850,0.914115,2.347430,-0.218910,0.799785,2.544360,-0.213080,0.448875,2.637990,-0.219440,0.071324,2.783010,-0.209860,0.068374,2.328630,-0.407810,0.804845,2.216890,-0.414400,0.421325,1.990890,-0.393930,0.106114,2.092410,-0.414040,-0.000586
268.000000,2.331560,-0.314090,0.913465,2.355920,-0.217960,0.799345,2.553210,-0.213290,0.448895,2.641440,-0.219730,0.069654,2.785720,-0.210660,0.062914,2.337130,-0.406860,0.804084,2.226430,-0.414520,0.419995,1.994400,-0.394410,0.109134,2.092600,-0.414030,-0.000666
269.000000,2.339960,-0.313360,0.912934,2.364380,-0.217020,0.799034,2.562040,-0.213370,0.449005,2.644730,-0.219810,0.068194,2.788200,-0.211250,0.057615,2.345630,-0.405940,0.803424,2.236410,-0.414670,0.418655,1.998370,-0.394890,0.112364,2.092820,-0.413980,-0.000626
270.000000,2.348340,-0.312660,0.912525,2.372800,-0.216100,0.798845,2.570880,-0.213310,0.449205,2.647820,-0.219720,0.066924,2.790460,-0.211620,0.052534,2.354130,-0.405040,0.802885,2.246860,-0.414880,0.417285,2.002830,-0.395350,0.115814,2.093090,-0.413890,-0.000426
271.000000,2.356690,-0.311980,0.912224,2.381190,-0.215200,0.798785,2.579720,-0.213130,0.449495,2.650680,-0.219480,0.065834,2.792510,-0.211800,0.047725,2.362620,-0.404150,0.802455,2.257790,-0.415130,0.415895,2.007800,-0.395800,0.119474,2.093430,-0.413760,-0.000036
272.000000,2.365010,-0.311320,0.912045,2.389560,-0.214310,0.798845,2.588570,-0.212820,0.449855,2.653290,-0.219150,0.064894,2.794340,-0.211830,0.043204,2.371110,-0.403280,0.802115,2.269190,-0.415430,0.414485,2.013310,-0.396220,0.123334,2.093890,-0.413610,0.000584
273.000000,2.373290,-0.310680,0.911965,2.397910,-0.213420,0.799025,2.597390,-0.212410,0.450255,2.655630,-0.218750,0.064084,2.795970,-0.211760,0.038995,2.379590,-0.402410,0.801855,2.281050,-0.415770,0.413035,2.019360,-0.396610,0.127384,2.094510,-0.413440,0.001494
274.000000,2.381520,-0.310040,0.911984,2.406240,-0.212530,0.799304,2.606160,-0.211910,0.450675,2.657730,-0.218340,0.063394,2.797400,-0.211600,0.035104,2.388050,-0.401540,0.801675,2.293370,-0.416120,0.411575,2.025950,-0.396960,0.131614,2.095350,-0.413280,0.002694
275.000000,2.389720,-0.309390,0.912085,2.414560,-0.211630,0.799685,2.614830,-0.211330,0.451075,2.659580,-0.217930,0.062784,2.798650,-0.211410,0.031535,2.396500,-0.400650,0.801555,2.306120,-0.416480,0.410075,2.033090,-0.397270,0.136014,2.096480,-0.413120,0.004234
276.000000,2.397860,-0.308740,0.912254,2.422850,-0.210710,0.800145,2.623340,-0.210720,0.451425,2.661220,-0.217560,0.062235,2.799740,-0.211210,0.028295,2.404920,-0.399750,0.801494,2.319260,-0.416840,0.408575,2.040740,-0.397530,0.140554,2.097950,-0.412990,0.006114
277.000000,2.405960,-0.308070,0.912494,2.431130,-0.209770,0.800675,2.631630,-0.210070,0.451685,2.662660,-0.217250,0.061735,2.800660,-0.211030,0.025375,2.413320,-0.398830,0.801494,2.332760,-0.417160,0.407064,2.048900,-0.397740,0.145225,2.099850,-0.412900,0.008355
278.000000,2.414000,-0.307370,0.912784,2.439370,-0.208810,0.801265,2.639660,-0.209430,0.451855,2.663920,-0.217010,0.061275,2.801430,-0.210870,0.022784,2.421660,-0.397880,0.801544,2.346570,-0.417450,0.405585,2.057530,-0.397890,0.150004,2.102250,-0.412860,0.010954
279.000000,2.422000,-0.306650,0.913125,2.447570,-0.207840,0.801895,2.647370,-0.208810,0.451895,2.665020,-0.216860,0.060835,2.802080,-0.210760,0.020525,2.429960,-0.396920,0.801665,2.360650,-0.417670,0.404135,2.066630,-0.397990,0.154874,2.105230,-0.412870,0.013895
280.000000,2.429940,-0.305900,0.913505,2.455730,-0.206870,0.802555,2.654740,-0.208230,0.451815,2.665980,-0.216800,0.060424,2.802600,-0.210680,0.018565,2.438180,-0.395950,0.801845,2.374940,-0.417830,0.402775,2.076150,-0.398020,0.159804,2.108860,-0.412930,0.017185
281.000000,2.437820,-0.305120,0.913934,2.463840,-0.205880,0.803235,2.661740,-0.207710,0.451625,2.666800,-0.216850,0.060044,2.803010,-0.210650,0.016904,2.446330,-0.394970,0.802084,2.389390,-0.417910,0.401525,2.086100,-0.398000,0.164754,2.113240,-0.413040,0.020785
282.000000,2.445650,-0.304320,0.914394,2.471890,-0.204910,0.803934,2.668370,-0.207260,0.451325,2.667520,-0.216990,0.059705,2.803330,-0.210660,0.015495,2.454390,-0.393990,0.802405,2.403920,-0.417930,0.400445,2.096450,-0.397910,0.169714,2.118450,-0.413190,0.024664
283.000000,2.453430,-0.303490,0.914905,2.479880,-0.203960,0.804644,2.674620,-0.206900,0.450935,2.668150,-0.217220,0.059405,2.803560,-0.210710,0.014325,2.462360,-0.393030,0.802814,2.418490,-0.417890,0.399574,2.107190,-0.397760,0.174644,2.124570,-0.413390,0.028775
284.000000,2.461140,-0.302660,0.915455,2.487800,-0.203030,0.805385,2.680520,-0.206620,0.450505,2.668710,-0.217510,0.059165,2.803730,-0.210770,0.013355,2.470230,-0.392100,0.803315,2.433050,-0.417810,0.398964,2.118310,-0.397550,0.179484,2.131660,-0.413640,0.033035
285.000000,2.468800,-0.301820,0.916075,2.495640,-0.202130,0.806145,2.686080,-0.206420,0.450024,2.669200,-0.217850,0.058985,2.803840,-0.210860,0.012554,2.478010,-0.391200,0.803914,2.447560,-0.417710,0.398655,2.129810,-0.397280,0.184204,2.139770,-0.413920,0.037374
286.000000,2.476400,-0.300980,0.916745,2.503420,-0.201280,0.806945,2.691320,-0.206300,0.449535,2.669650,-0.218200,0.058845,2.803910,-0.210950,0.011905,2.485690,-0.390340,0.804615,2.461980,-0.417600,0.398675,2.141690,-0.396970,0.188744,2.148910,-0.414240,0.041695
287.000000,2.483950,-0.300160,0.917494,2.511120,-0.200480,0.807794,2.696250,-0.206230,0.449045,2.670070,-0.218550,0.058765,2.803940,-0.211040,0.011364,2.493290,-0.389520,0.805424,2.476300,-0.417490,0.399025,2.153940,-0.396610,0.193044,2.159080,-0.414570,0.045905
288.000000,2.491450,-0.299350,0.918324,2.518740,-0.199740,0.808694,2.700890,-0.206200,0.448565,2.670450,-0.218890,0.058725,2.803950,-0.211140,0.010915,2.500810,-0.388770,0.806345,2.490530,-0.417410,0.399715,2.166570,-0.396230,0.197035,2.170230,-0.414920,0.049925
289.000000,2.498910,-0.298580,0.919254,2.526300,-0.199050,0.809665,2.705280,-0.206190,0.448105,2.670810,-0.219190,0.058735,2.803920,-0.211230,0.010534,2.508250,-0.388070,0.807395,2.504650,-0.417350,0.400715,2.179590,-0.395840,0.200654,2.182310,-0.415250,0.053674
290.000000,2.506320,-0.297840,0.920265,2.533800,-0.198420,0.810705,2.709420,-0.206200,0.447665,2.671140,-0.219440,0.058765,2.803890,-0.211310,0.010215,2.515640,-0.387440,0.808555,2.518700,-0.417330,0.402005,2.192990,-0.395450,0.203865,2.195250,-0.415550,0.057094
291.000000,2.513700,-0.297150,0.921385,2.541240,-0.197870,0.811825,2.713340,-0.206210,0.447254,2.671460,-0.219650,0.058835,2.803830,-0.211380,0.009944,2.522990,-0.386870,0.809825,2.532670,-0.417350,0.403575,2.206760,-0.395080,0.206634,2.208980,-0.415810,0.060135
292.000000,2.521050,-0.296490,0.922605,2.548640,-0.197370,0.813025,2.717060,-0.206210,0.446875,2.671750,-0.219810,0.058924,2.803760,-0.211440,0.009715,2.530290,-0.386370,0.811215,2.546580,-0.417420,0.405365,2.220880,-0.394740,0.208934,2.223420,-0.416010,0.062764
293.000000,2.528380,-0.295890,0.923925,2.555990,-0.196950,0.814315,2.720570,-0.206190,0.446515,2.672010,-0.219930,0.059045,2.803680,-0.211490,0.009504,2.537570,-0.385940,0.812705,2.560440,-0.417530,0.407365,2.235340,-0.394420,0.210784,2.238510,-0.416140,0.064954
294.000000,2.535690,-0.295330,0.925345,2.563320,-0.196580,0.815665,2.723890,-0.206140,0.446194,2.672240,-0.220020,0.059184,2.803590,-0.211540,0.009314,2.544820,-0.385570,0.814295,2.574260,-0.417670,0.409535,2.250100,-0.394140,0.212184,2.254210,-0.416200,0.066694
295.000000,2.542980,-0.294820,0.926845,2.570610,-0.196280,0.817084,2.727020,-0.206050,0.445895,2.672430,-0.220080,0.059335,2.803490,-0.211570,0.009135,2.552050,-0.385260,0.815955,2.588020,-0.417820,0.411855,2.265140,-0.393880,0.213154,2.270470,-0.416190,0.067984
296.000000,2.550250,-0.294350,0.928424,2.577890,-0.196030,0.818565,2.729970,-0.205910,0.445625,2.672580,-0.220120,0.059494,2.803390,-0.211600,0.008974,2.559270,-0.385000,0.817694,2.601730,-0.417990,0.414284,2.280430,-0.393640,0.213715,2.287230,-0.416110,0.068854
297.000000,2.557520,-0.293910,0.930075,2.585140,-0.195820,0.820095,2.732730,-0.205740,0.445385,2.672690,-0.220130,0.059674,2.803280,-0.211610,0.008834,2.566460,-0.384790,0.819495,2.615390,-0.418150,0.416815,2.295940,-0.393410,0.213885,2.304480,-0.415950,0.069294
298.000000,2.564780,-0.293510,0.931775,2.592370,-0.195640,0.821665,2.735310,-0.205530,0.445165,2.672760,-0.220130,0.059864,2.803180,-0.211620,0.008695,2.573640,-0.384610,0.821334,2.628980,-0.418320,0.419435,2.311650,-0.393190,0.213684,2.322180,-0.415740,0.069344
299.000000,2.572030,-0.293140,0.933524,2.599560,-0.195490,0.823255,2.737720,-0.205270,0.444974,2.672800,-0.220130,0.060074,2.803070,-0.211620,0.008564,2.580800,-0.384450,0.823205,2.642500,-0.418480,0.422115,2.327550,-0.392980,0.213114,2.340310,-0.415470,0.069024
300.000000,2.579270,-0.292780,0.935304,2.606720,-0.195340,0.824865,2.739960,-0.204990,0.444805,2.672810,-0.220120,0.060305,2.802960,-0.211610,0.008445,2.587940,-0.384300,0.825105,2.655930,-0.418640,0.424855,2.343630,-0.392770,0.212194,2.358840,-0.415170,0.068354
301.000000,2.586510,-0.292440,0.937105,2.613830,-0.195190,0.826485,2.742060,-0.204670,0.444644,2.672800,-0.220120,0.060555,2.802860,-0.211590,0.008324,2.595080,-0.384160,0.827025,2.669260,-0.418790,0.427645,2.359880,-0.392570,0.210934,2.377760,-0.414850,0.067374
302.000000,2.593730,-0.292100,0.938914,2.620910,-0.195050,0.828095,2.744010,-0.204340,0.444515,2.672780,-0.220120,0.060824,2.802760,-0.211560,0.008214,2.602200,-0.384020,0.828944,2.682490,-0.418940,0.430475,2.376300,-0.392390,0.209344,2.397060,-0.414510,0.066114
303.000000,2.600950,-0.291780,0.940715,2.627930,-0.194900,0.829685,2.745830,-0.203980,0.444395,2.672760,-0.220130,0.061114,2.802650,-0.211540,0.008115,2.609330,-0.383880,0.830865,2.695600,-0.419080,0.433345,2.392890,-0.392210,0.207434,2.416710,-0.414190,0.064604
304.000000,2.608160,-0.291460,0.942504,2.634900,-0.194750,0.831255,2.747540,-0.203620,0.444295,2.672750,-0.220140,0.061424,2.802540,-0.211510,0.008004,2.616450,-0.383750,0.832774,2.708580,-0.419220,0.436225,2.409640,-0.392060,0.205214,2.436700,-0.413890,0.062884
305.000000,2.615350,-0.291160,0.944254,2.641830,-0.194610,0.832794,2.749160,-0.203250,0.444205,2.672750,-0.220180,0.061745,2.802430,-0.211480,0.007904,2.623580,-0.383620,0.834665,2.721410,-0.419350,0.439115,2.426570,-0.391940,0.202714,2.457030,-0.413630,0.060974
306.000000,2.622540,-0.290870,0.945975,2.648710,-0.194480,0.834275,2.750680,-0.202880,0.444144,2.672770,-0.220220,0.062084,2.802320,-0.211450,0.007804,2.630720,-0.383510,0.836525,2.734090,-0.419480,0.441995,2.443660,-0.391840,0.199944,2.477680,-0.413420,0.058905
307.000000,2.629710,-0.290590,0.947645,2.655550,-0.194360,0.835705,2.752140,-0.202510,0.444085,2.672820,-0.220280,0.062434,2.802210,-0.211420,0.007704,2.637870,-0.383420,0.838355,2.746610,-0.419600,0.444864,2.460910,-0.391790,0.196944,2.498630,-0.413290,0.056715
308.000000,2.636880,-0.290320,0.949245,2.662340,-0.194260,0.837075,2.753530,-0.202160,0.444055,2.672900,-0.220350,0.062784,2.802100,-0.211400,0.007594,2.645040,-0.383340,0.840145,2.758960,-0.419710,0.447694,2.478340,-0.391780,0.193724,2.519870,-0.413220,0.054434
309.000000,2.644030,-0.290070,0.950774,2.669100,-0.194170,0.838375,2.754860,-0.201810,0.444034,2.673000,-0.220430,0.063154,2.801990,-0.211380,0.007494,2.652220,-0.383280,0.841865,2.771130,-0.419790,0.450495,2.495940,-0.391810,0.190304,2.541400,-0.413250,0.052095
310.000000,2.651160,-0.289840,0.952225,2.675830,-0.194080,0.839604,2.756160,-0.201480,0.444025,2.673120,-0.220510,0.063514,2.801890,-0.211360,0.007384,2.659420,-0.383230,0.843504,2.783130,-0.419860,0.453235,2.513720,-0.391900,0.186704,2.563200,-0.413370,0.049704
311.000000,2.658280,-0.289620,0.953574,2.682530,-0.194000,0.840755,2.757430,-0.201160,0.444025,2.673230,-0.220590,0.063864,2.801790,-0.211340,0.007285,2.666630,-0.383180,0.845055,2.794940,-0.419910,0.455915,2.531690,-0.392040,0.182924,2.585260,-0.413580,0.047315
312.000000,2.665380,-0.289410,0.954825,2.689200,-0.193930,0.841815,2.758680,-0.200840,0.444034,2.673330,-0.220670,0.064214,2.801690,-0.211330,0.007184,2.673840,-0.383140,0.846484,2.806570,-0.419940,0.458525,2.549850,-0.392240,0.178995,2.607550,-0.413910,0.044935
313.000000,2.672450,-0.289220,0.955955,2.695850,-0.193850,0.842785,2.759930,-0.200530,0.444034,2.673410,-0.220740,0.064544,2.801600,-0.211320,0.007084,2.681050,-0.383110,0.847805,2.818020,-0.419940,0.461055,2.568220,-0.392500,0.174924,2.630060,-0.414340,0.042595
314.000000,2.679500,-0.289040,0.956975,2.702460,-0.193790,0.843654,2.761170,-0.200220,0.444034,2.673450,-0.220790,0.064854,2.801510,-0.211310,0.006984,2.688250,-0.383080,0.848994,2.829290,-0.419920,0.463485,2.586790,-0.392830,0.170734,2.652780,-0.414890,0.040305
315.000000,2.686520,-0.288880,0.957875,2.709050,-0.193720,0.844425,2.762420,-0.199920,0.444034,2.673450,-0.220830,0.065154,2.801430,-0.211300,0.006884,2.695460,-0.383050,0.850055,2.840380,-0.419860,0.465825,2.605560,-0.393220,0.166455,2.675690,-0.415560,0.038095
316.000000,2.693520,-0.288740,0.958655,2.715610,-0.193670,0.845075,2.763670,-0.199630,0.444025,2.673430,-0.220870,0.065434,2.801350,-0.211290,0.006784,2.702650,-0.383030,0.850974,2.851300,-0.419780,0.468064,2.624530,-0.393680,0.162095,2.698790,-0.416330,0.035974
317.000000,2.700490,-0.288610,0.959305,2.722140,-0.193610,0.845615,2.764930,-0.199350,0.444015,2.673390,-0.220900,0.065704,2.801270,-0.211280,0.006684,2.709830,-0.383010,0.851754,2.862050,-0.419670,0.470185,2.643700,-0.394210,0.157674,2.722060,-0.417220,0.033965
318.000000,2.707440,-0.288510,0.959824,2.728650,-0.193570,0.846044,2.766210,-0.199080,0.443995,2.673330,-0.220930,0.065964,2.801190,-0.211270,0.006594,2.717010,-0.383000,0.852395,2.872630,-0.419520,0.472165,2.663060,-0.394830,0.153224,2.745490,-0.418210,0.032085
319.000000,2.714350,-0.288420,0.960214,2.735130,-0.193530,0.846355,2.767500,-0.198820,0.443965,2.673280,-0.220980,0.066234,2.801100,-0.211270,0.006494,2.724170,-0.383000,0.852905,2.883040,-0.419340,0.474004,2.682610,-0.395520,0.148745,2.769080,-0.419300,0.030354
320.000000,2.721240,-0.288360,0.960485,2.741580,-0.193510,0.846545,2.768820,-0.198560,0.443915,2.673230,-0.221060,0.066504,2.801030,-0.211280,0.006395,2.731320,-0.383010,0.853264,2.893270,-0.419140,0.475685,2.702340,-0.396290,0.144274,2.792800,-0.420480,0.028795
321.000000,2.728110,-0.288330,0.960624,2.748010,-0.193500,0.846625,2.770170,-0.198300,0.443845,2.673190,-0.221160,0.066784,2.800950,-0.211290,0.006294,2.738450,-0.383030,0.853495,2.903320,-0.418910,0.477175,2.722250,-0.397140,0.139814,2.816660,-0.421760,0.027435
322.000000,2.734950,-0.288320,0.960654,2.754430,-0.193500,0.846585,2.771550,-0.198040,0.443754,2.673170,-0.221310,0.067064,2.800880,-0.211300,0.006194,2.745580,-0.383060,0.853584,2.913190,-0.418670,0.478485,2.742330,-0.398080,0.135395,2.840640,-0.423110,0.026305
323.000000,2.741770,-0.288340,0.960554,2.760820,-0.193530,0.846445,2.772960,-0.197780,0.443644,2.673170,-0.221480,0.067364,2.800810,-0.211310,0.006095,2.752690,-0.383120,0.853554,2.922880,-0.418400,0.479595,2.762590,-0.399090,0.131034,2.864720,-0.424530,0.025424
324.000000,2.748580,-0.288390,0.960354,2.767210,-0.193570,0.846195,2.774410,-0.197530,0.443515,2.673180,-0.221670,0.067664,2.800750,-0.211330,0.005994,2.759800,-0.383190,0.853405,2.932400,-0.418100,0.480505,2.783010,-0.400180,0.126754,2.888900,-0.426010,0.024814
325.000000,2.755370,-0.288480,0.960044,2.773600,-0.193640,0.845855,2.775890,-0.197290,0.443355,2.673210,-0.221890,0.067964,2.800690,-0.211350,0.005884,2.766900,-0.383280,0.853125,2.941740,-0.417770,0.481195,2.803600,-0.401340,0.122575,2.913150,-0.427530,0.024504
326.000000,2.762160,-0.288590,0.959635,2.779990,-0.193730,0.845425,2.777400,-0.197060,0.443175,2.673250,-0.222110,0.068274,2.800630,-0.211370,0.005784,2.774000,-0.383390,0.852745,2.950920,-0.417420,0.481685,2.824330,-0.402580,0.118524,2.937450,-0.429070,0.024515
327.000000,2.768950,-0.288740,0.959114,2.786380,-0.193850,0.844894,2.778960,-0.196850,0.442965,2.673300,-0.222340,0.068594,2.800570,-0.211380,0.005684,2.781110,-0.383530,0.852245,2.959920,-0.417030,0.481944,2.845210,-0.403880,0.114634,2.961790,-0.430630,0.024865
328.000000,2.775750,-0.288920,0.958504,2.792800,-0.194000,0.844295,2.780550,-0.196670,0.442745,2.673360,-0.222570,0.068904,2.800510,-0.211400,0.005574,2.788210,-0.383700,0.851645,2.968760,-0.416620,0.482005,2.866200,-0.405240,0.110944,2.986120,-0.432180,0.025575
329.000000,2.782550,-0.289130,0.957794,2.799230,-0.194170,0.843604,2.782190,-0.196510,0.442495,2.673420,-0.222800,0.069224,2.800440,-0.211410,0.005474,2.795330,-0.383880,0.850955,2.977430,-0.416190,0.481834,2.887280,-0.406640,0.107464,3.010430,-0.433720,0.026674
330.000000,2.789370,-0.289370,0.957005,2.805690,-0.194370,0.842844,2.783880,-0.196380,0.442215,2.673500,-0.223010,0.069554,2.800360,-0.211410,0.005374,2.802460,-0.384100,0.850164,2.985940,-0.415730,0.481455,2.908420,-0.408080,0.104244,3.034670,-0.435220,0.028174
331.000000,2.796200,-0.289650,0.956125,2.812180,-0.194600,0.842014,2.785620,-0.196260,0.441924,2.673580,-0.223210,0.069884,2.800270,-0.211400,0.005274,2.809600,-0.384340,0.849284,2.994280,-0.415260,0.480865,2.929590,-0.409530,0.101304,3.058810,-0.436670,0.030085
332.000000,2.803050,-0.289960,0.955175,2.818700,-0.194860,0.841114,2.787440,-0.196150,0.441605,2.673680,-0.223400,0.070214,2.800180,-0.211380,0.005174,2.816760,-0.384610,0.848325,3.002460,-0.414790,0.480075,2.950750,-0.410990,0.098664,3.082800,-0.438070,0.032414
333.000000,2.809930,-0.290300,0.954134,2.825250,-0.195140,0.840145,2.789330,-0.196040,0.441254,2.673790,-0.223570,0.070554,2.800080,-0.211350,0.005064,2.823950,-0.384900,0.847275,3.010490,-0.414310,0.479085,2.971860,-0.412450,0.096334,3.106610,-0.439400,0.035185
334.000000,2.816840,-0.290670,0.953035,2.831830,-0.195460,0.839114,2.791300,-0.195940,0.440875,2.673930,-0.223720,0.070904,2.799990,-0.211310,0.004964,2.831170,-0.385220,0.846155,3.018370,-0.413850,0.477915,2.992880,-0.413890,0.094354,3.130170,-0.440650,0.038374
335.000000,2.823790,-0.291070,0.951855,2.838450,-0.195790,0.838014,2.793380,-0.195840,0.440475,2.674080,-0.223860,0.071254,2.799900,-0.211270,0.004854,2.838420,-0.385560,0.844975,3.026110,-0.413410,0.476565,3.013800,-0.415300,0.092714,3.153440,-0.441810,0.041985
336.000000,2.830770,-0.291490,0.950615,2.845110,-0.196150,0.836865,2.795580,-0.195730,0.440025,2.674260,-0.223990,0.071604,2.799820,-0.211220,0.004744,2.845700,-0.385920,0.843715,3.033720,-0.413010,0.475065,3.034560,-0.416670,0.091424,3.176360,-0.442860,0.046014
337.000000,2.837790,-0.291940,0.949304,2.851800,-0.196520,0.835654,2.797910,-0.195630,0.439545,2.674470,-0.224100,0.071974,2.799750,-0.211170,0.004624,2.853020,-0.386300,0.842395,3.041200,-0.412650,0.473435,3.055140,-0.417970,0.090494,3.198870,-0.443790,0.050415
338.000000,2.844860,-0.292420,0.947944,2.858530,-0.196910,0.834384,2.800390,-0.195530,0.439015,2.674710,-0.224210,0.072344,2.799680,-0.211120,0.004514,2.860370,-0.386680,0.841025,3.048590,-0.412350,0.471685,3.075480,-0.419180,0.089914,3.220910,-0.444600,0.055164
339.000000,2.851970,-0.292910,0.946535,2.865290,-0.197310,0.833075,2.803040,-0.195430,0.438445,2.674990,-0.224310,0.072714,2.799620,-0.211070,0.004394,2.867780,-0.387080,0.839595,3.055900,-0.412120,0.469844,3.095540,-0.420270,0.089694,3.242420,-0.445270,0.060214
340.000000,2.859140,-0.293420,0.945064,2.872080,-0.197720,0.831715,2.805860,-0.195350,0.437835,2.675300,-0.224400,0.073104,2.799570,-0.211030,0.004274,2.875220,-0.387480,0.838114,3.063140,-0.411960,0.467945,3.115240,-0.421220,0.089794,3.263340,-0.445810,0.065494
341.000000,2.866360,-0.293940,0.943555,2.878910,-0.198120,0.830325,2.808880,-0.195290,0.437175,2.675630,-0.224500,0.073494,2.799520,-0.210980,0.004154,2.882710,-0.387880,0.836574,3.070340,-0.411860,0.466005,3.134530,-0.422020,0.090204,3.283590,-0.446210,0.070934
342.000000,2.873620,-0.294480,0.942005,2.885770,-0.198510,0.828894,2.812090,-0.195260,0.436475,2.676000,-0.224600,0.073914,2.799470,-0.210950,0.004024,2.890250,-0.388260,0.834985,3.077530,-0.411840,0.464065,3.153310,-0.422640,0.090874,3.303110,-0.446470,0.076444
343.000000,2.880920,-0.295020,0.940424,2.892650,-0.198900,0.827445,2.815500,-0.195270,0.435745,2.676390,-0.224710,0.074354,2.799440,-0.210910,0.003894,2.897830,-0.388630,0.833334,3.084730,-0.411870,0.462135,3.171520,-0.423060,0.091754,3.321850,-0.446600,0.081934
344.000000,2.888260,-0.295570,0.938814,2.899570,-0.199260,0.825964,2.819130,-0.195310,0.434984,2.676810,-0.224810,0.074824,2.799400,-0.210890,0.003755,2.905450,-0.388980,0.831635,3.091980,-0.411950,0.460255,3.189070,-0.423260,0.092784,3.339750,-0.446610,0.087284
345.000000,2.895640,-0.296120,0.937175,2.906500,-0.199610,0.824465,2.822970,-0.195400,0.434185,2.677260,-0.224920,0.075324,2.799370,-0.210870,0.003614,2.913100,-0.389320,0.829865,3.099310,-0.412060,0.458445,3.205880,-0.423250,0.093884,3.356760,-0.446510,0.092404
346.000000,2.903040,-0.296680,0.935515,2.913470,-0.199950,0.822955,2.827020,-0.195520,0.433365,2.677740,-0.225010,0.075864,2.799340,-0.210860,0.003474,2.920800,-0.389640,0.828055,3.106740,-0.412170,0.456705,3.221880,-0.423010,0.094994,3.372830,-0.446290,0.097164
347.000000,2.910480,-0.297240,0.933835,2.920460,-0.200290,0.821425,2.831290,-0.195690,0.432505,2.678250,-0.225090,0.076454,2.799320,-0.210850,0.003325,2.928540,-0.389950,0.826205,3.114310,-0.412280,0.455065,3.237010,-0.422550,0.096014,3.387930,-0.445970,0.101444
348.000000,2.917950,-0.297810,0.932154,2.927480,-0.200640,0.819885,2.835770,-0.195890,0.431615,2.678790,-0.225150,0.077104,2.799290,-0.210860,0.003174,2.936320,-0.390280,0.824345,3.122040,-0.412340,0.453535,3.251210,-0.421860,0.096864,3.402020,-0.445540,0.105144
349.000000,2.925460,-0.298390,0.930474,2.934550,-0.201020,0.818345,2.840470,-0.196130,0.430695,2.679370,-0.225190,0.077814,2.799270,-0.210860,0.003014,2.944160,-0.390620,0.822474,3.129950,-0.412350,0.452125,3.264450,-0.420960,0.097484,3.415090,-0.445000,0.108154
350.000000,2.933000,-0.298980,0.928814,2.941680,-0.201430,0.816785,2.845380,-0.196400,0.429745,2.679990,-0.225200,0.078594,2.799260,-0.210880,0.002864,2.952060,-0.391010,0.820635,3.138050,-0.412290,0.450835,3.276720,-0.419860,0.097794,3.427140,-0.444330,0.110384
351.000000,2.940600,-0.299590,0.927165,2.948870,-0.201910,0.815225,2.850500,-0.196690,0.428765,2.680650,-0.225170,0.079454,2.799250,-0.210890,0.002704,2.960030,-0.391440,0.818835,3.146360,-0.412150,0.449685,3.287990,-0.418570,0.097744,3.438180,-0.443520,0.111764
352.000000,2.948250,-0.300210,0.925544,2.956130,-0.202440,0.813665,2.855830,-0.197010,0.427745,2.681370,-0.225100,0.080414,2.799240,-0.210900,0.002534,2.968070,-0.391930,0.817105,3.154870,-0.411910,0.448655,3.298300,-0.417110,0.097314,3.448220,-0.442550,0.112234
353.000000,2.955960,-0.300860,0.923955,2.963490,-0.203050,0.812105,2.861380,-0.197350,0.426695,2.682140,-0.225000,0.081464,2.799240,-0.210900,0.002374,2.976180,-0.392490,0.815445,3.163580,-0.411590,0.447765,3.307660,-0.415510,0.096504,3.457310,-0.441420,0.111764
354.000000,2.963730,-0.301520,0.922415,2.970950,-0.203730,0.810555,2.867140,-0.197700,0.425615,2.682990,-0.224860,0.082634,2.799250,-0.210900,0.002204,2.984360,-0.393120,0.813875,3.172460,-0.411170,0.447005,3.316130,-0.413790,0.095304,3.465500,-0.440100,0.110364
355.000000,2.971570,-0.302210,0.920914,2.978520,-0.204490,0.809014,2.873140,-0.198070,0.424494,2.683930,-0.224690,0.083924,2.799250,-0.210890,0.002024,2.992610,-0.393830,0.812395,3.181500,-0.410680,0.446364,3.323770,-0.411990,0.093774,3.472870,-0.438590,0.108044
356.000000,2.979490,-0.302930,0.919474,2.986210,-0.205320,0.807505,2.879360,-0.198440,0.423345,2.684970,-0.224490,0.085344,2.799250,-0.210860,0.001854,3.000920,-0.394610,0.811014,3.190650,-0.410140,0.445825,3.330630,-0.410130,0.091944,3.479500,-0.436900,0.104874
357.000000,2.987470,-0.303660,0.918095,2.994010,-0.206220,0.806014,2.885840,-0.198820,0.422175,2.686150,-0.224260,0.086904,2.799250,-0.210820,0.001674,3.009280,-0.395460,0.809744,3.199880,-0.409550,0.445375,3.336820,-0.408250,0.089894,3.485460,-0.435060,0.100934
358.000000,2.995530,-0.304410,0.916764,3.001920,-0.207160,0.804555,2.892560,-0.199210,0.420975,2.687490,-0.224020,0.088614,2.799250,-0.210760,0.001494,3.017680,-0.396360,0.808565,3.209150,-0.408960,0.445015,3.342410,-0.406420,0.087694,3.490850,-0.433100,0.096324
359.000000,3.003660,-0.305180,0.915515,3.009950,-0.208150,0.803154,2.899570,-0.199600,0.419755,2.689000,-0.223750,0.090474,2.799250,-0.210700,0.001314,3.026110,-0.397310,0.807485,3.218420,-0.408380,0.444725,3.347510,-0.404660,0.085424,3.495740,-0.431060,0.091174
360.000000,3.011840,-0.305950,0.914335,3.018070,-0.209160,0.801794,2.906850,-0.199980,0.418515,2.690730,-0.223460,0.092494,2.799240,-0.210640,0.001154,3.034560,-0.398280,0.806505,3.227670,-0.407860,0.444515,3.352220,-0.403050,0.083174,3.500200,-0.429020,0.085624
361.000000,3.020080,-0.306720,0.913235,3.026280,-0.210180,0.800494,2.914440,-0.200360,0.417255,2.692700,-0.223150,0.094684,2.799230,-0.210580,0.001014,3.043010,-0.399270,0.805624,3.236870,-0.407410,0.444375,3.356610,-0.401640,0.080994,3.504290,-0.427030,0.079814
362.000000,3.028370,-0.307480,0.912215,3.034570,-0.211210,0.799265,2.922360,-0.200740,0.415985,2.694950,-0.222830,0.097044,2.799210,-0.210530,0.000904,3.051460,-0.400270,0.804835,3.246000,-0.407060,0.444315,3.360740,-0.400460,0.078944,3.508030,-0.425170,0.073874
363.000000,3.036690,-0.308230,0.911285,3.042920,-0.212210,0.798115,2.930620,-0.201110,0.414705,2.697500,-0.222480,0.099574,2.799210,-0.210500,0.000834,3.059890,-0.401250,0.804145,3.255060,-0.406830,0.444335,3.364640,-0.399560,0.077054,3.511440,-0.423500,0.067914
364.000000,3.045030,-0.308960,0.910455,3.051330,-0.213200,0.797034,2.939250,-0.201460,0.413415,2.700400,-0.222120,0.102294,2.799200,-0.210490,0.000834,3.068290,-0.402230,0.803555,3.264060,-0.406730,0.444445,3.368300,-0.398930,0.075344,3.514540,-0.422060,0.062065
365.000000,3.053380,-0.309660,0.909714,3.059780,-0.214170,0.796045,2.948260,-0.201790,0.412114,2.703680,-0.221760,0.105194,2.799220,-0.210490,0.000914,3.076680,-0.403180,0.803075,3.273010,-0.406760,0.444644,3.371710,-0.398570,0.073804,3.517330,-0.420880,0.056405
366.000000,3.061740,-0.310330,0.909085,3.068270,-0.215110,0.795145,2.957690,-0.202090,0.410795,2.707370,-0.221390,0.108304,2.799260,-0.210510,0.001114,3.085040,-0.404120,0.802705,3.281910,-0.406920,0.444945,3.374820,-0.398470,0.072444,3.519820,-0.419990,0.051005
367.000000,3.070080,-0.310980,0.908564,3.076790,-0.216040,0.794335,2.967540,-0.202360,0.409454,2.711500,-0.221020,0.111614,2.799360,-0.210540,0.001454,3.093370,-0.405040,0.802465,3.290780,-0.407210,0.445325,3.377650,-0.398580,0.071254,3.522020,-0.419380,0.045925
368.000000,3.078410,-0.311600,0.908154,3.085330,-0.216960,0.793605,2.977850,-0.202600,0.408095,2.716090,-0.220670,0.115124,2.799540,-0.210580,0.001984,3.101660,-0.405950,0.802354,3.299620,-0.407590,0.445785,3.380180,-0.398870,0.070204,3.523950,-0.419010,0.041215
369.000000,3.086710,-0.312190,0.907845,3.093870,-0.217870,0.792975,2.988610,-0.202810,0.406705,2.721170,-0.220320,0.118844,2.799840,-0.210640,0.002724,3.109920,-0.406850,0.802374,3.308430,-0.408060,0.446305,3.382420,-0.399270,0.069294,3.525630,-0.418860,0.036894
370.000000,3.094980,-0.312770,0.907645,3.102420,-0.218790,0.792435,2.999830,-0.202980,0.405285,2.726730,-0.219980,0.122764,2.800320,-0.210700,0.003704,3.118150,-0.407760,0.802535,3.317180,-0.408590,0.446845,3.384390,-0.399750,0.068514,3.527070,-0.418870,0.032965
371.000000,3.103210,-0.313340,0.907535,3.110950,-0.219720,0.791984,3.011500,-0.203100,0.403835,2.732790,-0.219660,0.126884,2.801020,-0.210770,0.004974,3.126340,-0.408680,0.802825,3.325840,-0.409160,0.447405,3.386120,-0.400230,0.067834,3.528300,-0.419000,0.029455
372.000000,3.111400,-0.313920,0.907535,3.119450,-0.220670,0.791614,3.023630,-0.203180,0.402355,2.739330,-0.219340,0.131205,2.802000,-0.210840,0.006534,3.134490,-0.409610,0.803235,3.334370,-0.409750,0.447935,3.387620,-0.400680,0.067254,3.529340,-0.419200,0.026344
373.000000,3.119530,-0.314500,0.907614,3.127930,-0.221640,0.791335,3.036180,-0.203220,0.400865,2.746350,-0.219020,0.135724,2.803320,-0.210920,0.008414,3.142590,-0.410560,0.803755,3.342710,-0.410330,0.448405,3.388930,-0.401050,0.066754,3.530200,-0.419430,0.023624
374.000000,3.127600,-0.315100,0.907784,3.136350,-0.222630,0.791145,3.049120,-0.203230,0.399365,2.753820,-0.218690,0.140444,2.805040,-0.210990,0.010624,3.150660,-0.411530,0.804385,3.350820,-0.410900,0.448804,3.390080,-0.401320,0.066324,3.530910,-0.419660,0.021295
375.000000,3.135620,-0.315720,0.908034,3.144720,-0.223650,0.791034,3.062430,-0.203220,0.397875,2.761740,-0.218370,0.145344,2.807220,-0.211070,0.013164,3.158670,-0.412510,0.805084,3.358640,-0.411420,0.449115,3.391100,-0.401460,0.065964,3.531480,-0.419870,0.019304
376.000000,3.143580,-0.316370,0.908355,3.153010,-0.224690,0.791004,3.076050,-0.203210,0.396415,2.770090,-0.218040,0.150404,2.809910,-0.211140,0.016054,3.166650,-0.413520,0.805845,3.366140,-0.411910,0.449325,3.392010,-0.401480,0.065654,3.531930,-0.420040,0.017645
377.000000,3.151460,-0.317060,0.908745,3.161220,-0.225750,0.791054,3.089930,-0.203200,0.395025,2.778890,-0.217710,0.155605,2.813190,-0.211230,0.019265,3.174570,-0.414530,0.806665,3.373270,-0.412340,0.449445,3.392850,-0.401370,0.065384,3.532290,-0.420180,0.016265
378.000000,3.159280,-0.317780,0.909195,3.169340,-0.226810,0.791185,3.104010,-0.203220,0.393725,2.788130,-0.217400,0.160894,2.817120,-0.211330,0.022784,3.182450,-0.415550,0.807515,3.380020,-0.412720,0.449455,3.393640,-0.401160,0.065165,3.532550,-0.420270,0.015134
379.000000,3.167020,-0.318520,0.909705,3.177360,-0.227880,0.791405,3.118240,-0.203280,0.392575,2.797820,-0.217120,0.166214,2.821780,-0.211440,0.026595,3.190280,-0.416570,0.808395,3.386380,-0.413040,0.449395,3.394400,-0.400870,0.064974,3.532740,-0.420320,0.014194
380.000000,3.174700,-0.319300,0.910285,3.185280,-0.228940,0.791705,3.132570,-0.203380,0.391595,2.807950,-0.216860,0.171535,2.827250,-0.211570,0.030655,3.198060,-0.417580,0.809285,3.392360,-0.413320,0.449265,3.395140,-0.400530,0.064814,3.532870,-0.420340,0.013434
381.000000,3.182290,-0.320090,0.910925,3.193100,-0.229970,0.792084,3.146940,-0.203530,0.390835,2.818500,-0.216640,0.176794,2.833610,-0.211730,0.034904,3.205790,-0.418580,0.810184,3.397970,-0.413550,0.449084,3.395870,-0.400160,0.064674,3.532950,-0.420330,0.012804
382.000000,3.189820,-0.320900,0.911625,3.200820,-0.230990,0.792555,3.161310,-0.203720,0.390335,2.829470,-0.216460,0.181944,2.840900,-0.211910,0.039274,3.213460,-0.419550,0.811095,3.403230,-0.413750,0.448864,3.396580,-0.399780,0.064554,3.532980,-0.420310,0.012285
383.000000,3.197270,-0.321700,0.912394,3.208440,-0.231960,0.793125,3.175650,-0.203950,0.390105,2.840840,-0.216310,0.186935,2.849180,-0.212100,0.043685,3.221080,-0.420490,0.812025,3.408160,-0.413920,0.448625,3.397270,-0.399410,0.064434,3.532990,-0.420280,0.011855
384.000000,3.204650,-0.322490,0.913235,3.215950,-0.232890,0.793785,3.189930,-0.204190,0.390185,2.852610,-0.216200,0.191714,2.858460,-0.212330,0.048054,3.228640,-0.421380,0.812964,3.412800,-0.414080,0.448364,3.397910,-0.399060,0.064334,3.532960,-0.420240,0.011495
385.000000,3.211960,-0.323260,0.914145,3.223380,-0.233760,0.794544,3.204140,-0.204440,0.390575,2.864770,-0.216130,0.196214,2.868740,-0.212570,0.052304,3.236130,-0.422230,0.813935,3.417160,-0.414220,0.448105,3.398500,-0.398760,0.064234,3.532910,-0.420200,0.011184
386.000000,3.219210,-0.324000,0.915135,3.230710,-0.234570,0.795405,3.218270,-0.204690,0.391285,2.877310,-0.216080,0.200384,2.879970,-0.212840,0.056355,3.243560,-0.423020,0.814925,3.421280,-0.414360,0.447835,3.399010,-0.398500,0.064154,3.532840,-0.420170,0.010915
387.000000,3.226400,-0.324700,0.916215,3.237960,-0.235310,0.796385,3.232330,-0.204900,0.392295,2.890220,-0.216070,0.204164,2.892110,-0.213140,0.060135,3.250910,-0.423750,0.815955,3.425160,-0.414510,0.447575,3.399450,-0.398290,0.064084,3.532760,-0.420130,0.010684
388.000000,3.233540,-0.325370,0.917374,3.245140,-0.235980,0.797474,3.246330,-0.205090,0.393585,2.903490,-0.216080,0.207544,2.905090,-0.213470,0.063594,3.258190,-0.424420,0.817034,3.428810,-0.414680,0.447315,3.399810,-0.398130,0.064034,3.532660,-0.420090,0.010475
389.000000,3.240640,-0.325980,0.918635,3.252260,-0.236590,0.798675,3.260280,-0.205230,0.395134,2.917110,-0.216110,0.210474,2.918830,-0.213820,0.066664,3.265410,-0.425020,0.818175,3.432260,-0.414870,0.447065,3.400100,-0.398030,0.064014,3.532540,-0.420060,0.010295
390.000000,3.247720,-0.326560,0.919984,3.259330,-0.237120,0.800005,3.274180,-0.205330,0.396904,2.931060,-0.216170,0.212954,2.933260,-0.214190,0.069324,3.272570,-0.425560,0.819395,3.435490,-0.415090,0.446835,3.400330,-0.397980,0.064014,3.532410,-0.420040,0.010125
391.000000,3.254770,-0.327090,0.921435,3.266370,-0.237600,0.801455,3.288050,-0.205390,0.398885,2.945330,-0.216260,0.214974,2.948330,-0.214570,0.071534,3.279680,-0.426040,0.820694,3.438510,-0.415340,0.446615,3.400480,-0.397970,0.064034,3.532270,-0.420020,0.009965
392.000000,3.261810,-0.327590,0.922965,3.273360,-0.238010,0.803015,3.301880,-0.205410,0.401035,2.959880,-0.216380,0.216554,2.963970,-0.214960,0.073304,3.286730,-0.426470,0.822075,3.441320,-0.415610,0.446415,3.400560,-0.398000,0.064104,3.532120,-0.420010,0.009824
393.000000,3.268840,-0.328050,0.924594,3.280340,-0.238360,0.804685,3.315680,-0.205370,0.403355,2.974710,-0.216540,0.217694,2.980160,-0.215340,0.074614,3.293730,-0.426840,0.823524,3.443930,-0.415920,0.446235,3.400590,-0.398060,0.064194,3.531950,-0.420000,0.009684
394.000000,3.275870,-0.328470,0.926295,3.287290,-0.238660,0.806455,3.329420,-0.205300,0.405815,2.989780,-0.216750,0.218414,2.996840,-0.215710,0.075484,3.300690,-0.427160,0.825055,3.446330,-0.416250,0.446075,3.400550,-0.398150,0.064324,3.531780,-0.420000,0.009555
395.000000,3.282900,-0.328870,0.928055,3.294210,-0.238910,0.808304,3.343110,-0.205180,0.408405,3.005080,-0.217010,0.218734,3.014010,-0.216060,0.075924,3.307590,-0.427440,0.826645,3.448550,-0.416600,0.445945,3.400460,-0.398250,0.064494,3.531590,-0.420020,0.009424
396.000000,3.289930,-0.329250,0.929875,3.301120,-0.239110,0.810225,3.356730,-0.205020,0.411105,3.020590,-0.217310,0.218655,3.031630,-0.216370,0.075954,3.314450,-0.427680,0.828275,3.450580,-0.416960,0.445855,3.400320,-0.398370,0.064694,3.531400,-0.420030,0.009305
397.000000,3.296950,-0.329600,0.931735,3.308010,-0.239280,0.812204,3.370270,-0.204820,0.413915,3.036300,-0.217660,0.218194,3.049690,-0.216640,0.075614,3.321250,-0.427880,0.829944,3.452460,-0.417310,0.445795,3.400140,-0.398490,0.064934,3.531210,-0.420060,0.009184
398.000000,3.303980,-0.329940,0.933624,3.314870,-0.239420,0.814225,3.383710,-0.204590,0.416815,3.052190,-0.218030,0.217355,3.068180,-0.216840,0.074924,3.328010,-0.428060,0.831635,3.454190,-0.417650,0.445765,3.399950,-0.398620,0.065194,3.531030,-0.420090,0.009064
399.000000,3.311000,-0.330270,0.935524,3.321730,-0.239520,0.816265,3.397040,-0.204320,0.419795,3.068260,-0.218430,0.216164,3.087050,-0.216980,0.073924,3.334720,-0.428200,0.833334,3.455790,-0.417970,0.445765,3.399740,-0.398750,0.065474,3.530840,-0.420120,0.008945
400.000000,3.318010,-0.330580,0.937424,3.328570,-0.239590,0.818315,3.410260,-0.204030,0.422825,3.084490,-0.218820,0.214624,3.106310,-0.217030,0.072634,3.341390,-0.428320,0.835014,3.457270,-0.418280,0.445785,3.399540,-0.398870,0.065774,3.530660,-0.420160,0.008834
401.000000,3.325020,-0.330890,0.939304,3.335400,-0.239640,0.820354,3.423360,-0.203710,0.425915,3.100890,-0.219210,0.212764,3.125930,-0.216990,0.071104,3.348010,-0.428410,0.836674,3.458660,-0.418560,0.445835,3.399340,-0.398980,0.066084,3.530490,-0.420200,0.008715
402.000000,3.332010,-0.331190,0.941165,3.342220,-0.239660,0.822375,3.436320,-0.203380,0.429044,3.117440,-0.219570,0.210594,3.145890,-0.216860,0.069354,3.354590,-0.428490,0.838295,3.459960,-0.418820,0.445885,3.399160,-0.399080,0.066394,3.530330,-0.420240,0.008594
403.000000,3.338990,-0.331480,0.942975,3.349050,-0.239670,0.824354,3.449130,-0.203040,0.432185,3.134140,-0.219910,0.208144,3.166180,-0.216630,0.067404,3.361140,-0.428540,0.839865,3.461190,-0.419070,0.445955,3.399000,-0.399160,0.066714,3.530170,-0.420280,0.008474
404.000000,3.345950,-0.331760,0.944735,3.355880,-0.239650,0.826284,3.461800,-0.202700,0.435335,3.151000,-0.220210,0.205424,3.186780,-0.216290,0.065304,3.367660,-0.428580,0.841375,3.462360,-0.419290,0.446035,3.398880,-0.399240,0.067034,3.530030,-0.420320,0.008355
405.000000,3.352890,-0.332040,0.946445,3.362710,-0.239630,0.828145,3.474310,-0.202350,0.438484,3.168020,-0.220460,0.202434,3.207690,-0.215850,0.063064,3.374150,-0.428610,0.842805,3.463490,-0.419500,0.446115,3.398780,-0.399300,0.067344,3.529890,-0.420360,0.008244
406.000000,3.359810,-0.332310,0.948075,3.369550,-0.239590,0.829935,3.486670,-0.202000,0.441615,3.185230,-0.220660,0.199194,3.228900,-0.215310,0.060724,3.380620,-0.428630,0.844164,3.464590,-0.419690,0.446205,3.398700,-0.399340,0.067654,3.529760,-0.420380,0.008124
407.000000,3.366700,-0.332570,0.949615,3.376400,-0.239540,0.831645,3.498870,-0.201650,0.444705,3.202630,-0.220780,0.195694,3.250400,-0.214650,0.058314,3.387080,-0.428630,0.845425,3.465690,-0.419870,0.446305,3.398650,-0.399380,0.067954,3.529630,-0.420410,0.008004
408.000000,3.373560,-0.332810,0.951075,3.383270,-0.239470,0.833255,3.510900,-0.201310,0.447765,3.220240,-0.220820,0.191955,3.272190,-0.213890,0.055855,3.393510,-0.428620,0.846604,3.466790,-0.420030,0.446405,3.398620,-0.399400,0.068254,3.529510,-0.420420,0.007894
409.000000,3.380390,-0.333050,0.952435,3.390140,-0.239400,0.834774,3.522760,-0.200980,0.450755,3.238070,-0.220790,0.187994,3.294250,-0.213030,0.053385,3.399930,-0.428600,0.847665,3.467900,-0.420190,0.446515,3.398610,-0.399410,0.068544,3.529390,-0.420430,0.007774
410.000000,3.387200,-0.333260,0.953685,3.397010,-0.239320,0.836175,3.534450,-0.200670,0.453695,3.256120,-0.220690,0.183834,3.316590,-0.212070,0.050935,3.406340,-0.428570,0.848625,3.469030,-0.420340,0.446635,3.398610,-0.399420,0.068824,3.529270,-0.420440,0.007654
411.000000,3.393980,-0.333460,0.954825,3.403890,-0.239220,0.837465,3.545960,-0.200370,0.456545,3.274380,-0.220510,0.179525,3.339180,-0.211000,0.048524,3.412730,-0.428530,0.849475,3.470170,-0.420480,0.446745,3.398630,-0.399420,0.069104,3.529150,-0.420440,0.007544
412.000000,3.400730,-0.333630,0.955855,3.410760,-0.239110,0.838635,3.557280,-0.200090,0.459305,3.292850,-0.220270,0.175074,3.362010,-0.209850,0.046185,3.419100,-0.428470,0.850195,3.471320,-0.420610,0.446845,3.398650,-0.399420,0.069374,3.529030,-0.420430,0.007434
413.000000,3.407460,-0.333790,0.956755,3.417620,-0.238990,0.839685,3.568420,-0.199840,0.461965,3.311540,-0.219970,0.170505,3.385080,-0.208600,0.043935,3.425450,-0.428400,0.850805,3.472500,-0.420740,0.446925,3.398690,-0.399410,0.069634,3.528910,-0.420430,0.007314
414.000000,3.414160,-0.333920,0.957535,3.424470,-0.238860,0.840615,3.579370,-0.199610,0.464505,3.330460,-0.219620,0.165834,3.408360,-0.207260,0.041805,3.431770,-0.428310,0.851295,3.473680,-0.420860,0.446995,3.398740,-0.399400,0.069884,3.528790,-0.420430,0.007204
415.000000,3.420840,-0.334020,0.958195,3.431310,-0.238710,0.841425,3.590120,-0.199410,0.466925,3.349640,-0.219210,0.161074,3.431830,-0.205850,0.039804,3.438070,-0.428200,0.851675,3.474880,-0.420960,0.447045,3.398790,-0.399390,0.070124,3.528670,-0.420420,0.007094
416.000000,3.427500,-0.334100,0.958724,3.438120,-0.238540,0.842105,3.600680,-0.199220,0.469195,3.369090,-0.218740,0.156224,3.455490,-0.204350,0.037955,3.444340,-0.428080,0.851935,3.476100,-0.421060,0.447065,3.398850,-0.399370,0.070354,3.528560,-0.420420,0.006974
417.000000,3.434150,-0.334150,0.959145,3.444920,-0.238350,0.842654,3.611040,-0.199050,0.471325,3.388830,-0.218220,0.151304,3.479300,-0.202780,0.036275,3.450580,-0.427930,0.852094,3.477330,-0.421150,0.447055,3.398920,-0.399350,0.070574,3.528440,-0.420430,0.006864
418.000000,3.440790,-0.334170,0.959434,3.451680,-0.238150,0.843085,3.621190,-0.198900,0.473295,3.408880,-0.217650,0.146354,3.503250,-0.201140,0.034785,3.456800,-0.427760,0.852164,3.478570,-0.421230,0.447025,3.398980,-0.399310,0.070785,3.528330,-0.420430,0.006754
419.000000,3.447410,-0.334160,0.959624,3.458430,-0.237940,0.843395,3.631150,-0.198740,0.475105,3.429250,-0.217030,0.141395,3.527320,-0.199450,0.033485,3.462990,-0.427580,0.852144,3.479820,-0.421300,0.446974,3.399050,-0.399280,0.070994,3.528220,-0.420430,0.006644
420.000000,3.454030,-0.334110,0.959705,3.465140,-0.237700,0.843595,3.640920,-0.198590,0.476735,3.449910,-0.216370,0.136455,3.551510,-0.197700,0.032414,3.469170,-0.427370,0.852044,3.481080,-0.421370,0.446905,3.399110,-0.399230,0.071184,3.528120,-0.420440,0.006534
421.000000,3.460640,-0.334020,0.959674,3.471830,-0.237440,0.843674,3.650480,-0.198450,0.478185,3.470860,-0.215660,0.131595,3.575790,-0.195920,0.031585,3.475320,-0.427130,0.851865,3.482360,-0.421430,0.446815,3.399170,-0.399160,0.071374,3.528020,-0.420440,0.006414
422.000000,3.467240,-0.333900,0.959535,3.478500,-0.237150,0.843645,3.659870,-0.198300,0.479444,3.492050,-0.214930,0.126854,3.600140,-0.194110,0.031015,3.481460,-0.426860,0.851604,3.483650,-0.421490,0.446694,3.399230,-0.399090,0.071564,3.527920,-0.420440,0.006294
423.000000,3.473840,-0.333730,0.959305,3.485140,-0.236830,0.843504,3.669070,-0.198150,0.480505,3.513430,-0.214160,0.122264,3.624550,-0.192300,0.030725,3.487570,-0.426550,0.851275,3.484960,-0.421550,0.446565,3.399280,-0.399000,0.071754,3.527830,-0.420450,0.006174
424.000000,3.480440,-0.333510,0.958975,3.491770,-0.236470,0.843264,3.678090,-0.198010,0.481375,3.534970,-0.213360,0.117884,3.648990,-0.190500,0.030745,3.493680,-0.426200,0.850855,3.486310,-0.421620,0.446405,3.399330,-0.398900,0.071944,3.527730,-0.420450,0.006054
425.000000,3.487040,-0.333260,0.958545,3.498390,-0.236080,0.842905,3.686930,-0.197880,0.482045,3.556600,-0.212500,0.113724,3.673430,-0.188710,0.031094,3.499800,-0.425830,0.850355,3.487690,-0.421680,0.446225,3.399370,-0.398780,0.072144,3.527630,-0.420460,0.005934
426.000000,3.493640,-0.332970,0.958014,3.505030,-0.235680,0.842445,3.695610,-0.197760,0.482515,3.578290,-0.211580,0.109804,3.697870,-0.186970,0.031795,3.505930,-0.425430,0.849774,3.489110,-0.421730,0.446025,3.399400,-0.398650,0.072364,3.527530,-0.420480,0.005824
427.000000,3.500260,-0.332650,0.957384,3.511700,-0.235260,0.841865,3.704100,-0.197660,0.482765,3.599980,-0.210570,0.106164,3.722250,-0.185270,0.032875,3.512110,-0.425020,0.849105,3.490580,-0.421780,0.445805,3.399430,-0.398500,0.072584,3.527420,-0.420500,0.005714
428.000000,3.506890,-0.332290,0.956665,3.518420,-0.234850,0.841164,3.712400,-0.197570,0.482815,3.621650,-0.209480,0.102804,3.746550,-0.183630,0.034345,3.518340,-0.424610,0.848355,3.492110,-0.421820,0.445565,3.399450,-0.398350,0.072824,3.527300,-0.420530,0.005604
429.000000,3.513550,-0.331910,0.955855,3.525190,-0.234440,0.840345,3.720510,-0.197500,0.482645,3.643260,-0.208300,0.099754,3.770730,-0.182060,0.036224,3.524630,-0.424200,0.847525,3.493720,-0.421840,0.445305,3.399460,-0.398190,0.073074,3.527190,-0.420580,0.005504
430.000000,3.520240,-0.331500,0.954964,3.532020,-0.234050,0.839425,3.728410,-0.197450,0.482274,3.664810,-0.207040,0.097024,3.794730,-0.180570,0.038525,3.531000,-0.423800,0.846604,3.495410,-0.421840,0.445034,3.399470,-0.398030,0.073334,3.527070,-0.420620,0.005404
431.000000,3.526950,-0.331070,0.953985,3.538920,-0.233660,0.838404,3.736120,-0.197420,0.481685,3.686250,-0.205690,0.094624,3.818510,-0.179150,0.041265,3.537440,-0.423410,0.845615,3.497200,-0.421820,0.444754,3.399500,-0.397850,0.073604,3.526960,-0.420680,0.005304
432.000000,3.533690,-0.330620,0.952925,3.545870,-0.233280,0.837295,3.743630,-0.197430,0.480895,3.707570,-0.204280,0.092585,3.842010,-0.177830,0.044435,3.543940,-0.423030,0.844545,3.499120,-0.421760,0.444445,3.399540,-0.397680,0.073884,3.526850,-0.420730,0.005204
433.000000,3.540470,-0.330160,0.951805,3.552870,-0.232910,0.836095,3.750950,-0.197460,0.479915,3.728730,-0.202810,0.090894,3.865160,-0.176600,0.048015,3.550510,-0.422650,0.843395,3.501190,-0.421680,0.444105,3.399600,-0.397500,0.074164,3.526750,-0.420790,0.005084
434.000000,3.547270,-0.329690,0.950605,3.559930,-0.232550,0.834835,3.758110,-0.197530,0.478775,3.749660,-0.201300,0.089584,3.887910,-0.175460,0.051994,3.557130,-0.422280,0.842185,3.503430,-0.421560,0.443745,3.399690,-0.397310,0.074444,3.526660,-0.420840,0.004964
435.000000,3.554110,-0.329200,0.949354,3.567040,-0.232190,0.833504,3.765110,-0.197620,0.477475,3.770320,-0.199770,0.088654,3.910180,-0.174430,0.056324,3.563800,-0.421910,0.840905,3.505860,-0.421400,0.443345,3.399820,-0.397120,0.074734,3.526590,-0.420900,0.004824
436.000000,3.560980,-0.328700,0.948045,3.574190,-0.231830,0.832114,3.772000,-0.197740,0.476045,3.790620,-0.198250,0.088084,3.931900,-0.173520,0.060964,3.570520,-0.421550,0.839575,3.508500,-0.421220,0.442905,3.399980,-0.396930,0.075024,3.526520,-0.420940,0.004684
437.000000,3.567880,-0.328190,0.946685,3.581390,-0.231470,0.830674,3.778790,-0.197860,0.474525,3.810500,-0.196770,0.087874,3.953010,-0.172730,0.065844,3.577280,-0.421170,0.838205,3.511380,-0.421000,0.442424,3.400200,-0.396720,0.075324,3.526460,-0.420990,0.004524
438.000000,3.574810,-0.327660,0.945284,3.588620,-0.231100,0.829205,3.785520,-0.197970,0.472925,3.829880,-0.195370,0.087984,3.973440,-0.172060,0.070884,3.584090,-0.420790,0.836794,3.514500,-0.420760,0.441885,3.400450,-0.396520,0.075634,3.526420,-0.421030,0.004364
439.000000,3.581780,-0.327110,0.943844,3.595890,-0.230700,0.827694,3.792220,-0.198060,0.471275,3.848680,-0.194070,0.088374,3.993130,-0.171540,0.076004,3.590930,-0.420380,0.835365,3.517870,-0.420480,0.441305,3.400750,-0.396310,0.075974,3.526390,-0.421070,0.004194
440.000000,3.588780,-0.326550,0.942385,3.603190,-0.230290,0.826155,3.798930,-0.198120,0.469605,3.866820,-0.192920,0.088994,4.012010,-0.171150,0.081094,3.597810,-0.419950,0.833905,3.521510,-0.420180,0.440675,3.401080,-0.396100,0.076334,3.526360,-0.421100,0.004014
441.000000,3.595820,-0.325970,0.940894,3.610530,-0.229850,0.824605,3.805680,-0.198130,0.467935,3.884220,-0.191940,0.089784,4.030020,-0.170910,0.086074,3.604710,-0.419490,0.832445,3.525390,-0.419840,0.439995,3.401450,-0.395890,0.076734,3.526350,-0.421130,0.003834
442.000000,3.602910,-0.325370,0.939385,3.617890,-0.229380,0.823035,3.812520,-0.198080,0.466285,3.900820,-0.191160,0.090674,4.047130,-0.170800,0.090824,3.611640,-0.419000,0.830975,3.529520,-0.419480,0.439275,3.401860,-0.395690,0.077174,3.526350,-0.421150,0.003644
443.000000,3.610030,-0.324750,0.937855,3.625300,-0.228880,0.821465,3.819480,-0.197990,0.464685,3.916550,-0.190610,0.091584,4.063260,-0.170840,0.095234,3.618600,-0.418490,0.829495,3.533890,-0.419100,0.438515,3.402300,-0.395520,0.077654,3.526350,-0.421180,0.003455
444.000000,3.617200,-0.324120,0.936315,3.632750,-0.228350,0.819885,3.826580,-0.197860,0.463145,3.931360,-0.190300,0.092424,4.078400,-0.171010,0.099204,3.625600,-0.417940,0.828014,3.538490,-0.418700,0.437704,3.402780,-0.395360,0.078195,3.526360,-0.421200,0.003264
445.000000,3.624420,-0.323470,0.934764,3.640250,-0.227790,0.818315,3.833860,-0.197690,0.461675,3.945200,-0.190230,0.093124,4.092510,-0.171300,0.102624,3.632650,-0.417360,0.826524,3.543310,-0.418290,0.436874,3.403300,-0.395240,0.078794,3.526370,-0.421220,0.003064
446.000000,3.631690,-0.322800,0.933215,3.647810,-0.227210,0.816744,3.841330,-0.197510,0.460294,3.958060,-0.190400,0.093614,4.105560,-0.171720,0.105424,3.639750,-0.416750,0.825035,3.548340,-0.417870,0.435995,3.403870,-0.395150,0.079464,3.526390,-0.421250,0.002874
447.000000,3.639030,-0.322110,0.931665,3.655430,-0.226580,0.815195,3.849010,-0.197340,0.459015,3.969920,-0.190760,0.093834,4.117560,-0.172260,0.107504,3.646910,-0.416100,0.823545,3.553590,-0.417440,0.435085,3.404500,-0.395090,0.080194,3.526420,-0.421270,0.002674
448.000000,3.646440,-0.321390,0.930115,3.663130,-0.225910,0.813665,3.856890,-0.197190,0.457835,3.980800,-0.191290,0.093734,4.128510,-0.172920,0.108804,3.654160,-0.415410,0.822055,3.559040,-0.417010,0.434135,3.405190,-0.395080,0.081014,3.526440,-0.421310,0.002484
449.000000,3.653920,-0.320650,0.928585,3.670890,-0.225190,0.812184,3.864970,-0.197070,0.456765,3.990700,-0.191950,0.093274,4.138420,-0.173690,0.109274,3.661490,-0.414670,0.820555,3.564700,-0.416580,0.433154,3.405940,-0.395100,0.081934,3.526480,-0.421350,0.002284
450.000000,3.661470,-0.319880,0.927075,3.678740,-0.224420,0.810735,3.873240,-0.197010,0.455795,3.999660,-0.192710,0.092444,4.147330,-0.174580,0.108884,3.668920,-0.413880,0.819055,3.570580,-0.416150,0.432135,3.406780,-0.395160,0.082944,3.526520,-0.421400,0.002084
451.000000,3.669110,-0.319080,0.925585,3.686660,-0.223580,0.809345,3.881670,-0.197010,0.454945,4.007710,-0.193560,0.091244,4.155300,-0.175580,0.107624,3.676460,-0.413030,0.817555,3.576690,-0.415710,0.431075,3.407690,-0.395250,0.084064,3.526570,-0.421470,0.001884
452.000000,3.676830,-0.318250,0.924134,3.694660,-0.222680,0.808025,3.890250,-0.197080,0.454185,4.014900,-0.194470,0.089714,4.162380,-0.176690,0.105524,3.684120,-0.412110,0.816075,3.583030,-0.415280,0.429975,3.408710,-0.395390,0.085304,3.526630,-0.421550,0.001664
453.000000,3.684640,-0.317380,0.922735,3.702730,-0.221700,0.806764,3.898940,-0.197200,0.453505,4.021310,-0.195430,0.087884,4.168650,-0.177880,0.102624,3.691900,-0.411130,0.814594,3.589640,-0.414840,0.428835,3.409840,-0.395570,0.086684,3.526700,-0.421640,0.001444
454.000000,3.692520,-0.316480,0.921385,3.710870,-0.220660,0.805594,3.907700,-0.197380,0.452914,4.027010,-0.196410,0.085814,4.174200,-0.179150,0.099004,3.699790,-0.410080,0.813145,3.596530,-0.414410,0.427665,3.411100,-0.395780,0.088224,3.526790,-0.421750,0.001204
455.000000,3.700490,-0.315540,0.920084,3.719070,-0.219560,0.804495,3.916490,-0.197590,0.452385,4.032090,-0.197380,0.083574,4.179120,-0.180470,0.094754,3.707800,-0.408980,0.811725,3.603710,-0.413980,0.426455,3.412530,-0.396030,0.089924,3.526900,-0.421870,0.000954
456.000000,3.708530,-0.314580,0.918864,3.727320,-0.218400,0.803485,3.925280,-0.197810,0.451905,4.036670,-0.198310,0.081254,4.183500,-0.181810,0.090004,3.715920,-0.407830,0.810365,3.611230,-0.413560,0.425205,3.414150,-0.396310,0.091804,3.527030,-0.421990,0.000684
457.000000,3.716630,-0.313600,0.917714,3.735610,-0.217200,0.802574,3.934030,-0.198030,0.451465,4.040860,-0.199170,0.078914,4.187440,-0.183120,0.084874,3.724130,-0.406640,0.809065,3.619090,-0.413160,0.423915,3.416000,-0.396620,0.093894,3.527190,-0.422110,0.000404
458.000000,3.724780,-0.312600,0.916664,3.743910,-0.215970,0.801744,3.942710,-0.198210,0.451055,4.044770,-0.199910,0.076624,4.191000,-0.184360,0.079474,3.732410,-0.405420,0.807845,3.627330,-0.412790,0.422604,3.418120,-0.396940,0.096194,3.527360,-0.422220,0.000124
459.000000,3.732960,-0.311590,0.915694,3.752220,-0.214730,0.801015,3.951320,-0.198330,0.450685,4.048480,-0.200490,0.074454,4.194270,-0.185500,0.073914,3.740750,-0.404190,0.806715,3.635960,-0.412440,0.421265,3.420570,-0.397270,0.098724,3.527560,-0.422310,-0.000156
460.000000,3.741170,-0.310580,0.914825,3.760520,-0.213480,0.800374,3.959850,-0.198370,0.450355,4.052060,-0.200890,0.072434,4.197280,-0.186500,0.068304,3.749130,-0.402960,0.805705,3.645020,-0.412120,0.419905,3.423380,-0.397600,0.101484,3.527770,-0.422370,-0.000396
461.000000,3.749390,-0.309570,0.914065,3.768810,-0.212240,0.799835,3.968310,-0.198310,0.450084,4.055530,-0.201090,0.070584,4.200050,-0.187340,0.062724,3.757530,-0.401740,0.804805,3.654530,-0.411840,0.418525,3.426620,-0.397910,0.104474,3.528010,-0.422410,-0.000586
462.000000,3.757610,-0.308560,0.913415,3.777070,-0.211020,0.799395,3.976710,-0.198130,0.449865,4.058870,-0.201090,0.068914,4.202610,-0.187980,0.057265,3.765940,-0.400540,0.804025,3.664490,-0.411610,0.417125,3.430330,-0.398190,0.107704,3.528270,-0.422410,-0.000686
463.000000,3.765810,-0.307570,0.912875,3.785300,-0.209830,0.799055,3.985080,-0.197840,0.449725,4.062060,-0.200920,0.067434,4.204940,-0.188440,0.051994,3.774350,-0.399360,0.803365,3.674930,-0.411420,0.415705,3.434550,-0.398430,0.111154,3.528580,-0.422380,-0.000656
464.000000,3.773990,-0.306590,0.912444,3.793490,-0.208650,0.798825,3.993430,-0.197420,0.449675,4.065040,-0.200590,0.066134,4.207060,-0.188720,0.046984,3.782740,-0.398200,0.802825,3.685840,-0.411280,0.414275,3.439300,-0.398630,0.114834,3.528950,-0.422320,-0.000466
465.000000,3.782130,-0.305620,0.912125,3.801650,-0.207500,0.798694,4.001780,-0.196870,0.449705,4.067800,-0.200170,0.065004,4.208960,-0.188850,0.042274,3.791100,-0.397060,0.802395,3.697240,-0.411180,0.412825,3.444610,-0.398780,0.118714,3.529420,-0.422220,-0.000056
466.000000,3.790230,-0.304660,0.911905,3.809770,-0.206360,0.798675,4.010130,-0.196210,0.449825,4.070300,-0.199690,0.064034,4.210640,-0.188840,0.037914,3.799430,-0.395940,0.802065,3.709100,-0.411110,0.411375,3.450480,-0.398890,0.122804,3.530020,-0.422090,0.000594
467.000000,3.798280,-0.303710,0.911784,3.817840,-0.205230,0.798744,4.018460,-0.195430,0.450005,4.072540,-0.199200,0.063214,4.212120,-0.188730,0.033915,3.807710,-0.394830,0.801835,3.721400,-0.411070,0.409894,3.456900,-0.398960,0.127075,3.530810,-0.421950,0.001544
468.000000,3.806280,-0.302770,0.911755,3.825870,-0.204090,0.798925,4.026760,-0.194560,0.450235,4.074520,-0.198750,0.062534,4.213410,-0.188550,0.030284,3.815950,-0.393710,0.801685,3.734130,-0.411030,0.408425,3.463870,-0.398970,0.131504,3.531850,-0.421810,0.002834
469.000000,3.814220,-0.301830,0.911805,3.833860,-0.202960,0.799195,4.034990,-0.193610,0.450495,4.076260,-0.198380,0.061974,4.214510,-0.188350,0.027055,3.824140,-0.392590,0.801615,3.747240,-0.410980,0.406945,3.471370,-0.398930,0.136095,3.533210,-0.421670,0.004494
470.000000,3.822090,-0.300880,0.911945,3.841800,-0.201810,0.799555,4.043080,-0.192620,0.450735,4.077760,-0.198100,0.061525,4.215430,-0.188140,0.024195,3.832270,-0.391450,0.801605,3.760700,-0.410900,0.405495,3.479370,-0.398840,0.140804,3.534970,-0.421540,0.006544
471.000000,3.829910,-0.299920,0.912145,3.849690,-0.200640,0.799984,4.050990,-0.191600,0.450955,4.079060,-0.197930,0.061154,4.216200,-0.187940,0.021715,3.840340,-0.390300,0.801665,3.774440,-0.410760,0.404075,3.487850,-0.398690,0.145635,3.537200,-0.421430,0.008994
472.000000,3.837660,-0.298950,0.912415,3.857530,-0.199460,0.800494,4.058650,-0.190590,0.451105,4.080170,-0.197860,0.060864,4.216820,-0.187770,0.019585,3.848350,-0.389130,0.801794,3.788430,-0.410560,0.402715,3.496770,-0.398480,0.150544,3.540010,-0.421340,0.011845
473.000000,3.845360,-0.297960,0.912755,3.865320,-0.198260,0.801065,4.066030,-0.189620,0.451185,4.081130,-0.197880,0.060635,4.217300,-0.187640,0.017774,3.856290,-0.387940,0.801975,3.802610,-0.410280,0.401455,3.506120,-0.398220,0.155524,3.543480,-0.421290,0.015085
474.000000,3.852990,-0.296960,0.913145,3.873060,-0.197050,0.801694,4.073080,-0.188720,0.451175,4.081960,-0.197980,0.060445,4.217680,-0.187550,0.016265,3.864150,-0.386740,0.802235,3.816920,-0.409930,0.400335,3.515870,-0.397910,0.160534,3.547700,-0.421260,0.018675
475.000000,3.860560,-0.295950,0.913605,3.880750,-0.195840,0.802385,4.079770,-0.187900,0.451084,4.082680,-0.198150,0.060284,4.217950,-0.187500,0.015015,3.871950,-0.385530,0.802555,3.831310,-0.409500,0.399395,3.526000,-0.397550,0.165544,3.552760,-0.421250,0.022585
476.000000,3.868070,-0.294920,0.914135,3.888390,-0.194640,0.803134,4.086080,-0.187180,0.450895,4.083300,-0.198360,0.060165,4.218140,-0.187490,0.013975,3.879660,-0.384330,0.802964,3.845710,-0.409010,0.398684,3.536510,-0.397150,0.170524,3.558750,-0.421260,0.026735
477.000000,3.875530,-0.293890,0.914725,3.895970,-0.193450,0.803925,4.092010,-0.186570,0.450645,4.083850,-0.198600,0.060055,4.218250,-0.187510,0.013115,3.887300,-0.383150,0.803465,3.860090,-0.408470,0.398235,3.547370,-0.396710,0.175415,3.565720,-0.421300,0.031065
478.000000,3.882940,-0.292850,0.915385,3.903500,-0.192300,0.804775,4.097550,-0.186060,0.450315,4.084330,-0.198850,0.059975,4.218310,-0.187560,0.012415,3.894860,-0.381990,0.804055,3.874410,-0.407910,0.398095,3.558590,-0.396230,0.180174,3.573730,-0.421340,0.035465
479.000000,3.890290,-0.291820,0.916135,3.910980,-0.191180,0.805685,4.102720,-0.185640,0.449935,4.084750,-0.199110,0.059894,4.218330,-0.187620,0.011825,3.902350,-0.380880,0.804764,3.888620,-0.407340,0.398275,3.570160,-0.395740,0.184754,3.582770,-0.421390,0.039835
480.000000,3.897600,-0.290810,0.916965,3.918410,-0.190120,0.806644,4.107540,-0.185310,0.449524,4.085120,-0.199360,0.059835,4.218310,-0.187710,0.011345,3.909760,-0.379810,0.805585,3.902730,-0.406770,0.398794,3.582100,-0.395220,0.189084,3.592820,-0.421430,0.044084
481.000000,3.904860,-0.289810,0.917884,3.925800,-0.189120,0.807675,4.112030,-0.185050,0.449105,4.085430,-0.199590,0.059775,4.218260,-0.187800,0.010944,3.917100,-0.378810,0.806535,3.916720,-0.406240,0.399665,3.594400,-0.394700,0.193114,3.603840,-0.421430,0.048125
482.000000,3.912080,-0.288850,0.918905,3.933140,-0.188190,0.808775,4.116240,-0.184860,0.448675,4.085710,-0.199790,0.059735,4.218190,-0.187890,0.010604,3.924390,-0.377880,0.807605,3.930580,-0.405740,0.400855,3.607080,-0.394180,0.196794,3.615770,-0.421370,0.051874
483.000000,3.919260,-0.287920,0.920015,3.940440,-0.187340,0.809935,4.120190,-0.184710,0.448275,4.085940,-0.199960,0.059714,4.218100,-0.187980,0.010325,3.931610,-0.377020,0.808805,3.944320,-0.405300,0.402344,3.620130,-0.393680,0.200084,3.628540,-0.421240,0.055265
484.000000,3.926410,-0.287020,0.921245,3.947720,-0.186570,0.811165,4.123890,-0.184610,0.447895,4.086140,-0.200100,0.059705,4.218000,-0.188060,0.010075,3.938800,-0.376250,0.810145,3.957960,-0.404920,0.404124,3.633550,-0.393190,0.202954,3.642070,-0.421020,0.058254
485.000000,3.933540,-0.286170,0.922565,3.954970,-0.185880,0.812474,4.127390,-0.184530,0.447555,4.086300,-0.200200,0.059714,4.217900,-0.188130,0.009865,3.945940,-0.375560,0.811605,3.971500,-0.404590,0.406155,3.647320,-0.392730,0.205384,3.656300,-0.420710,0.060805
486.000000,3.940650,-0.285360,0.923984,3.962200,-0.185280,0.813844,4.130680,-0.184460,0.447245,4.086430,-0.200260,0.059754,4.217790,-0.188190,0.009684,3.953060,-0.374950,0.813184,3.984950,-0.404310,0.408385,3.661430,-0.392280,0.207374,3.671170,-0.420290,0.062924
487.000000,3.947730,-0.284610,0.925505,3.969420,-0.184750,0.815275,4.133770,-0.184380,0.446974,4.086530,-0.200300,0.059824,4.217670,-0.188240,0.009514,3.960140,-0.374420,0.814864,3.998340,-0.404060,0.410795,3.675850,-0.391830,0.208904,3.686640,-0.419760,0.064594
488.000000,3.954800,-0.283890,0.927104,3.976620,-0.184300,0.816775,4.136680,-0.184280,0.446745,4.086590,-0.200300,0.059915,4.217550,-0.188280,0.009375,3.967190,-0.373960,0.816624,4.011650,-0.403840,0.413345,3.690560,-0.391370,0.209984,3.702650,-0.419130,0.065814
489.000000,3.961860,-0.283220,0.928775,3.983790,-0.183900,0.818335,4.139410,-0.184150,0.446535,4.086630,-0.200280,0.060025,4.217420,-0.188310,0.009244,3.974200,-0.373560,0.818465,4.024910,-0.403640,0.416004,3.705560,-0.390880,0.210594,3.719170,-0.418410,0.066624
490.000000,3.968900,-0.282600,0.930515,3.990940,-0.183550,0.819935,4.141950,-0.183980,0.446355,4.086650,-0.200240,0.060174,4.217290,-0.188320,0.009115,3.981160,-0.373200,0.820365,4.038100,-0.403460,0.418745,3.720820,-0.390330,0.210764,3.736170,-0.417600,0.067024
491.000000,3.975930,-0.282000,0.932304,3.998040,-0.183230,0.821585,4.144310,-0.183780,0.446205,4.086640,-0.200170,0.060345,4.217160,-0.188330,0.008994,3.988090,-0.372860,0.822304,4.051220,-0.403280,0.421554,3.736330,-0.389740,0.210495,3.753620,-0.416710,0.067044
492.000000,3.982940,-0.281430,0.934145,4.005090,-0.182920,0.823265,4.146500,-0.183540,0.446065,4.086610,-0.200090,0.060534,4.217020,-0.188320,0.008885,3.994980,-0.372540,0.824284,4.064280,-0.403120,0.424425,3.752060,-0.389110,0.209824,3.771490,-0.415760,0.066714
493.000000,3.989940,-0.280890,0.936014,4.012080,-0.182610,0.824975,4.148520,-0.183270,0.445945,4.086560,-0.199990,0.060754,4.216880,-0.188310,0.008785,4.001830,-0.372230,0.826295,4.077260,-0.402960,0.427324,3.768000,-0.388450,0.208775,3.789760,-0.414770,0.066054
494.000000,3.996940,-0.280370,0.937905,4.019010,-0.182310,0.826694,4.150380,-0.182960,0.445855,4.086510,-0.199880,0.060985,4.216740,-0.188300,0.008674,4.008650,-0.371920,0.828315,4.090160,-0.402830,0.430255,3.784120,-0.387790,0.207384,3.808410,-0.413740,0.065114
495.000000,4.003920,-0.279860,0.939794,4.025880,-0.182000,0.828404,4.152090,-0.182640,0.445775,4.086440,-0.199760,0.061235,4.216590,-0.188270,0.008574,4.015450,-0.371600,0.830334,4.102970,-0.402720,0.433195,3.800410,-0.387120,0.205684,3.827420,-0.412710,0.063904
496.000000,4.010900,-0.279370,0.941685,4.032690,-0.181700,0.830105,4.153670,-0.182290,0.445715,4.086370,-0.199650,0.061504,4.216440,-0.188250,0.008474,4.022230,-0.371290,0.832354,4.115670,-0.402630,0.436145,3.816860,-0.386470,0.203695,3.846770,-0.411670,0.062464
497.000000,4.017870,-0.278890,0.943545,4.039450,-0.181390,0.831785,4.155130,-0.181930,0.445685,4.086300,-0.199550,0.061784,4.216280,-0.188220,0.008384,4.029010,-0.370980,0.834345,4.128230,-0.402550,0.439094,3.833460,-0.385830,0.201434,3.866440,-0.410660,0.060835
498.000000,4.024830,-0.278420,0.945385,4.046160,-0.181080,0.833434,4.156480,-0.181570,0.445675,4.086240,-0.199470,0.062074,4.216130,-0.188200,0.008285,4.035800,-0.370680,0.836315,4.140650,-0.402480,0.442034,3.850220,-0.385230,0.198914,3.886430,-0.409680,0.059025
499.000000,4.031800,-0.277970,0.947175,4.052830,-0.180780,0.835035,4.157730,-0.181210,0.445685,4.086180,-0.199420,0.062385,4.215980,-0.188170,0.008204,4.042610,-0.370370,0.838245,4.152900,-0.402410,0.444955,3.867120,-0.384670,0.196175,3.906710,-0.408750,0.057074
500.000000,4.038750,-0.277530,0.948914,4.059470,-0.180480,0.836595,4.158910,-0.180870,0.445725,4.086140,-0.199400,0.062704,4.215840,-0.188150,0.008124,4.049440,-0.370080,0.840114,4.164990,-0.402340,0.447845,3.884180,-0.384140,0.193214,3.927280,-0.407890,0.055024
501.000000,4.045710,-0.277100,0.950585,4.066080,-0.180190,0.838085,4.160020,-0.180540,0.445775,4.086110,-0.199410,0.063024,4.215700,-0.188140,0.008044,4.056290,-0.369790,0.841915,4.176900,-0.402260,0.450675,3.901390,-0.383660,0.190054,3.948120,-0.407090,0.052885
502.000000,4.052650,-0.276690,0.952175,4.072680,-0.179900,0.839515,4.161070,-0.180240,0.445855,4.086080,-0.199430,0.063354,4.215570,-0.188120,0.007974,4.063170,-0.369510,0.843635,4.188640,-0.402180,0.453455,3.918770,-0.383220,0.186715,3.969240,-0.406370,0.050704
503.000000,4.059590,-0.276290,0.953674,4.079250,-0.179620,0.840865,4.162090,-0.179960,0.445935,4.086060,-0.199460,0.063674,4.215460,-0.188110,0.007914,4.070070,-0.369240,0.845264,4.200210,-0.402100,0.456175,3.936310,-0.382830,0.183204,3.990600,-0.405740,0.048484
504.000000,4.066510,-0.275900,0.955075,4.085800,-0.179340,0.842125,4.163090,-0.179700,0.446025,4.086040,-0.199500,0.063994,4.215350,-0.188100,0.007845,4.076990,-0.368980,0.846774,4.211600,-0.402000,0.458825,3.954030,-0.382490,0.179534,4.012220,-0.405220,0.046275
505.000000,4.073410,-0.275530,0.956354,4.092330,-0.179070,0.843284,4.164080,-0.179460,0.446115,4.086010,-0.199530,0.064304,4.215240,-0.188080,0.007784,4.083920,-0.368720,0.848175,4.222800,-0.401900,0.461395,3.971940,-0.382190,0.175734,4.034060,-0.404790,0.044084
506.000000,4.080290,-0.275180,0.957525,4.098840,-0.178810,0.844345,4.165090,-0.179220,0.446185,4.085980,-0.199560,0.064604,4.215140,-0.188060,0.007724,4.090870,-0.368470,0.849445,4.233840,-0.401780,0.463875,3.990020,-0.381950,0.171804,4.056120,-0.404480,0.041925
507.000000,4.087140,-0.274850,0.958565,4.105330,-0.178560,0.845284,4.166120,-0.178970,0.446245,4.085940,-0.199590,0.064894,4.215050,-0.188040,0.007654,4.097820,-0.368240,0.850575,4.244690,-0.401640,0.466265,4.008290,-0.381760,0.167785,4.078390,-0.404290,0.039835
508.000000,4.093970,-0.274540,0.959485,4.111790,-0.178320,0.846105,4.167190,-0.178710,0.446285,4.085900,-0.199610,0.065174,4.214940,-0.188000,0.007585,4.104780,-0.368010,0.851575,4.255370,-0.401490,0.468555,4.026750,-0.381620,0.163664,4.100840,-0.404210,0.037824
509.000000,4.100760,-0.274250,0.960265,4.118230,-0.178090,0.846805,4.168310,-0.178450,0.446295,4.085860,-0.199630,0.065454,4.214840,-0.187970,0.007504,4.111730,-0.367790,0.852434,4.265880,-0.401310,0.470725,4.045380,-0.381550,0.159494,4.123480,-0.404240,0.035915
510.000000,4.107540,-0.273970,0.960915,4.124640,-0.177870,0.847384,4.169470,-0.178170,0.446275,4.085810,-0.199650,0.065714,4.214730,-0.187920,0.007415,4.118680,-0.367580,0.853155,4.276210,-0.401120,0.472765,4.064190,-0.381550,0.155264,4.146290,-0.404380,0.034114
511.000000,4.114280,-0.273720,0.961425,4.131020,-0.177650,0.847824,4.170690,-0.177890,0.446215,4.085760,-0.199670,0.065984,4.214620,-0.187880,0.007324,4.125630,-0.367380,0.853724,4.286370,-0.400900,0.474655,4.083180,-0.381620,0.151004,4.169250,-0.404610,0.032465
512.000000,4.120990,-0.273500,0.961805,4.137380,-0.177460,0.848144,4.171960,-0.177600,0.446135,4.085710,-0.199700,0.066234,4.214500,-0.187840,0.007224,4.132560,-0.367200,0.854164,4.296340,-0.400670,0.476394,4.102340,-0.381750,0.146734,4.192350,-0.404940,0.030964
513.000000,4.127690,-0.273300,0.962044,4.143700,-0.177270,0.848334,4.173290,-0.177310,0.446015,4.085670,-0.199730,0.066484,4.214390,-0.187800,0.007124,4.139480,-0.367020,0.854455,4.306140,-0.400420,0.477955,4.121680,-0.381970,0.142454,4.215580,-0.405370,0.029655
514.000000,4.134360,-0.273130,0.962155,4.150010,-0.177100,0.848395,4.174660,-0.177020,0.445855,4.085620,-0.199780,0.066724,4.214270,-0.187760,0.007014,4.146390,-0.366860,0.854604,4.315760,-0.400150,0.479334,4.141190,-0.382250,0.138204,4.238930,-0.405880,0.028534
515.000000,4.141010,-0.272980,0.962145,4.156300,-0.176950,0.848345,4.176080,-0.176740,0.445665,4.085590,-0.199840,0.066964,4.214160,-0.187720,0.006905,4.153300,-0.366720,0.854615,4.325210,-0.399860,0.480525,4.160880,-0.382610,0.133985,4.262380,-0.406480,0.027654
516.000000,4.147660,-0.272860,0.962005,4.162570,-0.176820,0.848175,4.177540,-0.176460,0.445445,4.085560,-0.199910,0.067194,4.214070,-0.187690,0.006794,4.160190,-0.366590,0.854495,4.334500,-0.399550,0.481515,4.180730,-0.383040,0.129824,4.285920,-0.407150,0.027005
517.000000,4.154300,-0.272780,0.961745,4.168840,-0.176710,0.847905,4.179040,-0.176190,0.445195,4.085550,-0.200000,0.067424,4.213970,-0.187660,0.006684,4.167070,-0.366490,0.854245,4.343630,-0.399220,0.482305,4.200750,-0.383540,0.125754,4.309530,-0.407910,0.026634
518.000000,4.160930,-0.272720,0.961365,4.175100,-0.176620,0.847525,4.180580,-0.175920,0.444915,4.085560,-0.200100,0.067654,4.213890,-0.187630,0.006574,4.173950,-0.366410,0.853874,4.352600,-0.398860,0.482875,4.220920,-0.384110,0.121794,4.333190,-0.408720,0.026535
519.000000,4.167570,-0.272710,0.960875,4.181360,-0.176570,0.847055,4.182160,-0.175650,0.444625,4.085590,-0.200210,0.067884,4.213810,-0.187600,0.006464,4.180830,-0.366360,0.853384,4.361420,-0.398480,0.483235,4.241230,-0.384750,0.117964,4.356890,-0.409600,0.026744
520.000000,4.174210,-0.272720,0.960284,4.187630,-0.176540,0.846495,4.183780,-0.175370,0.444295,4.085630,-0.200330,0.068114,4.213740,-0.187580,0.006344,4.187700,-0.366330,0.852795,4.370090,-0.398070,0.483384,4.261650,-0.385440,0.114294,4.380590,-0.410510,0.027264
521.000000,4.180850,-0.272770,0.959595,4.193910,-0.176550,0.845844,4.185440,-0.175100,0.443955,4.085690,-0.200450,0.068334,4.213680,-0.187550,0.006234,4.194580,-0.366340,0.852094,4.378610,-0.397640,0.483305,4.282170,-0.386190,0.110814,4.404270,-0.411460,0.028125
522.000000,4.187500,-0.272870,0.958815,4.200220,-0.176590,0.845114,4.187150,-0.174830,0.443595,4.085760,-0.200590,0.068564,4.213610,-0.187520,0.006124,4.201470,-0.366380,0.851295,4.386980,-0.397180,0.483025,4.302760,-0.386980,0.107554,4.427910,-0.412440,0.029334
523.000000,4.194170,-0.273000,0.957944,4.206550,-0.176670,0.844314,4.188900,-0.174550,0.443215,4.085840,-0.200720,0.068794,4.213550,-0.187490,0.006004,4.208370,-0.366460,0.850405,4.395210,-0.396690,0.482525,4.323390,-0.387830,0.104524,4.451470,-0.413430,0.030905
524.000000,4.200860,-0.273170,0.956994,4.212910,-0.176790,0.843445,4.190700,-0.174270,0.442814,4.085940,-0.200860,0.069034,4.213480,-0.187460,0.005894,4.215280,-0.366580,0.849434,4.403300,-0.396180,0.481825,4.344030,-0.388720,0.101754,4.474920,-0.414430,0.032855
525.000000,4.207560,-0.273390,0.955964,4.219300,-0.176940,0.842495,4.192560,-0.174000,0.442405,4.086040,-0.201000,0.069274,4.213420,-0.187430,0.005795,4.222210,-0.366730,0.848384,4.411240,-0.395660,0.480925,4.364670,-0.389640,0.099264,4.498220,-0.415420,0.035204
526.000000,4.214290,-0.273640,0.954865,4.225730,-0.177140,0.841495,4.194480,-0.173750,0.441965,4.086140,-0.201140,0.069514,4.213350,-0.187390,0.005684,4.229160,-0.366920,0.847264,4.419040,-0.395120,0.479845,4.385280,-0.390590,0.097064,4.521340,-0.416400,0.037955
527.000000,4.221050,-0.273940,0.953695,4.232210,-0.177370,0.840425,4.196450,-0.173510,0.441515,4.086250,-0.201280,0.069774,4.213270,-0.187340,0.005574,4.236140,-0.367140,0.846075,4.426690,-0.394580,0.478595,4.405830,-0.391560,0.095174,4.544230,-0.417350,0.041125
528.000000,4.227840,-0.274270,0.952454,4.238720,-0.177640,0.839305,4.198500,-0.173300,0.441055,4.086340,-0.201430,0.070034,4.213190,-0.187300,0.005464,4.243140,-0.367400,0.844824,4.434210,-0.394040,0.477175,4.426300,-0.392530,0.093624,4.566840,-0.418280,0.044714
529.000000,4.234670,-0.274640,0.951155,4.245280,-0.177940,0.838125,4.200620,-0.173120,0.440575,4.086430,-0.201580,0.070304,4.213110,-0.187250,0.005354,4.250170,-0.367690,0.843515,4.441600,-0.393520,0.475625,4.446650,-0.393500,0.092404,4.589120,-0.419170,0.048695
530.000000,4.241530,-0.275040,0.949805,4.251880,-0.178260,0.836894,4.202840,-0.172980,0.440075,4.086510,-0.201740,0.070584,4.213020,-0.187200,0.005245,4.257230,-0.368000,0.842135,4.448870,-0.393030,0.473955,4.466840,-0.394430,0.091544,4.611020,-0.420000,0.053065
531.000000,4.248430,-0.275470,0.948385,4.258520,-0.178590,0.835624,4.205170,-0.172870,0.439565,4.086600,-0.201900,0.070864,4.212940,-0.187150,0.005124,4.264320,-0.368330,0.840695,4.456040,-0.392570,0.472185,4.486810,-0.395320,0.091024,4.632480,-0.420780,0.057784
532.000000,4.255360,-0.275920,0.946925,4.265210,-0.178930,0.834305,4.207620,-0.172810,0.439025,4.086690,-0.202080,0.071164,4.212860,-0.187100,0.004994,4.271440,-0.368660,0.839175,4.463110,-0.392160,0.470335,4.506510,-0.396130,0.090864,4.653430,-0.421480,0.062804
533.000000,4.262330,-0.276380,0.945415,4.271940,-0.179260,0.832955,4.210220,-0.172780,0.438465,4.086790,-0.202260,0.071464,4.212780,-0.187060,0.004864,4.278580,-0.368980,0.837585,4.470120,-0.391810,0.468445,4.525870,-0.396840,0.091024,4.673810,-0.422110,0.068054
534.000000,4.269340,-0.276860,0.943855,4.278720,-0.179590,0.831574,4.212990,-0.172810,0.437865,4.086930,-0.202450,0.071784,4.212710,-0.187020,0.004724,4.285750,-0.369300,0.835935,4.477080,-0.391530,0.466525,4.544810,-0.397430,0.091494,4.693560,-0.422660,0.073474
535.000000,4.276390,-0.277350,0.942265,4.285530,-0.179910,0.830155,4.215930,-0.172870,0.437235,4.087110,-0.202660,0.072114,4.212650,-0.186980,0.004584,4.292950,-0.369610,0.834214,4.484020,-0.391310,0.464615,4.563260,-0.397880,0.092224,4.712600,-0.423130,0.078974
536.000000,4.283480,-0.277850,0.940644,4.292370,-0.180220,0.828715,4.219080,-0.172990,0.436565,4.087330,-0.202870,0.072464,4.212600,-0.186950,0.004435,4.300190,-0.369920,0.832454,4.490980,-0.391150,0.462725,4.581130,-0.398150,0.093174,4.730890,-0.423500,0.084444
537.000000,4.290610,-0.278360,0.938995,4.299250,-0.180540,0.827245,4.222440,-0.173140,0.435855,4.087620,-0.203090,0.072844,4.212560,-0.186930,0.004274,4.307480,-0.370230,0.830674,4.497970,-0.391050,0.460885,4.598350,-0.398250,0.094264,4.748340,-0.423790,0.089794
538.000000,4.297780,-0.278870,0.937335,4.306150,-0.180870,0.825744,4.226020,-0.173340,0.435105,4.087960,-0.203320,0.073255,4.212530,-0.186910,0.004114,4.314810,-0.370540,0.828865,4.505030,-0.391000,0.459105,4.614820,-0.398150,0.095444,4.764930,-0.423970,0.094894
539.000000,4.304990,-0.279400,0.935665,4.313080,-0.181220,0.824225,4.229830,-0.173570,0.434325,4.088360,-0.203560,0.073694,4.212520,-0.186900,0.003954,4.322190,-0.370870,0.827055,4.512190,-0.390980,0.457405,4.630490,-0.397840,0.096614,4.780590,-0.424060,0.099654
540.000000,4.312240,-0.279930,0.933995,4.320040,-0.181580,0.822674,4.233870,-0.173830,0.433505,4.088830,-0.203790,0.074184,4.212520,-0.186910,0.003784,4.329630,-0.371220,0.825245,4.519480,-0.390970,0.455795,4.645290,-0.397340,0.097704,4.795290,-0.424020,0.103944
541.000000,4.319530,-0.280460,0.932325,4.327030,-0.181980,0.821114,4.238150,-0.174130,0.432645,4.089360,-0.204010,0.074724,4.212530,-0.186920,0.003614,4.337140,-0.371590,0.823454,4.526930,-0.390950,0.454285,4.659160,-0.396630,0.098614,4.808990,-0.423870,0.107655
542.000000,4.326870,-0.281010,0.930675,4.334070,-0.182400,0.819545,4.242650,-0.174460,0.431755,4.089940,-0.204220,0.075324,4.212550,-0.186940,0.003434,4.344710,-0.371990,0.821694,4.534560,-0.390900,0.452895,4.672060,-0.395740,0.099284,4.821680,-0.423570,0.110694
543.000000,4.334260,-0.281570,0.929045,4.341160,-0.182870,0.817985,4.247390,-0.174800,0.430824,4.090590,-0.204400,0.075984,4.212570,-0.186960,0.003264,4.352360,-0.372420,0.819975,4.542390,-0.390800,0.451625,4.683980,-0.394670,0.099634,4.833360,-0.423120,0.112974
544.000000,4.341700,-0.282140,0.927445,4.348310,-0.183380,0.816415,4.252350,-0.175170,0.429865,4.091280,-0.204550,0.076714,4.212600,-0.186990,0.003084,4.360090,-0.372900,0.818315,4.550430,-0.390640,0.450485,4.694900,-0.393430,0.099624,4.844030,-0.422500,0.114424
545.000000,4.349200,-0.282730,0.925875,4.355540,-0.183950,0.814864,4.257520,-0.175550,0.428885,4.092040,-0.204670,0.077534,4.212620,-0.187020,0.002904,4.367910,-0.373430,0.816705,4.558680,-0.390410,0.449485,4.704850,-0.392040,0.099214,4.853720,-0.421700,0.115004
546.000000,4.356760,-0.283330,0.924345,4.362850,-0.184570,0.813325,4.262920,-0.175950,0.427875,4.092860,-0.204740,0.078454,4.212650,-0.187040,0.002714,4.375810,-0.374010,0.815175,4.567130,-0.390090,0.448615,4.713850,-0.390520,0.098394,4.862470,-0.420700,0.114694
547.000000,4.364390,-0.283950,0.922864,4.370250,-0.185250,0.811805,4.268540,-0.176340,0.426835,4.093740,-0.204760,0.079464,4.212680,-0.187060,0.002524,4.383800,-0.374650,0.813735,4.575760,-0.389710,0.447875,4.721960,-0.388890,0.097184,4.870330,-0.419500,0.113494
548.000000,4.372090,-0.284600,0.921444,4.377750,-0.186000,0.810304,4.274380,-0.176740,0.425775,4.094700,-0.204740,0.080584,4.212700,-0.187080,0.002334,4.391880,-0.375360,0.812374,4.584550,-0.389250,0.447245,4.729210,-0.387170,0.095614,4.877400,-0.418110,0.111444
549.000000,4.379870,-0.285270,0.920075,4.385350,-0.186810,0.808844,4.280440,-0.177130,0.424695,4.095750,-0.204670,0.081834,4.212720,-0.187090,0.002135,4.400040,-0.376120,0.811115,4.593440,-0.388740,0.446705,4.735690,-0.385370,0.093734,4.883740,-0.416540,0.108604
550.000000,4.387720,-0.285960,0.918764,4.393070,-0.187670,0.807424,4.286750,-0.177510,0.423595,4.096900,-0.204550,0.083224,4.212740,-0.187100,0.001924,4.408280,-0.376940,0.809955,4.602400,-0.388190,0.446254,4.741480,-0.383540,0.091604,4.889450,-0.414800,0.105044
551.000000,4.395660,-0.286680,0.917525,4.400880,-0.188580,0.806055,4.293300,-0.177880,0.422485,4.098170,-0.204390,0.084754,4.212760,-0.187100,0.001714,4.416580,-0.377800,0.808885,4.611380,-0.387620,0.445855,4.746680,-0.381720,0.089324,4.894620,-0.412950,0.100864
552.000000,4.403660,-0.287420,0.916365,4.408790,-0.189520,0.804744,4.300120,-0.178220,0.421345,4.099580,-0.204200,0.086444,4.212780,-0.187100,0.001504,4.424950,-0.378700,0.807914,4.620330,-0.387080,0.445515,4.751400,-0.379940,0.086965,4.899340,-0.411020,0.096174
553.000000,4.411740,-0.288170,0.915274,4.416790,-0.190480,0.803505,4.307230,-0.178550,0.420205,4.101170,-0.203970,0.088304,4.212800,-0.187100,0.001304,4.433360,-0.379620,0.807034,4.629220,-0.386570,0.445215,4.755760,-0.378270,0.084614,4.903700,-0.409070,0.091094
554.000000,4.419880,-0.288920,0.914285,4.424880,-0.191440,0.802335,4.314630,-0.178860,0.419054,4.102950,-0.203720,0.090354,4.212820,-0.187100,0.001104,4.441820,-0.380540,0.806245,4.638010,-0.386130,0.444945,4.759850,-0.376760,0.082354,4.907740,-0.407150,0.085724
555.000000,4.428070,-0.289690,0.913374,4.433030,-0.192400,0.801254,4.322370,-0.179140,0.417895,4.104970,-0.203460,0.092594,4.212840,-0.187100,0.000934,4.450300,-0.381460,0.805535,4.646680,-0.385780,0.444725,4.763770,-0.375460,0.080234,4.911510,-0.405340,0.080194
556.000000,4.436290,-0.290440,0.912575,4.441240,-0.193340,0.800265,4.330450,-0.179390,0.416735,4.107270,-0.203180,0.095034,4.212860,-0.187110,0.000784,4.458790,-0.382370,0.804925,4.655240,-0.385550,0.444555,4.767540,-0.374410,0.078284,4.915020,-0.403670,0.074584
557.000000,4.444550,-0.291190,0.911875,4.449490,-0.194250,0.799374,4.338910,-0.179610,0.415575,4.109870,-0.202880,0.097684,4.212880,-0.187130,0.000694,4.467280,-0.383250,0.804395,4.663680,-0.385450,0.444465,4.771190,-0.373640,0.076534,4.918270,-0.402190,0.069014
558.000000,4.452810,-0.291920,0.911285,4.457780,-0.195140,0.798585,4.347760,-0.179800,0.414415,4.112820,-0.202580,0.100554,4.212910,-0.187160,0.000664,4.475770,-0.384100,0.803975,4.672030,-0.385490,0.444455,4.774680,-0.373160,0.074964,4.921260,-0.400950,0.063544
559.000000,4.461080,-0.292630,0.910814,4.466090,-0.195990,0.797905,4.357020,-0.179970,0.413255,4.116160,-0.202270,0.103644,4.212950,-0.187200,0.000734,4.484230,-0.384930,0.803655,4.680310,-0.385660,0.444545,4.777980,-0.372940,0.073594,4.923980,-0.399940,0.058265
560.000000,4.469330,-0.293310,0.910465,4.474430,-0.196810,0.797324,4.366710,-0.180100,0.412085,4.119920,-0.201950,0.106964,4.213030,-0.187240,0.000934,4.492660,-0.385730,0.803445,4.688540,-0.385970,0.444735,4.781040,-0.372960,0.072384,4.926430,-0.399190,0.053234
561.000000,4.477570,-0.293970,0.910224,4.482770,-0.197610,0.796855,4.376860,-0.180200,0.410905,4.124120,-0.201630,0.110514,4.213160,-0.187300,0.001284,4.501050,-0.386520,0.803365,4.696750,-0.386390,0.445034,4.783850,-0.373190,0.071324,4.928610,-0.398670,0.048495
562.000000,4.485760,-0.294610,0.910095,4.491120,-0.198410,0.796474,4.387460,-0.180250,0.409695,4.128790,-0.201290,0.114294,4.213370,-0.187360,0.001824,4.509390,-0.387300,0.803415,4.704930,-0.386930,0.445425,4.786370,-0.373570,0.070394,4.930540,-0.398370,0.044075
563.000000,4.493920,-0.295230,0.910085,4.499460,-0.199210,0.796185,4.398530,-0.180250,0.408475,4.133950,-0.200940,0.118304,4.213710,-0.187440,0.002594,4.517670,-0.388090,0.803585,4.713100,-0.387540,0.445905,4.788620,-0.374060,0.069594,4.932220,-0.398240,0.039984
564.000000,4.502020,-0.295840,0.910174,4.507800,-0.200020,0.795984,4.410070,-0.180180,0.407234,4.139600,-0.200580,0.122545,4.214230,-0.187520,0.003625,4.525890,-0.388890,0.803895,4.721210,-0.388210,0.446435,4.790610,-0.374600,0.068884,4.933680,-0.398250,0.036244
565.000000,4.510070,-0.296460,0.910365,4.516110,-0.200860,0.795864,4.422070,-0.180060,0.405965,4.145740,-0.200200,0.126994,4.214980,-0.187600,0.004945,4.534030,-0.389720,0.804324,4.729240,-0.388930,0.446985,4.792340,-0.375150,0.068274,4.934930,-0.398330,0.032844
566.000000,4.518050,-0.297080,0.910644,4.524400,-0.201740,0.795825,4.434500,-0.179870,0.404685,4.152390,-0.199820,0.131644,4.216010,-0.187690,0.006584,4.542110,-0.390590,0.804885,4.737150,-0.389660,0.447535,4.793830,-0.375670,0.067734,4.936000,-0.398470,0.029795
567.000000,4.525970,-0.297710,0.911004,4.532650,-0.202660,0.795845,4.447360,-0.179630,0.403385,4.159530,-0.199440,0.136494,4.217390,-0.187780,0.008554,4.550100,-0.391500,0.805544,4.744870,-0.390380,0.448055,4.795110,-0.376120,0.067264,4.936900,-0.398620,0.027064
568.000000,4.533830,-0.298380,0.911424,4.540850,-0.203620,0.795925,4.460600,-0.179350,0.402095,4.167160,-0.199070,0.141494,4.219170,-0.187880,0.010854,4.558010,-0.392460,0.806295,4.752360,-0.391080,0.448505,4.796220,-0.376480,0.066844,4.937650,-0.398760,0.024654
569.000000,4.541610,-0.299070,0.911905,4.549000,-0.204640,0.796065,4.474170,-0.179050,0.400815,4.175310,-0.198720,0.146635,4.221420,-0.187990,0.013494,4.565840,-0.393460,0.807125,4.759570,-0.391750,0.448885,4.797170,-0.376740,0.066484,4.938270,-0.398870,0.022555
570.000000,4.549320,-0.299810,0.912435,4.557090,-0.205690,0.796265,4.488030,-0.178760,0.399595,4.183950,-0.198420,0.151864,4.224200,-0.188100,0.016464,4.573580,-0.394510,0.808014,4.766450,-0.392370,0.449165,4.798010,-0.376890,0.066174,4.938760,-0.398960,0.020744
571.000000,4.556960,-0.300580,0.913015,4.565110,-0.206790,0.796505,4.502120,-0.178490,0.398455,4.193090,-0.198170,0.157155,4.227570,-0.188230,0.019755,4.581250,-0.395590,0.808945,4.773000,-0.392930,0.449345,4.798760,-0.376930,0.065904,4.939160,-0.399010,0.019194
572.000000,4.564520,-0.301400,0.913625,4.573050,-0.207930,0.796795,4.516380,-0.178260,0.397425,4.202700,-0.197970,0.162455,4.231620,-0.188390,0.023335,4.588830,-0.396710,0.809895,4.779190,-0.393450,0.449445,4.799470,-0.376870,0.065664,4.939470,-0.399030,0.017885
573.000000,4.572010,-0.302250,0.914265,4.580900,-0.209090,0.797134,4.530750,-0.178080,0.396565,4.212780,-0.197810,0.167724,4.236420,-0.188580,0.027174,4.596330,-0.397860,0.810864,4.785020,-0.393900,0.449445,4.800140,-0.376720,0.065464,4.939700,-0.399010,0.016795
574.000000,4.579420,-0.303140,0.914934,4.588670,-0.210260,0.797535,4.545180,-0.177970,0.395895,4.223290,-0.197690,0.172924,4.242050,-0.188800,0.031234,4.603750,-0.399020,0.811844,4.790530,-0.394310,0.449395,4.800790,-0.376510,0.065284,4.939860,-0.398980,0.015874
575.000000,4.586750,-0.304050,0.915644,4.596350,-0.211450,0.797975,4.559620,-0.177930,0.395445,4.234210,-0.197620,0.178034,4.248600,-0.189070,0.035454,4.611100,-0.400190,0.812814,4.795710,-0.394670,0.449275,4.801430,-0.376260,0.065134,4.939970,-0.398920,0.015114
576.000000,4.594020,-0.304980,0.916385,4.603940,-0.212630,0.798485,4.574030,-0.177950,0.395265,4.245510,-0.197580,0.182984,4.256110,-0.189370,0.039765,4.618390,-0.401350,0.813794,4.800610,-0.395000,0.449135,4.802050,-0.375980,0.065014,4.940020,-0.398860,0.014485
577.000000,4.601210,-0.305920,0.917165,4.611460,-0.213790,0.799055,4.588380,-0.178020,0.395354,4.257170,-0.197570,0.187754,4.264630,-0.189710,0.044084,4.625600,-0.402500,0.814765,4.805250,-0.395310,0.448965,4.802640,-0.375700,0.064904,4.940030,-0.398800,0.013965
578.000000,4.608350,-0.306850,0.917995,4.618900,-0.214920,0.799694,4.602660,-0.178130,0.395744,4.269200,-0.197590,0.192284,4.274180,-0.190100,0.048344,4.632750,-0.403630,0.815744,4.809650,-0.395610,0.448795,4.803200,-0.375440,0.064824,4.940000,-0.398750,0.013535
579.000000,4.615430,-0.307770,0.918875,4.626270,-0.216010,0.800415,4.616850,-0.178280,0.396415,4.281560,-0.197640,0.196535,4.284740,-0.190540,0.052464,4.639840,-0.404710,0.816735,4.813820,-0.395910,0.448615,4.803710,-0.375200,0.064764,4.939940,-0.398710,0.013164
580.000000,4.622460,-0.308670,0.919814,4.633590,-0.217040,0.801235,4.630950,-0.178450,0.397365,4.294260,-0.197710,0.200464,4.296270,-0.191020,0.056375,4.646880,-0.405750,0.817755,4.817790,-0.396240,0.448435,4.804170,-0.375000,0.064714,4.939850,-0.398690,0.012855
581.000000,4.629440,-0.309540,0.920825,4.640850,-0.218020,0.802145,4.644960,-0.178630,0.398574,4.307300,-0.197800,0.204014,4.308700,-0.191560,0.060004,4.653860,-0.406730,0.818785,4.821560,-0.396600,0.448265,4.804570,-0.374850,0.064694,4.939730,-0.398680,0.012595
582.000000,4.636390,-0.310370,0.921905,4.648070,-0.218910,0.803165,4.658890,-0.178820,0.400035,4.320660,-0.197900,0.207165,4.321960,-0.192130,0.063304,4.660790,-0.407650,0.819855,4.825130,-0.397000,0.448095,4.804910,-0.374750,0.064694,4.939600,-0.398690,0.012365
583.000000,4.643310,-0.311150,0.923065,4.655250,-0.219740,0.804285,4.672760,-0.179010,0.401705,4.334340,-0.198010,0.209885,4.335970,-0.192750,0.066214,4.667670,-0.408490,0.820964,4.828500,-0.397440,0.447925,4.805180,-0.374700,0.064704,4.939460,-0.398710,0.012165
584.000000,4.650200,-0.311890,0.924304,4.662400,-0.220490,0.805524,4.686580,-0.179200,0.403575,4.348330,-0.198120,0.212165,4.350640,-0.193380,0.068714,4.674500,-0.409270,0.822114,4.831680,-0.397930,0.447754,4.805400,-0.374720,0.064734,4.939300,-0.398740,0.011984
585.000000,4.657070,-0.312580,0.925625,4.669520,-0.221170,0.806855,4.700350,-0.179390,0.405605,4.362610,-0.198250,0.214004,4.365920,-0.194030,0.070764,4.681270,-0.409990,0.823325,4.834650,-0.398460,0.447595,4.805550,-0.374790,0.064784,4.939140,-0.398800,0.011825
586.000000,4.663930,-0.313220,0.927015,4.676620,-0.221790,0.808295,4.714090,-0.179580,0.407784,4.377160,-0.198400,0.215414,4.381730,-0.194670,0.072374,4.688000,-0.410640,0.824595,4.837430,-0.399040,0.447435,4.805650,-0.374910,0.064844,4.938970,-0.398860,0.011685
587.000000,4.670790,-0.313830,0.928485,4.683690,-0.222360,0.809814,4.727780,-0.179770,0.410085,4.391960,-0.198580,0.216404,4.398050,-0.195290,0.073544,4.694680,-0.411250,0.825925,4.840020,-0.399650,0.447285,4.805690,-0.375070,0.064934,4.938790,-0.398940,0.011544
588.000000,4.677640,-0.314410,0.930014,4.690750,-0.222870,0.811424,4.741420,-0.179970,0.412504,4.407000,-0.198810,0.216984,4.414820,-0.195870,0.074264,4.701320,-0.411810,0.827315,4.842410,-0.400270,0.447145,4.805670,-0.375260,0.065034,4.938620,-0.399020,0.011415
589.000000,4.684500,-0.314960,0.931605,4.697780,-0.223350,0.813105,4.754990,-0.180170,0.415025,4.422260,-0.199080,0.217185,4.432030,-0.196410,0.074574,4.707900,-0.412330,0.828755,4.844640,-0.400900,0.447035,4.805610,-0.375480,0.065165,4.938450,-0.399110,0.011294
590.000000,4.691350,-0.315490,0.933245,4.704800,-0.223780,0.814835,4.768480,-0.180390,0.417635,4.437710,-0.199400,0.216995,4.449660,-0.196880,0.074484,4.714440,-0.412810,0.830245,4.846690,-0.401520,0.446945,4.805500,-0.375720,0.065314,4.938280,-0.399210,0.011165
591.000000,4.698200,-0.316010,0.934914,4.711800,-0.224180,0.816615,4.781880,-0.180620,0.420334,4.453350,-0.199770,0.216444,4.467690,-0.197270,0.074024,4.720930,-0.413250,0.831755,4.848600,-0.402120,0.446885,4.805350,-0.375960,0.065494,4.938110,-0.399310,0.011044
592.000000,4.705060,-0.316510,0.936615,4.718780,-0.224550,0.818424,4.795170,-0.180860,0.423104,4.469160,-0.200180,0.215534,4.486110,-0.197590,0.073224,4.727380,-0.413670,0.833284,4.850370,-0.402680,0.446855,4.805170,-0.376200,0.065684,4.937940,-0.399410,0.010925
593.000000,4.711910,-0.316990,0.938315,4.725750,-0.224880,0.820245,4.808340,-0.181120,0.425934,4.485130,-0.200620,0.214284,4.504900,-0.197820,0.072114,4.733770,-0.414050,0.834815,4.852020,-0.403200,0.446864,4.804970,-0.376440,0.065904,4.937770,-0.399520,0.010805
594.000000,4.718770,-0.317470,0.940014,4.732710,-0.225190,0.822075,4.821380,-0.181400,0.428805,4.501250,-0.201070,0.212704,4.524050,-0.197970,0.070724,4.740120,-0.414410,0.836325,4.853540,-0.403680,0.446895,4.804760,-0.376670,0.066144,4.937600,-0.399610,0.010674
595.000000,4.725620,-0.317940,0.941705,4.739650,-0.225480,0.823894,4.834290,-0.181710,0.431715,4.517520,-0.201540,0.210814,4.543540,-0.198040,0.069094,4.746440,-0.414750,0.837815,4.854960,-0.404110,0.446965,4.804550,-0.376890,0.066394,4.937440,-0.399710,0.010555
596.000000,4.732470,-0.318410,0.943354,4.746590,-0.225750,0.825685,4.847060,-0.182030,0.434635,4.533920,-0.201990,0.208614,4.563360,-0.198040,0.067244,4.752710,-0.415060,0.839264,4.856280,-0.404500,0.447055,4.804340,-0.377090,0.066654,4.937280,-0.399800,0.010434
597.000000,4.739320,-0.318860,0.944964,4.753530,-0.226000,0.827445,4.859680,-0.182370,0.437555,4.550470,-0.202440,0.206144,4.583500,-0.197980,0.065214,4.758950,-0.415350,0.840665,4.857540,-0.404850,0.447155,4.804150,-0.377270,0.066914,4.937120,-0.399880,0.010315
598.000000,4.746160,-0.319310,0.946524,4.760460,-0.226230,0.829145,4.872150,-0.182730,0.440475,4.567170,-0.202850,0.203404,4.603950,-0.197870,0.063034,4.765170,-0.415630,0.842014,4.858750,-0.405170,0.447275,4.803980,-0.377430,0.067174,4.936960,-0.399960,0.010205
599.000000,4.752990,-0.319740,0.948014,4.767400,-0.226450,0.830785,4.884460,-0.183110,0.443364,4.584030,-0.203240,0.200395,4.624700,-0.197710,0.060735,4.771360,-0.415890,0.843295,4.859940,-0.405470,0.447375,4.803830,-0.377570,0.067444,4.936800,-0.400030,0.010084
600.000000,4.759800,-0.320170,0.949435,4.774330,-0.226650,0.832354,4.896620,-0.183510,0.446225,4.601070,-0.203570,0.197124,4.645750,-0.197510,0.058354,4.777540,-0.416130,0.844495,4.861130,-0.405770,0.447465,4.803700,-0.377680,0.067694,4.936640,-0.400090,0.009975
601.000000,4.766610,-0.320580,0.950785,4.781260,-0.226850,0.833835,4.908620,-0.183940,0.449035,4.618320,-0.203850,0.193584,4.667080,-0.197270,0.055905,4.783700,-0.416360,0.845625,4.862340,-0.406080,0.447545,4.803600,-0.377790,0.067954,4.936480,-0.400140,0.009875
602.000000,4.773390,-0.320980,0.952035,4.788200,-0.227030,0.835234,4.920460,-0.184390,0.451795,4.635790,-0.204060,0.189795,4.688700,-0.196990,0.053435,4.789850,-0.416580,0.846665,4.863570,-0.406390,0.447595,4.803510,-0.377870,0.068194,4.936330,-0.400190,0.009764
603.000000,4.780160,-0.321360,0.953205,4.795130,-0.227200,0.836535,4.932130,-0.184870,0.454485,4.653530,-0.204200,0.185745,4.710580,-0.196670,0.050965,4.796000,-0.416770,0.847604,4.864820,-0.406700,0.447635,4.803450,-0.377950,0.068434,4.936180,-0.400230,0.009664
604.000000,4.786900,-0.321730,0.954265,4.802060,-0.227360,0.837724,4.943630,-0.185370,0.457115,4.671530,-0.204270,0.181465,4.732730,-0.196310,0.048515,4.802130,-0.416950,0.848455,4.866100,-0.407010,0.447665,4.803420,-0.378010,0.068674,4.936040,-0.400270,0.009565
605.000000,4.793610,-0.322080,0.955234,4.808980,-0.227510,0.838815,4.954960,-0.185900,0.459655,4.689800,-0.204270,0.176994,4.755130,-0.195910,0.046124,4.808260,-0.417120,0.849205,4.867390,-0.407310,0.447685,4.803400,-0.378070,0.068904,4.935900,-0.400310,0.009454
606.000000,4.800310,-0.322410,0.956095,4.815890,-0.227640,0.839794,4.966130,-0.186460,0.462105,4.708340,-0.204210,0.172365,4.777760,-0.195490,0.043814,4.814380,-0.417270,0.849845,4.868710,-0.407590,0.447694,4.803410,-0.378110,0.069134,4.935770,-0.400340,0.009344
607.000000,4.806980,-0.322720,0.956844,4.822790,-0.227770,0.840665,4.977110,-0.187040,0.464455,4.727160,-0.204100,0.167604,4.800630,-0.195030,0.041594,4.820490,-0.417400,0.850384,4.870050,-0.407860,0.447685,4.803430,-0.378150,0.069364,4.935630,-0.400380,0.009234
608.000000,4.813630,-0.323000,0.957485,4.829670,-0.227870,0.841415,4.987920,-0.187650,0.466705,4.746250,-0.203940,0.162744,4.823700,-0.194540,0.039504,4.826590,-0.417510,0.850815,4.871420,-0.408110,0.447655,4.803470,-0.378190,0.069604,4.935500,-0.400410,0.009125
609.000000,4.820260,-0.323270,0.958014,4.836550,-0.227970,0.842055,4.998550,-0.188290,0.468835,4.765620,-0.203750,0.157814,4.846980,-0.194030,0.037545,4.832680,-0.417610,0.851144,4.872840,-0.408330,0.447605,4.803520,-0.378210,0.069834,4.935370,-0.400440,0.009004
610.000000,4.826870,-0.323500,0.958434,4.843410,-0.228050,0.842575,5.009000,-0.188950,0.470844,4.785270,-0.203520,0.152844,4.870430,-0.193480,0.035744,4.838760,-0.417690,0.851364,4.874290,-0.408530,0.447525,4.803580,-0.378220,0.070074,4.935230,-0.400470,0.008885
611.000000,4.833470,-0.323720,0.958744,4.850260,-0.228120,0.842975,5.019270,-0.189620,0.472725,4.805180,-0.203250,0.147874,4.894050,-0.192900,0.034125,4.844840,-0.417750,0.851475,4.875780,-0.408710,0.447425,4.803650,-0.378220,0.070304,4.935090,-0.400500,0.008754
612.000000,4.840060,-0.323900,0.958955,4.857100,-0.228180,0.843264,5.029360,-0.190310,0.474465,4.825310,-0.202960,0.142945,4.917800,-0.192300,0.032695,4.850910,-0.417800,0.851495,4.877300,-0.408860,0.447304,4.803720,-0.378210,0.070534,4.934950,-0.400530,0.008625
613.000000,4.846640,-0.324060,0.959044,4.863930,-0.228240,0.843445,5.039280,-0.191010,0.476055,4.845620,-0.202650,0.138094,4.941680,-0.191660,0.031464,4.856980,-0.417840,0.851425,4.878870,-0.408980,0.447155,4.803780,-0.378180,0.070754,4.934810,-0.400550,0.008484
614.000000,4.853220,-0.324200,0.959044,4.870760,-0.228290,0.843504,5.049020,-0.191710,0.477485,4.866070,-0.202340,0.133364,4.965650,-0.190990,0.030455,4.863060,-0.417870,0.851275,4.880480,-0.409080,0.446995,4.803840,-0.378140,0.070954,4.934670,-0.400560,0.008334
615.000000,4.859800,-0.324310,0.958944,4.877580,-0.228340,0.843465,5.058600,-0.192420,0.478755,4.886640,-0.202020,0.128774,4.989700,-0.190300,0.029685,4.869150,-0.417900,0.851044,4.882120,-0.409160,0.446815,4.803900,-0.378080,0.071144,4.934530,-0.400570,0.008185
616.000000,4.866380,-0.324400,0.958755,4.884390,-0.228390,0.843305,5.067990,-0.193140,0.479845,4.907300,-0.201730,0.124344,5.013810,-0.189590,0.029174,4.875250,-0.417920,0.850754,4.883790,-0.409210,0.446625,4.803960,-0.378010,0.071324,4.934400,-0.400570,0.008025
617.000000,4.872970,-0.324460,0.958465,4.891210,-0.228450,0.843044,5.077200,-0.193840,0.480735,4.928050,-0.201480,0.120105,5.037960,-0.188860,0.028935,4.881380,-0.417950,0.850405,4.885500,-0.409250,0.446415,4.804010,-0.377920,0.071484,4.934270,-0.400560,0.007864
618.000000,4.879560,-0.324500,0.958085,4.898010,-0.228520,0.842674,5.086220,-0.194540,0.481415,4.948880,-0.201260,0.116034,5.062120,-0.188130,0.028994,4.887520,-0.417980,0.849994,4.887240,-0.409260,0.446194,4.804070,-0.377810,0.071624,4.934150,-0.400540,0.007704
619.000000,4.886160,-0.324510,0.957624,4.904810,-0.228590,0.842195,5.095040,-0.195210,0.481895,4.969780,-0.201080,0.112174,5.086280,-0.187400,0.029374,4.893690,-0.418020,0.849525,4.889010,-0.409260,0.445955,4.804140,-0.377690,0.071754,4.934030,-0.400530,0.007534
620.000000,4.892770,-0.324510,0.957075,4.911610,-0.228660,0.841615,5.103660,-0.195870,0.482164,4.990740,-0.200920,0.108514,5.110410,-0.186690,0.030104,4.899880,-0.418050,0.848994,4.890810,-0.409250,0.445705,4.804210,-0.377550,0.071884,4.933920,-0.400530,0.007374
621.000000,4.899380,-0.324470,0.956435,4.918410,-0.228720,0.840935,5.112090,-0.196500,0.482225,5.011740,-0.200760,0.105084,5.134480,-0.186000,0.031205,4.906100,-0.418070,0.848384,4.892650,-0.409230,0.445435,4.804280,-0.377400,0.072014,4.933820,-0.400530,0.007214
622.000000,4.906020,-0.324410,0.955715,4.925230,-0.228780,0.840155,5.120330,-0.197100,0.482075,5.032780,-0.200610,0.101884,5.158470,-0.185350,0.032684,4.912360,-0.418090,0.847715,4.894520,-0.409210,0.445155,4.804370,-0.377230,0.072144,4.933720,-0.400550,0.007064
623.000000,4.912670,-0.324330,0.954914,4.932070,-0.228830,0.839284,5.128380,-0.197660,0.481724,5.053840,-0.200440,0.098954,5.182330,-0.184740,0.034595,4.918670,-0.418100,0.846965,4.896430,-0.409170,0.444855,4.804450,-0.377060,0.072274,4.933630,-0.400570,0.006924
624.000000,4.919350,-0.324220,0.954025,4.938950,-0.228870,0.838315,5.136230,-0.198200,0.481175,5.074890,-0.200270,0.096294,5.206020,-0.184170,0.036924,4.925040,-0.418090,0.846144,4.898390,-0.409140,0.444534,4.804530,-0.376870,0.072434,4.933550,-0.400600,0.006775
625.000000,4.926060,-0.324080,0.953064,4.945870,-0.228890,0.837255,5.143900,-0.198700,0.480444,5.095920,-0.200080,0.093944,5.229490,-0.183660,0.039684,4.931470,-0.418070,0.845245,4.900410,-0.409100,0.444195,4.804620,-0.376670,0.072604,4.933470,-0.400650,0.006634
626.000000,4.932800,-0.323920,0.952025,4.952840,-0.228900,0.836114,5.151390,-0.199160,0.479525,5.116880,-0.199890,0.091924,5.252700,-0.183200,0.042884,4.937980,-0.418040,0.844264,4.902500,-0.409060,0.443845,4.804710,-0.376470,0.072794,4.933410,-0.400700,0.006494
627.000000,4.939580,-0.323750,0.950914,4.959870,-0.228890,0.834894,5.158700,-0.199600,0.478444,5.137740,-0.199700,0.090244,5.275580,-0.182800,0.046504,4.944550,-0.417980,0.843214,4.904670,-0.409010,0.443465,4.804800,-0.376250,0.073004,4.933350,-0.400750,0.006334
628.000000,4.946400,-0.323550,0.949735,4.966930,-0.228860,0.833604,5.165850,-0.200000,0.477224,5.158440,-0.199500,0.088934,5.298060,-0.182460,0.050514,4.951180,-0.417910,0.842094,4.906930,-0.408950,0.443065,4.804900,-0.376020,0.073244,4.933290,-0.400810,0.006174
629.000000,4.953260,-0.323340,0.948504,4.974050,-0.228820,0.832265,5.172860,-0.200370,0.475865,5.178920,-0.199320,0.087984,5.320100,-0.182200,0.054885,4.957880,-0.417820,0.840915,4.909310,-0.408870,0.442644,4.805010,-0.375780,0.073504,4.933250,-0.400860,0.006014
630.000000,4.960160,-0.323120,0.947215,4.981210,-0.228760,0.830865,5.179740,-0.200710,0.474405,5.199120,-0.199180,0.087414,5.341620,-0.182000,0.059555,4.964630,-0.417720,0.839674,4.911810,-0.408790,0.442185,4.805140,-0.375530,0.073784,4.933200,-0.400920,0.005834
631.000000,4.967110,-0.322900,0.945875,4.988410,-0.228680,0.829425,5.186510,-0.201030,0.472855,5.218970,-0.199070,0.087194,5.362550,-0.181880,0.064485,4.971430,-0.417600,0.838375,4.914470,-0.408690,0.441704,4.805290,-0.375270,0.074094,4.933170,-0.400970,0.005644
632.000000,4.974100,-0.322660,0.944495,4.995650,-0.228590,0.827955,5.193220,-0.201310,0.471245,5.238370,-0.199030,0.087304,5.382840,-0.181830,0.069594,4.978290,-0.417470,0.837025,4.917310,-0.408580,0.441185,4.805460,-0.374990,0.074424,4.933140,-0.401010,0.005455
633.000000,4.981140,-0.322420,0.943084,5.002930,-0.228480,0.826465,5.199880,-0.201570,0.469595,5.257240,-0.199070,0.087724,5.402430,-0.181850,0.074794,4.985190,-0.417330,0.835635,4.920340,-0.408460,0.440635,4.805680,-0.374720,0.074784,4.933120,-0.401050,0.005245
634.000000,4.988220,-0.322170,0.941644,5.010250,-0.228360,0.824944,5.206540,-0.201810,0.467935,5.275520,-0.199200,0.088384,5.421240,-0.181950,0.080014,4.992150,-0.417170,0.834214,4.923580,-0.408320,0.440045,4.805940,-0.374440,0.075164,4.933120,-0.401090,0.005034
635.000000,4.995350,-0.321920,0.940184,5.017600,-0.228230,0.823415,5.213230,-0.202020,0.466285,5.293110,-0.199450,0.089244,5.439230,-0.182120,0.085134,4.999150,-0.416990,0.832774,4.927060,-0.408180,0.439424,4.806250,-0.374180,0.075564,4.933120,-0.401110,0.004804
636.000000,5.002520,-0.321660,0.938694,5.024990,-0.228080,0.821875,5.220000,-0.202220,0.464665,5.309940,-0.199820,0.090234,5.456350,-0.182360,0.090074,5.006210,-0.416800,0.831315,4.930780,-0.408030,0.438765,4.806640,-0.373930,0.075994,4.933140,-0.401130,0.004574
637.000000,5.009740,-0.321390,0.937204,5.032430,-0.227910,0.820325,5.226870,-0.202400,0.463085,5.325950,-0.200340,0.091264,5.472540,-0.182680,0.094704,5.013310,-0.416600,0.829844,4.934740,-0.407860,0.438075,4.807090,-0.373710,0.076444,4.933170,-0.401140,0.004344
638.000000,5.017000,-0.321110,0.935705,5.039900,-0.227720,0.818785,5.233880,-0.202590,0.461574,5.341080,-0.201020,0.092264,5.487770,-0.183070,0.098934,5.020460,-0.416380,0.828365,4.938960,-0.407700,0.437345,4.807620,-0.373510,0.076944,4.933220,-0.401150,0.004095
639.000000,5.024310,-0.320820,0.934204,5.047420,-0.227520,0.817245,5.241060,-0.202790,0.460145,5.355280,-0.201860,0.093154,5.502000,-0.183550,0.102654,5.027660,-0.416140,0.826885,4.943430,-0.407530,0.436594,4.808230,-0.373350,0.077484,4.933280,-0.401160,0.003854
640.000000,5.031670,-0.320510,0.932705,5.054990,-0.227300,0.815725,5.248440,-0.203020,0.458794,5.368520,-0.202870,0.093854,5.515220,-0.184110,0.105774,5.034920,-0.415890,0.825404,4.948160,-0.407360,0.435805,4.808910,-0.373220,0.078074,4.933350,-0.401160,0.003604
641.000000,5.039070,-0.320200,0.931215,5.062620,-0.227070,0.814225,5.256020,-0.203280,0.457555,5.380780,-0.204030,0.094294,5.527410,-0.184780,0.108204,5.042230,-0.415620,0.823935,4.953120,-0.407200,0.435005,4.809670,-0.373130,0.078724,4.933440,-0.401180,0.003354
642.000000,5.046540,-0.319870,0.929735,5.070310,-0.226810,0.812744,5.263820,-0.203590,0.456415,5.392040,-0.205330,0.094424,5.538570,-0.185560,0.109874,5.049600,-0.415320,0.822474,4.958320,-0.407050,0.434165,4.810500,-0.373070,0.079454,4.933530,-0.401200,0.003094
643.000000,5.054060,-0.319510,0.928285,5.078070,-0.226520,0.811304,5.271830,-0.203960,0.455395,5.402300,-0.206740,0.094194,5.548720,-0.186480,0.110744,5.057050,-0.415000,0.821025,4.963760,-0.406910,0.433315,4.811390,-0.373060,0.080274,4.933640,-0.401230,0.002844
644.000000,5.061650,-0.319140,0.926855,5.085900,-0.226200,0.809914,5.280040,-0.204400,0.454495,5.411600,-0.208240,0.093584,5.557880,-0.187540,0.110764,5.064560,-0.414650,0.819595,4.969420,-0.406790,0.432434,4.812350,-0.373100,0.081184,4.933740,-0.401270,0.002584
645.000000,5.069300,-0.318750,0.925455,5.093810,-0.225850,0.808574,5.288450,-0.204900,0.453705,5.419950,-0.209800,0.092585,5.566100,-0.188770,0.109934,5.072160,-0.414260,0.818184,4.975310,-0.406690,0.431525,4.813380,-0.373190,0.082204,4.933860,-0.401330,0.002334
646.000000,5.077030,-0.318340,0.924104,5.101790,-0.225450,0.807295,5.297030,-0.205470,0.453045,5.427400,-0.211420,0.091225,5.573430,-0.190170,0.108274,5.079850,-0.413830,0.816805,4.981420,-0.406610,0.430585,4.814480,-0.373330,0.083334,4.933970,-0.401400,0.002074
647.000000,5.084830,-0.317900,0.922795,5.109850,-0.225000,0.806084,5.305750,-0.206090,0.452475,5.434010,-0.213060,0.089554,5.579940,-0.191720,0.105844,5.087630,-0.413360,0.815454,4.987770,-0.406560,0.429625,4.815660,-0.373530,0.084604,4.934090,-0.401500,0.001804
648.000000,5.092700,-0.317430,0.921544,5.117970,-0.224500,0.804955,5.314580,-0.206770,0.452015,5.439860,-0.214720,0.087614,5.585700,-0.193430,0.102704,5.095500,-0.412840,0.814145,4.994360,-0.406530,0.428635,4.816940,-0.373790,0.086004,4.934210,-0.401610,0.001534
649.000000,5.100650,-0.316940,0.920365,5.126160,-0.223940,0.803914,5.323470,-0.207480,0.451625,5.445030,-0.216360,0.085494,5.590810,-0.195250,0.098954,5.103470,-0.412260,0.812875,5.001210,-0.406530,0.427615,4.818330,-0.374110,0.087564,4.934330,-0.401750,0.001254
650.000000,5.108680,-0.316420,0.919245,5.134390,-0.223330,0.802955,5.332380,-0.208210,0.451315,5.449650,-0.217950,0.083264,5.595360,-0.197160,0.094714,5.111520,-0.411640,0.811665,5.008330,-0.406570,0.426565,4.819850,-0.374490,0.089284,4.934460,-0.401900,0.000964
651.000000,5.116770,-0.315880,0.918204,5.142660,-0.222660,0.802104,5.341270,-0.208940,0.451055,5.453810,-0.219440,0.081004,5.599430,-0.199100,0.090094,5.119660,-0.410970,0.810524,5.015730,-0.406640,0.425485,4.821540,-0.374920,0.091184,4.934590,-0.402050,0.000654
652.000000,5.124930,-0.315320,0.917265,5.150960,-0.221930,0.801354,5.350120,-0.209640,0.450845,5.457630,-0.220810,0.078784,5.603100,-0.201020,0.085224,5.127870,-0.410250,0.809465,5.023450,-0.406740,0.424375,4.823420,-0.375410,0.093284,4.934740,-0.402210,0.000354
653.000000,5.133140,-0.314740,0.916415,5.159260,-0.221160,0.800714,5.358890,-0.210310,0.450685,5.461210,-0.222000,0.076674,5.606450,-0.202850,0.080204,5.136150,-0.409480,0.808485,5.031510,-0.406900,0.423245,4.825550,-0.375950,0.095574,4.934910,-0.402360,0.000044
654.000000,5.141400,-0.314140,0.915664,5.167570,-0.220340,0.800185,5.367580,-0.210910,0.450565,5.464620,-0.222980,0.074704,5.609520,-0.204530,0.075114,5.144490,-0.408680,0.807605,5.039920,-0.407100,0.422095,4.827950,-0.376530,0.098094,4.935080,-0.402500,-0.000246
655.000000,5.149690,-0.313540,0.915015,5.175860,-0.219480,0.799775,5.376180,-0.211430,0.450485,5.467890,-0.223730,0.072894,5.612360,-0.206030,0.070044,5.152880,-0.407850,0.806825,5.048720,-0.407350,0.420925,4.830670,-0.377150,0.100834,4.935270,-0.402600,-0.000506
656.000000,5.158010,-0.312920,0.914485,5.184150,-0.218600,0.799474,5.384690,-0.211870,0.450445,5.471050,-0.224230,0.071264,5.614980,-0.207300,0.065034,5.161310,-0.407000,0.806145,5.057930,-0.407650,0.419735,4.833760,-0.377800,0.103814,4.935470,-0.402680,-0.000716
657.000000,5.166350,-0.312310,0.914065,5.192420,-0.217680,0.799295,5.393130,-0.212200,0.450465,5.474070,-0.224510,0.069814,5.617400,-0.208330,0.060155,5.169780,-0.406120,0.805565,5.067580,-0.408010,0.418525,4.837280,-0.378470,0.107024,4.935690,-0.402730,-0.000836
658.000000,5.174690,-0.311690,0.913745,5.200670,-0.216750,0.799235,5.401510,-0.212430,0.450535,5.476920,-0.224590,0.068524,5.619620,-0.209100,0.055434,5.178280,-0.405230,0.805084,5.077680,-0.408430,0.417305,4.841250,-0.379160,0.110464,4.935940,-0.402740,-0.000846
659.000000,5.183030,-0.311070,0.913535,5.208910,-0.215800,0.799285,5.409850,-0.212530,0.450665,5.479590,-0.224510,0.067394,5.621660,-0.209640,0.050904,5.186810,-0.404330,0.804694,5.088240,-0.408900,0.416054,4.845720,-0.379850,0.114134,4.936230,-0.402720,-0.000706
660.000000,5.191370,-0.310450,0.913415,5.217140,-0.214830,0.799435,5.418140,-0.212530,0.450825,5.482050,-0.224290,0.066394,5.623510,-0.209970,0.046594,5.195360,-0.403410,0.804374,5.099290,-0.409430,0.414775,4.850720,-0.380540,0.118004,4.936590,-0.402680,-0.000376
661.000000,5.199680,-0.309830,0.913385,5.225370,-0.213850,0.799685,5.426390,-0.212410,0.451024,5.484310,-0.223990,0.065514,5.625180,-0.210110,0.042515,5.203940,-0.402490,0.804134,5.110810,-0.410000,0.413475,4.856260,-0.381220,0.122084,4.937060,-0.402620,0.000194
662.000000,5.207970,-0.309210,0.913424,5.233590,-0.212870,0.800025,5.434560,-0.212180,0.451235,5.486370,-0.223610,0.064734,5.626690,-0.210130,0.038664,5.212520,-0.401550,0.803945,5.122790,-0.410610,0.412125,4.862370,-0.381890,0.126325,4.937670,-0.402550,0.001034
663.000000,5.216230,-0.308580,0.913525,5.241790,-0.211870,0.800445,5.442640,-0.211840,0.451414,5.488260,-0.223200,0.064014,5.628040,-0.210050,0.035064,5.221110,-0.400610,0.803805,5.135230,-0.411240,0.410735,4.869040,-0.382530,0.130724,4.938500,-0.402490,0.002174
664.000000,5.224450,-0.307950,0.913685,5.249980,-0.210870,0.800914,5.450590,-0.211410,0.451555,5.490000,-0.222760,0.063364,5.629250,-0.209910,0.031714,5.229680,-0.399650,0.803714,5.148090,-0.411880,0.409315,4.876270,-0.383150,0.135254,4.939590,-0.402440,0.003644
665.000000,5.232630,-0.307300,0.913884,5.258150,-0.209850,0.801435,5.458360,-0.210900,0.451634,5.491580,-0.222320,0.062754,5.630300,-0.209740,0.028604,5.238230,-0.398690,0.803655,5.161340,-0.412510,0.407875,4.884030,-0.383740,0.139884,4.941020,-0.402400,0.005455
666.000000,5.240760,-0.306640,0.914125,5.266290,-0.208840,0.802005,5.465900,-0.210320,0.451625,5.493040,-0.221910,0.062175,5.631220,-0.209560,0.025774,5.246750,-0.397720,0.803644,5.174930,-0.413120,0.406425,4.892310,-0.384290,0.144615,4.942850,-0.402400,0.007625
667.000000,5.248840,-0.305970,0.914405,5.274390,-0.207820,0.802585,5.473200,-0.209680,0.451515,5.494380,-0.221550,0.061614,5.632000,-0.209400,0.023204,5.255210,-0.396750,0.803665,5.188820,-0.413670,0.404985,4.901080,-0.384800,0.149394,4.945170,-0.402430,0.010145
668.000000,5.256870,-0.305280,0.914694,5.282430,-0.206810,0.803195,5.480200,-0.209010,0.451325,5.495610,-0.221230,0.061085,5.632640,-0.209250,0.020914,5.263600,-0.395770,0.803735,5.202960,-0.414160,0.403585,4.910320,-0.385280,0.154224,4.948070,-0.402500,0.013015
669.000000,5.264840,-0.304580,0.915025,5.290420,-0.205800,0.803825,5.486910,-0.208330,0.451045,5.496720,-0.220990,0.060595,5.633170,-0.209120,0.018905,5.271920,-0.394800,0.803855,5.217290,-0.414560,0.402265,4.920000,-0.385720,0.159074,4.951620,-0.402620,0.016205
670.000000,5.272740,-0.303870,0.915385,5.298330,-0.204810,0.804465,5.493300,-0.207640,0.450685,5.497720,-0.220820,0.060135,5.633580,-0.209030,0.017185,5.280150,-0.393830,0.804025,5.231760,-0.414880,0.401075,4.930110,-0.386120,0.163904,4.955930,-0.402790,0.019695
671.000000,5.280580,-0.303150,0.915775,5.306160,-0.203840,0.805125,5.499370,-0.206980,0.450275,5.498620,-0.220720,0.059725,5.633900,-0.208960,0.015714,5.288290,-0.392890,0.804254,5.246310,-0.415100,0.400035,4.940610,-0.386480,0.168714,4.961090,-0.403010,0.023435
672.000000,5.288350,-0.302430,0.916215,5.313920,-0.202880,0.805805,5.505120,-0.206340,0.449825,5.499390,-0.220690,0.059375,5.634130,-0.208910,0.014495,5.296320,-0.391960,0.804565,5.260910,-0.415230,0.399215,4.951510,-0.386810,0.173454,4.967210,-0.403290,0.027384
673.000000,5.296050,-0.301700,0.916705,5.321580,-0.201960,0.806524,5.510560,-0.205740,0.449355,5.500050,-0.220740,0.059085,5.634280,-0.208890,0.013494,5.304250,-0.391060,0.804955,5.275490,-0.415290,0.398645,4.962780,-0.387100,0.178104,4.974350,-0.403620,0.031464
674.000000,5.303680,-0.300980,0.917265,5.329170,-0.201080,0.807275,5.515690,-0.205190,0.448875,5.500610,-0.220850,0.058865,5.634370,-0.208870,0.012675,5.312080,-0.390190,0.805435,5.290040,-0.415290,0.398355,4.974410,-0.387360,0.182614,4.982570,-0.404030,0.035575
675.000000,5.311250,-0.300280,0.917895,5.336670,-0.200240,0.808084,5.520540,-0.204700,0.448395,5.501060,-0.221010,0.058704,5.634410,-0.208870,0.012015,5.319820,-0.389370,0.806014,5.304520,-0.415240,0.398385,4.986410,-0.387590,0.186935,4.991910,-0.404490,0.039644
676.000000,5.318760,-0.299580,0.918605,5.344100,-0.199440,0.808955,5.525110,-0.204260,0.447945,5.501430,-0.221200,0.058615,5.634400,-0.208870,0.011495,5.327470,-0.388590,0.806694,5.318910,-0.415170,0.398745,4.998770,-0.387810,0.191015,5.002350,-0.405020,0.043575
677.000000,5.326210,-0.298920,0.919395,5.351470,-0.198700,0.809895,5.529410,-0.203880,0.447515,5.501720,-0.221430,0.058574,5.634350,-0.208870,0.011075,5.335030,-0.387870,0.807485,5.333210,-0.415080,0.399435,5.011500,-0.388020,0.194794,5.013870,-0.405590,0.047274
678.000000,5.333610,-0.298270,0.920295,5.358790,-0.198030,0.810905,5.533480,-0.203570,0.447135,5.501950,-0.221660,0.058585,5.634280,-0.208870,0.010745,5.342520,-0.387210,0.808374,5.347420,-0.414990,0.400465,5.024600,-0.388220,0.198205,5.026380,-0.406190,0.050674
679.000000,5.340960,-0.297660,0.921295,5.366070,-0.197410,0.811984,5.537330,-0.203340,0.446795,5.502130,-0.221910,0.058634,5.634180,-0.208860,0.010485,5.349940,-0.386610,0.809385,5.361520,-0.414920,0.401805,5.038090,-0.388430,0.201204,5.039830,-0.406820,0.053705
680.000000,5.348280,-0.297080,0.922395,5.373310,-0.196870,0.813145,5.540980,-0.203190,0.446505,5.502270,-0.222140,0.058714,5.634060,-0.208850,0.010264,5.357320,-0.386070,0.810505,5.375540,-0.414880,0.403435,5.051970,-0.388670,0.203734,5.054120,-0.407470,0.056335
681.000000,5.355560,-0.296530,0.923594,5.380530,-0.196390,0.814385,5.544440,-0.203110,0.446265,5.502380,-0.222350,0.058805,5.633930,-0.208830,0.010094,5.364660,-0.385600,0.811744,5.389460,-0.414850,0.405325,5.066220,-0.388920,0.205784,5.069190,-0.408120,0.058525
682.000000,5.362830,-0.296010,0.924905,5.387720,-0.195980,0.815685,5.547710,-0.203070,0.446045,5.502460,-0.222540,0.058924,5.633780,-0.208810,0.009944,5.371980,-0.385200,0.813105,5.403300,-0.414850,0.407454,5.080840,-0.389200,0.207324,5.084950,-0.408770,0.060265
683.000000,5.370080,-0.295520,0.926315,5.394900,-0.195620,0.817055,5.550800,-0.203060,0.445855,5.502520,-0.222700,0.059045,5.633630,-0.208790,0.009805,5.379290,-0.384860,0.814574,5.417080,-0.414860,0.409784,5.095800,-0.389510,0.208374,5.101360,-0.409420,0.061555
684.000000,5.377320,-0.295060,0.927814,5.402060,-0.195330,0.818474,5.553710,-0.203050,0.445685,5.502550,-0.222810,0.059184,5.633460,-0.208770,0.009684,5.386580,-0.384580,0.816155,5.430790,-0.414880,0.412265,5.111090,-0.389830,0.208945,5.118350,-0.410060,0.062404
685.000000,5.384550,-0.294620,0.929395,5.409200,-0.195080,0.819945,5.556430,-0.203040,0.445525,5.502560,-0.222900,0.059335,5.633290,-0.208750,0.009565,5.393850,-0.384340,0.817835,5.444450,-0.414880,0.414865,5.126670,-0.390170,0.209055,5.135890,-0.410680,0.062824
686.000000,5.391770,-0.294200,0.931045,5.416310,-0.194860,0.821465,5.558970,-0.203020,0.445375,5.502540,-0.222960,0.059504,5.633120,-0.208730,0.009444,5.401100,-0.384140,0.819605,5.458060,-0.414860,0.417565,5.142520,-0.390500,0.208744,5.153940,-0.411290,0.062854
687.000000,5.399000,-0.293790,0.932755,5.423390,-0.194670,0.823014,5.561340,-0.202970,0.445245,5.502510,-0.222990,0.059674,5.632950,-0.208710,0.009324,5.408340,-0.383970,0.821445,5.471610,-0.414830,0.420334,5.158600,-0.390840,0.208055,5.172470,-0.411880,0.062504
688.000000,5.406220,-0.293400,0.934515,5.430430,-0.194500,0.824574,5.563550,-0.202900,0.445125,5.502450,-0.223000,0.059864,5.632790,-0.208700,0.009205,5.415560,-0.383810,0.823354,5.485100,-0.414780,0.423155,5.174910,-0.391160,0.206984,5.191450,-0.412460,0.061824
689.000000,5.413440,-0.293030,0.936315,5.437450,-0.194350,0.826155,5.565590,-0.202790,0.445015,5.502380,-0.223000,0.060074,5.632630,-0.208680,0.009084,5.422760,-0.383670,0.825304,5.498520,-0.414720,0.426025,5.191420,-0.391470,0.205564,5.210870,-0.413010,0.060835
690.000000,5.420660,-0.292660,0.938125,5.444430,-0.194200,0.827735,5.567490,-0.202670,0.444925,5.502310,-0.222990,0.060294,5.632470,-0.208660,0.008965,5.429950,-0.383550,0.827295,5.511840,-0.414640,0.428925,5.208130,-0.391770,0.203824,5.230700,-0.413550,0.059574
691.000000,5.427880,-0.292310,0.939945,5.451370,-0.194070,0.829304,5.569260,-0.202510,0.444845,5.502230,-0.222970,0.060525,5.632330,-0.208640,0.008854,5.437140,-0.383430,0.829304,5.525060,-0.414560,0.431855,5.225040,-0.392060,0.201755,5.250910,-0.414070,0.058074
692.000000,5.435110,-0.291970,0.941765,5.458280,-0.193950,0.830855,5.570920,-0.202330,0.444785,5.502160,-0.222950,0.060765,5.632190,-0.208610,0.008734,5.444330,-0.383340,0.831334,5.538160,-0.414470,0.434795,5.242140,-0.392340,0.199384,5.271490,-0.414590,0.056364
693.000000,5.442340,-0.291650,0.943555,5.465160,-0.193850,0.832365,5.572460,-0.202130,0.444745,5.502110,-0.222920,0.061025,5.632050,-0.208590,0.008625,5.451520,-0.383260,0.833354,5.551110,-0.414360,0.437745,5.259440,-0.392620,0.196735,5.292420,-0.415100,0.054475
694.000000,5.449570,-0.291350,0.945315,5.472010,-0.193770,0.833835,5.573920,-0.201910,0.444715,5.502070,-0.222900,0.061294,5.631910,-0.208560,0.008514,5.458720,-0.383190,0.835354,5.563920,-0.414240,0.440685,5.276940,-0.392900,0.193815,5.313680,-0.415620,0.052444
695.000000,5.456790,-0.291060,0.947025,5.478820,-0.193690,0.835255,5.575300,-0.201670,0.444705,5.502050,-0.222870,0.061574,5.631780,-0.208540,0.008404,5.465920,-0.383140,0.837305,5.576560,-0.414110,0.443605,5.294650,-0.393200,0.190644,5.335260,-0.416140,0.050314
696.000000,5.464020,-0.290790,0.948674,5.485610,-0.193630,0.836624,5.576630,-0.201410,0.444715,5.502050,-0.222860,0.061854,5.631650,-0.208510,0.008294,5.473130,-0.383090,0.839205,5.589050,-0.413960,0.446474,5.312580,-0.393510,0.187254,5.357150,-0.416670,0.048105
697.000000,5.471240,-0.290540,0.950245,5.492370,-0.193570,0.837925,5.577910,-0.201120,0.444725,5.502070,-0.222860,0.062144,5.631520,-0.208480,0.008195,5.480360,-0.383060,0.841014,5.601370,-0.413800,0.449315,5.330740,-0.393850,0.183674,5.379320,-0.417220,0.045854
698.000000,5.478450,-0.290310,0.951735,5.499120,-0.193510,0.839155,5.579170,-0.200820,0.444754,5.502090,-0.222880,0.062445,5.631390,-0.208440,0.008095,5.487590,-0.383020,0.842735,5.613520,-0.413630,0.452085,5.349120,-0.394210,0.179924,5.401770,-0.417800,0.043604
699.000000,5.485650,-0.290090,0.953125,5.505830,-0.193460,0.840315,5.580400,-0.200500,0.444775,5.502110,-0.222920,0.062744,5.631260,-0.208410,0.007994,5.494840,-0.382990,0.844345,5.625510,-0.413450,0.454805,5.367710,-0.394610,0.176025,5.424480,-0.418420,0.041364
700.000000,5.492840,-0.289890,0.954415,5.512530,-0.193410,0.841395,5.581610,-0.200180,0.444795,5.502120,-0.222980,0.063044,5.631140,-0.208370,0.007894,5.502100,-0.382970,0.845835,5.637330,-0.413280,0.457455,5.386510,-0.395050,0.172014,5.447430,-0.419090,0.039175
701.000000,5.500010,-0.289700,0.955585,5.519210,-0.193360,0.842375,5.582820,-0.199850,0.444805,5.502120,-0.223050,0.063344,5.631020,-0.208330,0.007804,5.509370,-0.382940,0.847195,5.648970,-0.413100,0.460025,5.405520,-0.395520,0.167914,5.470610,-0.419810,0.037054
702.000000,5.507160,-0.289530,0.956635,5.525860,-0.193320,0.843264,5.584040,-0.199520,0.444785,5.502110,-0.223120,0.063644,5.630900,-0.208290,0.007704,5.516660,-0.382920,0.848415,5.660460,-0.412930,0.462505,5.424720,-0.396030,0.163744,5.494000,-0.420580,0.035025
703.000000,5.514290,-0.289380,0.957565,5.532490,-0.193270,0.844035,5.585270,-0.199200,0.444745,5.502090,-0.223190,0.063934,5.630780,-0.208250,0.007614,5.523950,-0.382900,0.849504,5.671770,-0.412760,0.464895,5.444110,-0.396570,0.159524,5.517580,-0.421420,0.033105
704.000000,5.521400,-0.289250,0.958365,5.539090,-0.193230,0.844695,5.586540,-0.198890,0.444675,5.502050,-0.223260,0.064204,5.630670,-0.208200,0.007514,5.531250,-0.382880,0.850434,5.682930,-0.412600,0.467185,5.463680,-0.397150,0.155264,5.541340,-0.422320,0.031304
705.000000,5.528490,-0.289130,0.959025,5.545670,-0.193200,0.845245,5.587840,-0.198580,0.444565,5.502020,-0.223340,0.064485,5.630570,-0.208160,0.007415,5.538550,-0.382870,0.851225,5.693910,-0.412440,0.469344,5.483430,-0.397770,0.150995,5.565270,-0.423270,0.029655
706.000000,5.535540,-0.289030,0.959554,5.552210,-0.193170,0.845665,5.589190,-0.198280,0.444415,5.501980,-0.223420,0.064744,5.630470,-0.208110,0.007314,5.545850,-0.382860,0.851865,5.704710,-0.412290,0.471365,5.503350,-0.398420,0.146724,5.589350,-0.424280,0.028165
707.000000,5.542580,-0.288950,0.959944,5.558720,-0.193150,0.845955,5.590580,-0.197970,0.444225,5.501950,-0.223520,0.065004,5.630370,-0.208060,0.007204,5.553140,-0.382850,0.852355,5.715320,-0.412160,0.473235,5.523440,-0.399100,0.142464,5.613560,-0.425340,0.026855
708.000000,5.549590,-0.288880,0.960195,5.565210,-0.193130,0.846114,5.592040,-0.197670,0.444005,5.501920,-0.223620,0.065254,5.630280,-0.208010,0.007094,5.560440,-0.382850,0.852685,5.725760,-0.412040,0.474925,5.543700,-0.399820,0.138234,5.637890,-0.426460,0.025754
709.000000,5.556570,-0.288840,0.960315,5.571660,-0.193120,0.846155,5.593550,-0.197370,0.443745,5.501920,-0.223740,0.065494,5.630200,-0.207970,0.006974,5.567720,-0.382860,0.852874,5.736020,-0.411930,0.476435,5.564120,-0.400560,0.134054,5.662320,-0.427610,0.024875
710.000000,5.563550,-0.288820,0.960295,5.578090,-0.193130,0.846064,5.595120,-0.197070,0.443465,5.501930,-0.223880,0.065734,5.630120,-0.207920,0.006844,5.575000,-0.382870,0.852915,5.746100,-0.411840,0.477745,5.584700,-0.401340,0.129934,5.686830,-0.428810,0.024244
711.000000,5.570500,-0.288820,0.960145,5.584510,-0.193140,0.845865,5.596740,-0.196770,0.443155,5.501970,-0.224030,0.065974,5.630050,-0.207890,0.006714,5.582270,-0.382900,0.852815,5.756010,-0.411770,0.478855,5.605440,-0.402150,0.125894,5.711420,-0.430040,0.023884
712.000000,5.577450,-0.288840,0.959865,5.590920,-0.193170,0.845545,5.598430,-0.196470,0.442814,5.502040,-0.224190,0.066204,5.629980,-0.207860,0.006574,5.589540,-0.382930,0.852575,5.765760,-0.411710,0.479745,5.626350,-0.402990,0.121965,5.736060,-0.431290,0.023804
713.000000,5.584390,-0.288880,0.959465,5.597320,-0.193210,0.845125,5.600170,-0.196190,0.442455,5.502140,-0.224360,0.066424,5.629920,-0.207840,0.006424,5.596810,-0.382970,0.852194,5.775340,-0.411670,0.480425,5.647400,-0.403860,0.118144,5.760730,-0.432540,0.024035
714.000000,5.591330,-0.288950,0.958955,5.603730,-0.193270,0.844595,5.601960,-0.195910,0.442075,5.502260,-0.224540,0.066654,5.629870,-0.207830,0.006274,5.604070,-0.383030,0.851695,5.784770,-0.411650,0.480875,5.668590,-0.404750,0.114484,5.785410,-0.433800,0.024574
715.000000,5.598270,-0.289050,0.958325,5.610150,-0.193350,0.843975,5.603810,-0.195660,0.441675,5.502400,-0.224720,0.066874,5.629820,-0.207820,0.006124,5.611340,-0.383110,0.851085,5.794030,-0.411630,0.481095,5.689900,-0.405680,0.111004,5.810070,-0.435030,0.025455
716.000000,5.605210,-0.289180,0.957595,5.616590,-0.193450,0.843264,5.605710,-0.195420,0.441265,5.502550,-0.224910,0.067104,5.629760,-0.207810,0.005984,5.618620,-0.383200,0.850355,5.803140,-0.411620,0.481115,5.711300,-0.406620,0.107734,5.834680,-0.436230,0.026684
717.000000,5.612160,-0.289330,0.956774,5.623060,-0.193570,0.842475,5.607660,-0.195210,0.440825,5.502700,-0.225100,0.067334,5.629710,-0.207800,0.005844,5.625920,-0.383320,0.849525,5.812100,-0.411610,0.480905,5.732760,-0.407600,0.104684,5.859200,-0.437380,0.028264
718.000000,5.619120,-0.289520,0.955855,5.629560,-0.193730,0.841604,5.609650,-0.195030,0.440375,5.502850,-0.225310,0.067554,5.629660,-0.207780,0.005704,5.633230,-0.383460,0.848595,5.820910,-0.411600,0.480505,5.754250,-0.408600,0.101894,5.883610,-0.438470,0.030225
719.000000,5.626090,-0.289750,0.954855,5.636100,-0.193910,0.840665,5.611700,-0.194870,0.439915,5.502990,-0.225530,0.067784,5.629610,-0.207760,0.005574,5.640560,-0.383620,0.847575,5.829570,-0.411580,0.479905,5.775750,-0.409640,0.099374,5.907860,-0.439500,0.032565
720.000000,5.633080,-0.290010,0.953765,5.642690,-0.194120,0.839654,5.613800,-0.194740,0.439445,5.503120,-0.225760,0.068024,5.629560,-0.207740,0.005455,5.647910,-0.383820,0.846484,5.838080,-0.411560,0.479114,5.797210,-0.410710,0.097154,5.931920,-0.440440,0.035305
721.000000,5.640100,-0.290300,0.952615,5.649320,-0.194360,0.838575,5.615970,-0.194640,0.438955,5.503230,-0.226010,0.068254,5.629510,-0.207720,0.005324,5.655300,-0.384040,0.845305,5.846470,-0.411510,0.478145,5.818590,-0.411830,0.095234,5.955750,-0.441300,0.038455
722.000000,5.647140,-0.290630,0.951384,5.656010,-0.194630,0.837445,5.618210,-0.194560,0.438465,5.503330,-0.226260,0.068494,5.629470,-0.207700,0.005204,5.662720,-0.384300,0.844064,5.854730,-0.411450,0.477004,5.839870,-0.412970,0.093654,5.979290,-0.442080,0.041994
723.000000,5.654220,-0.291000,0.950095,5.662750,-0.194940,0.836255,5.620540,-0.194510,0.437955,5.503430,-0.226520,0.068754,5.629420,-0.207670,0.005084,5.670180,-0.384580,0.842765,5.862880,-0.411380,0.475724,5.861020,-0.414140,0.092394,6.002500,-0.442760,0.045935
724.000000,5.661330,-0.291400,0.948735,5.669550,-0.195280,0.835005,5.622980,-0.194480,0.437435,5.503540,-0.226790,0.069014,5.629390,-0.207650,0.004954,5.677680,-0.384890,0.841415,5.870920,-0.411290,0.474305,5.881970,-0.415330,0.091484,6.025310,-0.443350,0.050255
725.000000,5.668490,-0.291830,0.947334,5.676400,-0.195650,0.833705,5.625540,-0.194470,0.436895,5.503670,-0.227070,0.069304,5.629350,-0.207620,0.004824,5.685230,-0.385240,0.840005,5.878860,-0.411200,0.472775,5.902700,-0.416510,0.090914,6.047690,-0.443850,0.054914
726.000000,5.675690,-0.292290,0.945875,5.683310,-0.196050,0.832354,5.628240,-0.194490,0.436335,5.503820,-0.227350,0.069604,5.629330,-0.207610,0.004684,5.692810,-0.385610,0.838554,5.886710,-0.411100,0.471165,5.923130,-0.417670,0.090684,6.069550,-0.444270,0.059875
727.000000,5.682930,-0.292770,0.944375,5.690280,-0.196470,0.830975,5.631090,-0.194540,0.435755,5.504020,-0.227620,0.069934,5.629300,-0.207590,0.004544,5.700450,-0.385990,0.837064,5.894490,-0.411020,0.469485,5.943220,-0.418780,0.090774,6.090860,-0.444600,0.065084
728.000000,5.690230,-0.293270,0.942835,5.697310,-0.196900,0.829545,5.634120,-0.194620,0.435145,5.504270,-0.227890,0.070294,5.629280,-0.207570,0.004394,5.708120,-0.386390,0.835525,5.902210,-0.410950,0.467755,5.962890,-0.419810,0.091164,6.111540,-0.444850,0.070484
729.000000,5.697570,-0.293780,0.941254,5.704400,-0.197330,0.828095,5.637340,-0.194720,0.434505,5.504560,-0.228150,0.070684,5.629270,-0.207560,0.004234,5.715840,-0.386790,0.833935,5.909880,-0.410910,0.466005,5.982080,-0.420720,0.091824,6.131530,-0.445030,0.075974
730.000000,5.704950,-0.294300,0.939644,5.711540,-0.197760,0.826615,5.640760,-0.194860,0.433835,5.504900,-0.228410,0.071104,5.629260,-0.207550,0.004074,5.723600,-0.387190,0.832284,5.917530,-0.410920,0.464255,6.000700,-0.421480,0.092694,6.150780,-0.445130,0.081494
731.000000,5.712390,-0.294830,0.938005,5.718730,-0.198170,0.825125,5.644400,-0.195020,0.433135,5.505300,-0.228640,0.071574,5.629250,-0.207530,0.003904,5.731390,-0.387560,0.830585,5.925190,-0.410960,0.462514,6.018700,-0.422070,0.093734,6.169230,-0.445170,0.086944
732.000000,5.719860,-0.295350,0.936354,5.725980,-0.198550,0.823615,5.648270,-0.195190,0.432395,5.505750,-0.228870,0.072084,5.629240,-0.207510,0.003724,5.739220,-0.387910,0.828835,5.932870,-0.411030,0.460805,6.035990,-0.422440,0.094864,6.186830,-0.445160,0.092204
733.000000,5.727390,-0.295870,0.934685,5.733280,-0.198920,0.822105,5.652380,-0.195390,0.431625,5.506260,-0.229070,0.072654,5.629240,-0.207490,0.003534,5.747100,-0.388250,0.827045,5.940600,-0.411140,0.459145,6.052500,-0.422580,0.096024,6.203530,-0.445080,0.097184
734.000000,5.734970,-0.296390,0.933014,5.740640,-0.199270,0.820595,5.656730,-0.195600,0.430815,5.506830,-0.229240,0.073284,5.629240,-0.207460,0.003344,5.755030,-0.388560,0.825225,5.948410,-0.411260,0.457535,6.068190,-0.422470,0.097124,6.219300,-0.444960,0.101774
735.000000,5.742600,-0.296910,0.931354,5.748050,-0.199620,0.819084,5.661320,-0.195820,0.429985,5.507460,-0.229380,0.073974,5.629250,-0.207430,0.003144,5.763010,-0.388880,0.823404,5.956320,-0.411370,0.456005,6.082980,-0.422120,0.098114,6.234090,-0.444770,0.105874
736.000000,5.750280,-0.297430,0.929705,5.755520,-0.199980,0.817574,5.666160,-0.196050,0.429115,5.508140,-0.229490,0.074744,5.629260,-0.207410,0.002954,5.771050,-0.389200,0.821595,5.964350,-0.411450,0.454555,6.096860,-0.421520,0.098894,6.247890,-0.444530,0.109384
737.000000,5.758020,-0.297960,0.928075,5.763060,-0.200370,0.816064,5.671230,-0.196280,0.428225,5.508890,-0.229550,0.075604,5.629270,-0.207390,0.002754,5.779170,-0.389540,0.819825,5.972540,-0.411500,0.453215,6.109800,-0.420690,0.099424,6.260690,-0.444210,0.112214
738.000000,5.765830,-0.298490,0.926474,5.770660,-0.200790,0.814555,5.676550,-0.196520,0.427295,5.509710,-0.229570,0.076544,5.629290,-0.207380,0.002544,5.787360,-0.389920,0.818105,5.980870,-0.411470,0.451975,6.121790,-0.419650,0.099644,6.272490,-0.443800,0.114294
739.000000,5.773710,-0.299030,0.924914,5.778350,-0.201270,0.813055,5.682110,-0.196760,0.426355,5.510590,-0.229530,0.077594,5.629320,-0.207370,0.002344,5.795630,-0.390350,0.816454,5.989380,-0.411370,0.450865,6.132840,-0.418400,0.099524,6.283310,-0.443270,0.115564
740.000000,5.781670,-0.299590,0.923405,5.786120,-0.201810,0.811555,5.687900,-0.197000,0.425384,5.511550,-0.229450,0.078754,5.629350,-0.207360,0.002135,5.803990,-0.390830,0.814894,5.998040,-0.411180,0.449875,6.142980,-0.416990,0.099034,6.293170,-0.442600,0.115994
741.000000,5.789710,-0.300170,0.921955,5.794000,-0.202410,0.810084,5.693950,-0.197240,0.424384,5.512590,-0.229320,0.080034,5.629390,-0.207360,0.001924,5.812430,-0.391380,0.813435,6.006860,-0.410900,0.449015,6.152240,-0.415420,0.098184,6.302110,-0.441770,0.115564
742.000000,5.797830,-0.300780,0.920565,5.801980,-0.203100,0.808635,5.700240,-0.197470,0.423365,5.513730,-0.229140,0.081454,5.629420,-0.207360,0.001714,5.820960,-0.392010,0.812084,6.015810,-0.410520,0.448275,6.160640,-0.413720,0.096974,6.310190,-0.440750,0.114284
743.000000,5.806050,-0.301410,0.919235,5.810080,-0.203860,0.807225,5.706790,-0.197700,0.422325,5.514980,-0.228920,0.083004,5.629470,-0.207360,0.001504,5.829580,-0.392710,0.810844,6.024870,-0.410060,0.447625,6.168250,-0.411910,0.095434,6.317480,-0.439540,0.112184
744.000000,5.814350,-0.302080,0.917984,5.818290,-0.204690,0.805855,5.713600,-0.197920,0.421255,5.516360,-0.228670,0.084714,5.629510,-0.207350,0.001294,5.838270,-0.393490,0.809715,6.033990,-0.409530,0.447075,6.175100,-0.410030,0.093604,6.324060,-0.438120,0.109314
745.000000,5.822750,-0.302770,0.916805,5.826620,-0.205580,0.804524,5.720690,-0.198120,0.420175,5.517890,-0.228380,0.086594,5.629550,-0.207340,0.001094,5.847020,-0.394330,0.808705,6.043140,-0.408960,0.446595,6.181280,-0.408110,0.091534,6.330000,-0.436510,0.105744
746.000000,5.831240,-0.303500,0.915694,5.835060,-0.206540,0.803265,5.728080,-0.198300,0.419054,5.519600,-0.228080,0.088644,5.629580,-0.207330,0.000904,5.855840,-0.395240,0.807794,6.052280,-0.408360,0.446175,6.186870,-0.406180,0.089314,6.335380,-0.434730,0.101554
747.000000,5.839800,-0.304240,0.914675,5.843600,-0.207530,0.802065,5.735780,-0.198470,0.417925,5.521520,-0.227760,0.090884,5.629610,-0.207330,0.000734,5.864700,-0.396190,0.806995,6.061360,-0.407760,0.445805,6.191970,-0.404300,0.087004,6.340300,-0.432820,0.096864
748.000000,5.848450,-0.305010,0.913745,5.852230,-0.208560,0.800925,5.743810,-0.198610,0.416765,5.523670,-0.227440,0.093314,5.629640,-0.207320,0.000584,5.873590,-0.397170,0.806295,6.070380,-0.407200,0.445465,6.196680,-0.402520,0.084694,6.344820,-0.430840,0.091764
749.000000,5.857160,-0.305790,0.912895,5.860940,-0.209600,0.799875,5.752180,-0.198740,0.415585,5.526110,-0.227110,0.095944,5.629670,-0.207310,0.000484,5.882490,-0.398180,0.805675,6.079290,-0.406690,0.445175,6.201090,-0.400910,0.082455,6.348990,-0.428850,0.086384
750.000000,5.865920,-0.306580,0.912135,5.869710,-0.210640,0.798895,5.760930,-0.198840,0.414375,5.528860,-0.226780,0.098774,5.629700,-0.207310,0.000444,5.891400,-0.399190,0.805154,6.088080,-0.406270,0.444935,6.205270,-0.399510,0.080344,6.352860,-0.426920,0.080824
751.000000,5.874710,-0.307370,0.911475,5.878550,-0.211680,0.797995,5.770070,-0.198920,0.413135,5.531960,-0.226450,0.101804,5.629750,-0.207310,0.000474,5.900300,-0.400200,0.804735,6.096770,-0.405960,0.444754,6.209260,-0.398370,0.078394,6.356440,-0.425120,0.075184
752.000000,5.883530,-0.308140,0.910905,5.887420,-0.212700,0.797185,5.779630,-0.198990,0.411875,5.535460,-0.226110,0.105044,5.629820,-0.207320,0.000614,5.909180,-0.401210,0.804395,6.105350,-0.405750,0.444644,6.213070,-0.397520,0.076634,6.359750,-0.423520,0.069584
753.000000,5.892350,-0.308890,0.910444,5.896340,-0.213700,0.796455,5.789610,-0.199040,0.410585,5.539370,-0.225780,0.108494,5.629940,-0.207340,0.000894,5.918030,-0.402200,0.804154,6.113850,-0.405680,0.444635,6.216670,-0.396980,0.075064,6.362780,-0.422160,0.064084
754.000000,5.901170,-0.309630,0.910065,5.905280,-0.214680,0.795795,5.800050,-0.199060,0.409255,5.543730,-0.225430,0.112154,5.630110,-0.207360,0.001334,5.926840,-0.403170,0.804025,6.122290,-0.405730,0.444725,6.220030,-0.396720,0.073664,6.365520,-0.421070,0.058765
755.000000,5.909960,-0.310330,0.909795,5.914240,-0.215650,0.795215,5.810940,-0.199060,0.407895,5.548570,-0.225070,0.116034,5.630390,-0.207390,0.001974,5.935610,-0.404140,0.804005,6.130700,-0.405910,0.444935,6.223130,-0.396740,0.072444,6.368000,-0.420270,0.053694
756.000000,5.918730,-0.311000,0.909614,5.923210,-0.216610,0.794694,5.822310,-0.199030,0.406495,5.553910,-0.224700,0.120114,5.630790,-0.207420,0.002844,5.944320,-0.405100,0.804104,6.139110,-0.406210,0.445245,6.225940,-0.396980,0.071364,6.370200,-0.419750,0.048914
757.000000,5.927440,-0.311650,0.909515,5.932180,-0.217580,0.794235,5.834140,-0.198970,0.405055,5.559770,-0.224300,0.124414,5.631380,-0.207460,0.003984,5.952980,-0.406060,0.804324,6.147510,-0.406620,0.445665,6.228450,-0.397400,0.070424,6.372150,-0.419480,0.044444
758.000000,5.936110,-0.312260,0.909505,5.941150,-0.218550,0.793834,5.846450,-0.198860,0.403575,5.566160,-0.223890,0.128905,5.632190,-0.207510,0.005404,5.961580,-0.407040,0.804665,6.155920,-0.407130,0.446155,6.230670,-0.397950,0.069604,6.373860,-0.419420,0.040305
759.000000,5.944710,-0.312860,0.909564,5.950110,-0.219550,0.793474,5.859200,-0.198710,0.402065,5.573080,-0.223470,0.133584,5.633300,-0.207560,0.007134,5.970120,-0.408030,0.805134,6.164300,-0.407720,0.446705,6.232610,-0.398580,0.068884,6.375350,-0.419520,0.036505
760.000000,5.953250,-0.313450,0.909695,5.959060,-0.220580,0.793145,5.872400,-0.198520,0.400525,5.580550,-0.223030,0.138434,5.634770,-0.207610,0.009184,5.978590,-0.409050,0.805715,6.172620,-0.408380,0.447254,6.234300,-0.399240,0.068244,6.376650,-0.419730,0.033044
761.000000,5.961710,-0.314020,0.909875,5.967970,-0.221650,0.792864,5.886000,-0.198290,0.398985,5.588560,-0.222590,0.143424,5.636650,-0.207680,0.011565,5.986990,-0.410110,0.806395,6.180830,-0.409090,0.447795,6.235770,-0.399870,0.067674,6.377760,-0.420010,0.029915
762.000000,5.970110,-0.314610,0.910104,5.976840,-0.222760,0.792614,5.899970,-0.198040,0.397445,5.597110,-0.222170,0.148525,5.639020,-0.207760,0.014274,5.995310,-0.411190,0.807175,6.188880,-0.409830,0.448285,6.237050,-0.400450,0.067174,6.378710,-0.420310,0.027105
763.000000,5.978420,-0.315200,0.910385,5.985660,-0.223900,0.792395,5.914250,-0.197780,0.395935,5.606210,-0.221770,0.153704,5.641950,-0.207860,0.017295,6.003570,-0.412310,0.808014,6.196710,-0.410580,0.448705,6.238170,-0.400930,0.066724,6.379500,-0.420600,0.024615
764.000000,5.986670,-0.315810,0.910695,5.994410,-0.225080,0.792215,5.928800,-0.197530,0.394495,5.615840,-0.221410,0.158905,5.645520,-0.207990,0.020625,6.011760,-0.413450,0.808914,6.204270,-0.411340,0.449025,6.239160,-0.401310,0.066324,6.380160,-0.420870,0.022434
765.000000,5.994840,-0.316440,0.911045,6.003100,-0.226280,0.792095,5.943560,-0.197300,0.393155,5.625970,-0.221080,0.164104,5.649790,-0.208150,0.024244,6.019890,-0.414600,0.809855,6.211510,-0.412070,0.449245,6.240040,-0.401560,0.065964,6.380690,-0.421110,0.020535
766.000000,6.002940,-0.317110,0.911435,6.011710,-0.227500,0.792025,5.958460,-0.197120,0.391945,5.636580,-0.220780,0.169274,5.654860,-0.208360,0.028104,6.027960,-0.415760,0.810805,6.218420,-0.412780,0.449355,6.240850,-0.401690,0.065644,6.381100,-0.421290,0.018925
767.000000,6.010970,-0.317800,0.911864,6.020230,-0.228710,0.792034,5.973440,-0.197000,0.390925,5.647640,-0.220520,0.174354,5.660810,-0.208620,0.032164,6.035970,-0.416920,0.811764,6.224960,-0.413450,0.449375,6.241620,-0.401700,0.065374,6.381420,-0.421430,0.017545
768.000000,6.018930,-0.318520,0.912345,6.028660,-0.229900,0.792135,5.988460,-0.196930,0.390125,5.659120,-0.220290,0.179334,5.667710,-0.208930,0.036365,6.043930,-0.418060,0.812715,6.231140,-0.414070,0.449315,6.242350,-0.401600,0.065134,6.381650,-0.421520,0.016394
769.000000,6.026820,-0.319270,0.912884,6.037000,-0.231070,0.792324,6.003480,-0.196930,0.389585,5.670990,-0.220090,0.184164,5.675630,-0.209290,0.040645,6.051830,-0.419180,0.813665,6.236960,-0.414640,0.449175,6.243060,-0.401430,0.064924,6.381810,-0.421570,0.015435
770.000000,6.034640,-0.320040,0.913485,6.045240,-0.232200,0.792635,6.018440,-0.197000,0.389335,5.683250,-0.219920,0.188795,5.684610,-0.209720,0.044915,6.059690,-0.420260,0.814594,6.242450,-0.415160,0.449005,6.243770,-0.401190,0.064744,6.381900,-0.421600,0.014635
771.000000,6.042400,-0.320810,0.914154,6.053380,-0.233270,0.793054,6.033330,-0.197120,0.389414,5.695860,-0.219780,0.193194,5.694690,-0.210200,0.049105,6.067500,-0.421300,0.815524,6.247610,-0.415630,0.448795,6.244450,-0.400920,0.064594,6.381940,-0.421610,0.013975
772.000000,6.050090,-0.321600,0.914905,6.061420,-0.234290,0.793605,6.048130,-0.197280,0.389815,5.708840,-0.219670,0.197315,5.705840,-0.210750,0.053135,6.075260,-0.422300,0.816454,6.252490,-0.416050,0.448575,6.245110,-0.400640,0.064474,6.381940,-0.421610,0.013424
773.000000,6.057730,-0.322370,0.915735,6.069370,-0.235240,0.794285,6.062840,-0.197480,0.390545,5.722160,-0.219580,0.201094,5.718030,-0.211360,0.056924,6.082950,-0.423230,0.817385,6.257100,-0.416430,0.448355,6.245740,-0.400360,0.064384,6.381900,-0.421600,0.012965
774.000000,6.065310,-0.323130,0.916664,6.077210,-0.236110,0.795104,6.077460,-0.197690,0.391585,5.735840,-0.219510,0.204494,5.731180,-0.212030,0.060415,6.090590,-0.424100,0.818345,6.261450,-0.416780,0.448135,6.246320,-0.400110,0.064304,6.381840,-0.421600,0.012585
775.000000,6.072840,-0.323860,0.917694,6.084970,-0.236910,0.796065,6.092000,-0.197910,0.392925,5.749860,-0.219460,0.207475,5.745230,-0.212740,0.063544,6.098170,-0.424910,0.819325,6.265580,-0.417100,0.447935,6.246840,-0.399890,0.064254,6.381760,-0.421600,0.012245
776.000000,6.080340,-0.324570,0.918825,6.092650,-0.237630,0.797175,6.106480,-0.198120,0.394525,5.764220,-0.219430,0.210025,5.760080,-0.213490,0.066275,6.105690,-0.425650,0.820375,6.269480,-0.417410,0.447735,6.247310,-0.399700,0.064224,6.381650,-0.421600,0.011954
777.000000,6.087810,-0.325240,0.920075,6.100260,-0.238280,0.798424,6.120920,-0.198310,0.396354,5.778900,-0.219420,0.212135,5.775650,-0.214260,0.068564,6.113150,-0.426330,0.821485,6.273160,-0.417710,0.447545,6.247710,-0.399560,0.064224,6.381530,-0.421610,0.011704
778.000000,6.095250,-0.325870,0.921424,6.107810,-0.238850,0.799805,6.135320,-0.198490,0.398395,5.793900,-0.219440,0.213794,5.791870,-0.215030,0.070404,6.120560,-0.426930,0.822665,6.276630,-0.418020,0.447355,6.248040,-0.399470,0.064234,6.381400,-0.421630,0.011474
779.000000,6.102680,-0.326460,0.922875,6.115310,-0.239350,0.801324,6.149700,-0.198640,0.400624,5.809190,-0.219500,0.215024,5.808670,-0.215790,0.071794,6.127910,-0.427480,0.823944,6.279890,-0.418340,0.447175,6.248300,-0.399420,0.064264,6.381250,-0.421650,0.011265
780.000000,6.110100,-0.327020,0.924435,6.122760,-0.239790,0.802964,6.164040,-0.198770,0.403014,5.824750,-0.219610,0.215844,5.826010,-0.216520,0.072724,6.135220,-0.427950,0.825295,6.282950,-0.418670,0.446995,6.248490,-0.399410,0.064324,6.381090,-0.421670,0.011075
781.000000,6.117520,-0.327530,0.926084,6.130190,-0.240160,0.804714,6.178330,-0.198890,0.405555,5.840570,-0.219780,0.216254,5.843850,-0.217200,0.073224,6.142480,-0.428370,0.826735,6.285810,-0.419010,0.446835,6.248590,-0.399440,0.064404,6.380910,-0.421700,0.010895
782.000000,6.124940,-0.328000,0.927805,6.137580,-0.240460,0.806555,6.192570,-0.199000,0.408225,5.856620,-0.220020,0.216284,5.862170,-0.217820,0.073304,6.149700,-0.428730,0.828234,6.288470,-0.419360,0.446685,6.248620,-0.399490,0.064514,6.380730,-0.421730,0.010715
783.000000,6.132360,-0.328440,0.929594,6.144950,-0.240710,0.808474,6.206730,-0.199090,0.411025,5.872880,-0.220310,0.215935,5.880950,-0.218370,0.073004,6.156880,-0.429030,0.829794,6.290960,-0.419710,0.446565,6.248570,-0.399560,0.064664,6.380550,-0.421760,0.010545
784.000000,6.139780,-0.328850,0.931435,6.152310,-0.240900,0.810465,6.220810,-0.199180,0.413935,5.889350,-0.220670,0.215234,5.900170,-0.218830,0.072344,6.164020,-0.429270,0.831404,6.293280,-0.420050,0.446465,6.248460,-0.399640,0.064834,6.380360,-0.421790,0.010375
785.000000,6.147200,-0.329230,0.933304,6.159640,-0.241040,0.812485,6.234790,-0.199260,0.416935,5.906000,-0.221070,0.214184,5.919820,-0.219180,0.071374,6.171130,-0.429480,0.833035,6.295440,-0.420370,0.446395,6.248310,-0.399720,0.065044,6.380180,-0.421820,0.010194
786.000000,6.154630,-0.329580,0.935195,6.166970,-0.241140,0.814545,6.248650,-0.199320,0.420015,5.922830,-0.221510,0.212794,5.939880,-0.219430,0.070114,6.178200,-0.429630,0.834674,6.297470,-0.420670,0.446364,6.248120,-0.399800,0.065284,6.380000,-0.421850,0.010024
787.000000,6.162070,-0.329910,0.937095,6.174290,-0.241200,0.816615,6.262380,-0.199380,0.423164,5.939820,-0.221960,0.211094,5.960340,-0.219540,0.068604,6.185240,-0.429750,0.836315,6.299370,-0.420940,0.446355,6.247920,-0.399880,0.065544,6.379820,-0.421870,0.009844
788.000000,6.169500,-0.330230,0.938975,6.181600,-0.241220,0.818674,6.275980,-0.199410,0.426365,5.956970,-0.222410,0.209074,5.981170,-0.219530,0.066884,6.192250,-0.429840,0.837935,6.301160,-0.421180,0.446375,6.247710,-0.399940,0.065834,6.379650,-0.421890,0.009664
789.000000,6.176940,-0.330530,0.940825,6.188900,-0.241220,0.820705,6.289440,-0.199420,0.429595,5.974280,-0.222840,0.206774,6.002360,-0.219370,0.064984,6.199250,-0.429890,0.839515,6.302860,-0.421390,0.446415,6.247520,-0.399990,0.066124,6.379490,-0.421910,0.009484
790.000000,6.184370,-0.330820,0.942644,6.196200,-0.241190,0.822694,6.302750,-0.199410,0.432845,5.991730,-0.223240,0.204204,6.023880,-0.219070,0.062944,6.206220,-0.429930,0.841055,6.304490,-0.421570,0.446474,6.247360,-0.400020,0.066434,6.379350,-0.421920,0.009305
791.000000,6.191780,-0.331100,0.944395,6.203500,-0.241140,0.824635,6.315910,-0.199360,0.436105,6.009330,-0.223600,0.201384,6.045720,-0.218620,0.060775,6.213170,-0.429940,0.842525,6.306060,-0.421720,0.446525,6.247230,-0.400030,0.066744,6.379210,-0.421920,0.009125
792.000000,6.199190,-0.331370,0.946095,6.210800,-0.241080,0.826504,6.328900,-0.199280,0.439345,6.027100,-0.223900,0.198304,6.067870,-0.218020,0.058515,6.220110,-0.429940,0.843924,6.307590,-0.421860,0.446584,6.247140,-0.400010,0.067064,6.379090,-0.421920,0.008945
793.000000,6.206580,-0.331640,0.947715,6.218100,-0.241000,0.828304,6.341730,-0.199170,0.442565,6.045050,-0.224140,0.194974,6.090310,-0.217270,0.056204,6.227040,-0.429930,0.845245,6.309090,-0.421980,0.446644,6.247080,-0.399970,0.067374,6.378970,-0.421910,0.008754
794.000000,6.213950,-0.331900,0.949245,6.225400,-0.240920,0.830005,6.354380,-0.199030,0.445745,6.063200,-0.224290,0.191384,6.113020,-0.216380,0.053854,6.233960,-0.429910,0.846484,6.310560,-0.422090,0.446705,6.247070,-0.399920,0.067674,6.378870,-0.421900,0.008584
795.000000,6.221300,-0.332150,0.950685,6.232700,-0.240820,0.831615,6.366860,-0.198870,0.448875,6.081570,-0.224350,0.187545,6.136010,-0.215360,0.051514,6.240860,-0.429870,0.847615,6.312000,-0.422180,0.446765,6.247080,-0.399840,0.067974,6.378770,-0.421880,0.008404
796.000000,6.228630,-0.332390,0.952035,6.240000,-0.240720,0.833135,6.379160,-0.198680,0.451945,6.100190,-0.224320,0.183474,6.159250,-0.214210,0.049184,6.247760,-0.429820,0.848645,6.313420,-0.422260,0.446835,6.247130,-0.399740,0.068264,6.378670,-0.421860,0.008234
797.000000,6.235930,-0.332610,0.953265,6.247290,-0.240600,0.834535,6.391270,-0.198470,0.454935,6.119070,-0.224180,0.179184,6.182750,-0.212940,0.046914,6.254630,-0.429760,0.849565,6.314840,-0.422330,0.446915,6.247200,-0.399640,0.068544,6.378580,-0.421840,0.008054
798.000000,6.243210,-0.332830,0.954384,6.254570,-0.240470,0.835824,6.403190,-0.198250,0.457835,6.138210,-0.223950,0.174704,6.206470,-0.211550,0.044725,6.261490,-0.429680,0.850375,6.316250,-0.422390,0.446985,6.247290,-0.399530,0.068814,6.378490,-0.421820,0.007894
799.000000,6.250460,-0.333020,0.955384,6.261840,-0.240320,0.837005,6.414920,-0.198010,0.460625,6.157620,-0.223630,0.170074,6.230410,-0.210070,0.042625,6.268320,-0.429580,0.851065,6.317680,-0.422440,0.447045,6.247410,-0.399410,0.069084,6.378400,-0.421800,0.007724
800.000000,6.257690,-0.333200,0.956265,6.269090,-0.240150,0.838075,6.426450,-0.197780,0.463305,6.177290,-0.223230,0.165324,6.254550,-0.208490,0.040645,6.275120,-0.429460,0.851645,6.319120,-0.422480,0.447084,6.247530,-0.399290,0.069344,6.378320,-0.421780,0.007564
801.000000,6.264890,-0.333350,0.957025,6.276310,-0.239950,0.839014,6.437780,-0.197540,0.465844,6.197240,-0.222740,0.160474,6.278870,-0.206820,0.038804,6.281890,-0.429320,0.852094,6.320590,-0.422520,0.447105,6.247670,-0.399180,0.069594,6.378230,-0.421770,0.007404
802.000000,6.272070,-0.333490,0.957645,6.283490,-0.239730,0.839844,6.448920,-0.197310,0.468255,6.217480,-0.222170,0.155564,6.303360,-0.205090,0.037115,6.288610,-0.429140,0.852425,6.322090,-0.422550,0.447095,6.247820,-0.399060,0.069844,6.378150,-0.421750,0.007245
803.000000,6.279220,-0.333590,0.958145,6.290650,-0.239480,0.840545,6.459860,-0.197080,0.470505,6.238010,-0.221510,0.150605,6.327990,-0.203290,0.035595,6.295290,-0.428940,0.852645,6.323630,-0.422580,0.447055,6.247980,-0.398950,0.070094,6.378060,-0.421740,0.007084
804.000000,6.286360,-0.333670,0.958525,6.297760,-0.239210,0.841125,6.470600,-0.196870,0.472595,6.258850,-0.220780,0.145635,6.352750,-0.201440,0.034255,6.301920,-0.428700,0.852754,6.325190,-0.422600,0.446985,6.248140,-0.398830,0.070344,6.377980,-0.421730,0.006924
805.000000,6.293470,-0.333730,0.958765,6.304830,-0.238910,0.841575,6.481150,-0.196680,0.474515,6.279990,-0.219980,0.140674,6.377630,-0.199540,0.033125,6.308510,-0.428440,0.852754,6.326790,-0.422620,0.446885,6.248300,-0.398720,0.070584,6.377900,-0.421710,0.006775
806.000000,6.300570,-0.333750,0.958885,6.311880,-0.238600,0.841885,6.491510,-0.196510,0.476245,6.301430,-0.219090,0.135764,6.402610,-0.197620,0.032215,6.315070,-0.428160,0.852665,6.328400,-0.422630,0.446765,6.248460,-0.398610,0.070824,6.377830,-0.421700,0.006614
807.000000,6.307660,-0.333750,0.958885,6.318910,-0.238290,0.842055,6.501670,-0.196360,0.477795,6.323150,-0.218140,0.130944,6.427680,-0.195670,0.031545,6.321610,-0.427880,0.852475,6.330040,-0.422640,0.446625,6.248620,-0.398490,0.071054,6.377750,-0.421690,0.006454
808.000000,6.314740,-0.333720,0.958755,6.325960,-0.237990,0.842085,6.511650,-0.196250,0.479155,6.345110,-0.217110,0.126254,6.452810,-0.193720,0.031155,6.328170,-0.427600,0.852194,6.331690,-0.422640,0.446465,6.248780,-0.398370,0.071284,6.377690,-0.421670,0.006305
809.000000,6.321830,-0.333660,0.958515,6.333030,-0.237710,0.841965,6.521460,-0.196170,0.480325,6.367260,-0.216010,0.121745,6.478000,-0.191760,0.031054,6.334760,-0.427340,0.851835,6.333370,-0.422630,0.446295,6.248920,-0.398240,0.071504,6.377630,-0.421650,0.006144
810.000000,6.328930,-0.333580,0.958155,6.340150,-0.237450,0.841704,6.531080,-0.196140,0.481295,6.389520,-0.214840,0.117454,6.503220,-0.189810,0.031265,6.341390,-0.427100,0.851375,6.335080,-0.422620,0.446125,6.249060,-0.398100,0.071724,6.377570,-0.421640,0.005984
811.000000,6.336030,-0.333460,0.957695,6.347330,-0.237220,0.841315,6.540530,-0.196150,0.482065,6.411840,-0.213580,0.113414,6.528440,-0.187880,0.031824,6.348080,-0.426870,0.850815,6.336810,-0.422600,0.445935,6.249190,-0.397950,0.071954,6.377510,-0.421630,0.005824
812.000000,6.343150,-0.333300,0.957125,6.354550,-0.236990,0.840795,6.549790,-0.196210,0.482635,6.434160,-0.212220,0.109624,6.553650,-0.185980,0.032745,6.354840,-0.426650,0.850175,6.338580,-0.422570,0.445745,6.249320,-0.397790,0.072184,6.377460,-0.421620,0.005674
813.000000,6.350280,-0.333110,0.956465,6.361820,-0.236770,0.840155,6.558850,-0.196320,0.482994,6.456450,-0.210770,0.106124,6.578790,-0.184130,0.034044,6.361650,-0.426440,0.849434,6.340400,-0.422540,0.445534,6.249430,-0.397610,0.072434,6.377400,-0.421630,0.005534
814.000000,6.357420,-0.332880,0.955715,6.369150,-0.236540,0.839404,6.567710,-0.196460,0.483135,6.478680,-0.209230,0.102914,6.603850,-0.182320,0.035764,6.368520,-0.426210,0.848615,6.342280,-0.422490,0.445325,6.249540,-0.397420,0.072694,6.377340,-0.421640,0.005394
815.000000,6.364580,-0.332610,0.954875,6.376520,-0.236300,0.838554,6.576360,-0.196640,0.483065,6.500830,-0.207590,0.100004,6.628760,-0.180570,0.037905,6.375450,-0.425980,0.847715,6.344250,-0.422430,0.445095,6.249650,-0.397220,0.072964,6.377280,-0.421660,0.005254
816.000000,6.371760,-0.332290,0.953955,6.383920,-0.236050,0.837604,6.584790,-0.196860,0.482785,6.522890,-0.205870,0.097404,6.653490,-0.178880,0.040475,6.382440,-0.425720,0.846745,6.346310,-0.422350,0.444855,6.249770,-0.397010,0.073255,6.377210,-0.421690,0.005124
817.000000,6.378950,-0.331930,0.952964,6.391360,-0.235760,0.836585,6.593020,-0.197100,0.482285,6.544850,-0.204090,0.095134,6.677970,-0.177260,0.043485,6.389470,-0.425430,0.845695,6.348490,-0.422250,0.444595,6.249890,-0.396800,0.073564,6.377150,-0.421720,0.004994
818.000000,6.386160,-0.331530,0.951914,6.398820,-0.235430,0.835495,6.601030,-0.197350,0.481575,6.566670,-0.202240,0.093204,6.702140,-0.175700,0.046914,6.396530,-0.425100,0.844595,6.350810,-0.422130,0.444315,6.250020,-0.396590,0.073884,6.377100,-0.421760,0.004854
819.000000,6.393390,-0.331100,0.950785,6.406310,-0.235080,0.834325,6.608860,-0.197600,0.480675,6.588340,-0.200360,0.091614,6.725930,-0.174210,0.050764,6.403630,-0.424730,0.843425,6.353290,-0.421990,0.444005,6.250160,-0.396380,0.074224,6.377040,-0.421800,0.004704
820.000000,6.400630,-0.330620,0.949605,6.413830,-0.234680,0.833105,6.616500,-0.197850,0.479585,6.609800,-0.198470,0.090384,6.749280,-0.172810,0.054995,6.410760,-0.424330,0.842205,6.355940,-0.421830,0.443665,6.250330,-0.396160,0.074574,6.376990,-0.421840,0.004544
821.000000,6.407900,-0.330110,0.948365,6.421380,-0.234260,0.831824,6.623980,-0.198070,0.478325,6.631000,-0.196600,0.089514,6.772120,-0.171500,0.059564,6.417920,-0.423900,0.840935,6.358790,-0.421650,0.443285,6.250520,-0.395940,0.074954,6.376940,-0.421880,0.004384
822.000000,6.415200,-0.329580,0.947075,6.428970,-0.233810,0.830485,6.631330,-0.198260,0.476915,6.651880,-0.194790,0.088994,6.794370,-0.170300,0.064424,6.425100,-0.423440,0.839604,6.361840,-0.421450,0.442875,6.250750,-0.395730,0.075354,6.376900,-0.421920,0.004214
823.000000,6.422510,-0.329030,0.945724,6.436610,-0.233340,0.829095,6.638580,-0.198390,0.475375,6.672360,-0.193090,0.088824,6.815970,-0.169220,0.069494,6.432300,-0.422970,0.838225,6.365120,-0.421220,0.442435,6.251020,-0.395510,0.075774,6.376860,-0.421950,0.004034
824.000000,6.429860,-0.328450,0.944334,6.444320,-0.232870,0.827665,6.645750,-0.198460,0.473745,6.692350,-0.191530,0.088964,6.836860,-0.168270,0.074714,6.439530,-0.422480,0.836794,6.368620,-0.420980,0.441945,6.251330,-0.395300,0.076234,6.376840,-0.421990,0.003854
825.000000,6.437240,-0.327860,0.942894,6.452080,-0.232390,0.826184,6.652880,-0.198460,0.472025,6.711780,-0.190160,0.089374,6.856960,-0.167470,0.079974,6.446780,-0.421990,0.835334,6.372360,-0.420710,0.441424,6.251690,-0.395100,0.076734,6.376830,-0.422020,0.003664
826.000000,6.444660,-0.327250,0.941424,6.459910,-0.231900,0.824665,6.660020,-0.198390,0.470265,6.730560,-0.189020,0.090014,6.876220,-0.166830,0.085204,6.454060,-0.421480,0.833844,6.376330,-0.420430,0.440865,6.252100,-0.394910,0.077274,6.376830,-0.422060,0.003474
827.000000,6.452110,-0.326620,0.939925,6.467810,-0.231400,0.823125,6.667190,-0.198240,0.468495,6.748590,-0.188120,0.090814,6.894590,-0.166340,0.090274,6.461360,-0.420970,0.832334,6.380540,-0.420120,0.440275,6.252560,-0.394730,0.077874,6.376840,-0.422090,0.003274
828.000000,6.459620,-0.325970,0.938395,6.475770,-0.230900,0.821545,6.674440,-0.198040,0.466725,6.765820,-0.187490,0.091704,6.912020,-0.166030,0.095094,6.468700,-0.420440,0.830815,6.384980,-0.419800,0.439655,6.253090,-0.394580,0.078524,6.376860,-0.422120,0.003074
829.000000,6.467170,-0.325300,0.936855,6.483810,-0.230390,0.819955,6.681800,-0.197800,0.465005,6.782160,-0.187150,0.092604,6.928470,-0.165890,0.099554,6.476070,-0.419900,0.829284,6.389640,-0.419460,0.439005,6.253680,-0.394460,0.079234,6.376880,-0.422160,0.002874
830.000000,6.474780,-0.324600,0.935295,6.491910,-0.229860,0.818345,6.689300,-0.197540,0.463335,6.797570,-0.187100,0.093444,6.943910,-0.165930,0.103544,6.483470,-0.419330,0.827765,6.394530,-0.419110,0.438325,6.254330,-0.394370,0.080014,6.376920,-0.422200,0.002684
831.000000,6.482450,-0.323880,0.933744,6.500080,-0.229300,0.816735,6.696980,-0.197280,0.461755,6.812000,-0.187330,0.094134,6.958310,-0.166150,0.106975,6.490910,-0.418740,0.826255,6.399640,-0.418750,0.437615,6.255050,-0.394330,0.080864,6.376950,-0.422240,0.002484
832.000000,6.490180,-0.323130,0.932184,6.508330,-0.228720,0.815134,6.704830,-0.197040,0.460265,6.825420,-0.187830,0.094594,6.971660,-0.166560,0.109754,6.498400,-0.418110,0.824755,6.404970,-0.418400,0.436865,6.255820,-0.394340,0.081774,6.376990,-0.422290,0.002294
833.000000,6.497980,-0.322340,0.930635,6.516640,-0.228090,0.813555,6.712890,-0.196840,0.458885,6.837810,-0.188580,0.094774,6.983960,-0.167170,0.111804,6.505930,-0.417430,0.823275,6.410520,-0.418050,0.436085,6.256670,-0.394390,0.082774,6.377020,-0.422350,0.002104
834.000000,6.505850,-0.321520,0.929104,6.525030,-0.227410,0.812005,6.721140,-0.196700,0.457625,6.849160,-0.189560,0.094614,6.995210,-0.167960,0.113044,6.513510,-0.416700,0.821805,6.416280,-0.417710,0.435264,6.257580,-0.394490,0.083854,6.377050,-0.422430,0.001914
835.000000,6.513800,-0.320660,0.927594,6.533500,-0.226680,0.810505,6.729580,-0.196630,0.456475,6.859500,-0.190730,0.094094,7.005440,-0.168970,0.113444,6.521170,-0.415910,0.820354,6.422260,-0.417380,0.434405,6.258570,-0.394630,0.085024,6.377080,-0.422520,0.001724
836.000000,6.521830,-0.319750,0.926115,6.542030,-0.225870,0.809045,6.738210,-0.196650,0.455445,6.868840,-0.192070,0.093174,7.014680,-0.170170,0.112974,6.528900,-0.415060,0.818925,6.428460,-0.417060,0.433495,6.259650,-0.394820,0.086285,6.377120,-0.422630,0.001534
837.000000,6.529950,-0.318810,0.924685,6.550640,-0.225000,0.807655,6.747000,-0.196750,0.454535,6.877220,-0.193540,0.091884,7.022970,-0.171560,0.111624,6.536730,-0.414130,0.817515,6.434880,-0.416740,0.432555,6.260810,-0.395040,0.087664,6.377160,-0.422750,0.001334
838.000000,6.538150,-0.317820,0.923285,6.559310,-0.224050,0.806345,6.755940,-0.196930,0.453725,6.884690,-0.195120,0.090244,7.030390,-0.173140,0.109424,6.544650,-0.413130,0.816134,6.441540,-0.416440,0.431555,6.262080,-0.395300,0.089154,6.377220,-0.422890,0.001114
839.000000,6.546440,-0.316800,0.921945,6.568050,-0.223030,0.805105,6.765000,-0.197190,0.453015,6.891320,-0.196750,0.088304,7.037000,-0.174860,0.106434,6.552680,-0.412060,0.814775,6.448440,-0.416150,0.430515,6.263480,-0.395590,0.090774,6.377290,-0.423040,0.000874
840.000000,6.554810,-0.315740,0.920664,6.576840,-0.221940,0.803964,6.774140,-0.197490,0.452385,6.897220,-0.198390,0.086134,7.042890,-0.176690,0.102724,6.560820,-0.410920,0.813445,6.455610,-0.415880,0.429434,6.265030,-0.395910,0.092544,6.377390,-0.423190,0.000624
841.000000,6.563250,-0.314650,0.919455,6.585670,-0.220770,0.802914,6.783320,-0.197820,0.451835,6.902490,-0.199970,0.083804,7.048140,-0.178580,0.098404,6.569060,-0.409710,0.812165,6.463070,-0.415620,0.428315,6.266760,-0.396250,0.094454,6.377500,-0.423340,0.000354
842.000000,6.571760,-0.313540,0.918324,6.594520,-0.219550,0.801964,6.792520,-0.198160,0.451335,6.907250,-0.201420,0.081404,7.052850,-0.180480,0.093604,6.577410,-0.408460,0.810935,6.470820,-0.415380,0.427155,6.268710,-0.396610,0.096544,6.377640,-0.423480,0.000074
843.000000,6.580320,-0.312410,0.917274,6.603370,-0.218270,0.801125,6.801700,-0.198470,0.450905,6.911630,-0.202680,0.079024,7.057100,-0.182310,0.088434,6.585840,-0.407160,0.809775,6.478910,-0.415140,0.425975,6.270910,-0.396980,0.098804,6.377780,-0.423610,-0.000206
844.000000,6.588920,-0.311280,0.916324,6.612220,-0.216960,0.800395,6.810850,-0.198720,0.450515,6.915730,-0.203700,0.076714,7.060960,-0.184010,0.083014,6.594350,-0.405830,0.808705,6.487350,-0.414930,0.424755,6.273400,-0.397360,0.101254,6.377940,-0.423710,-0.000476
845.000000,6.597540,-0.310150,0.915474,6.621050,-0.215620,0.799785,6.819930,-0.198900,0.450185,6.919630,-0.204420,0.074544,7.064490,-0.185530,0.077464,6.602930,-0.404480,0.807715,6.496180,-0.414720,0.423525,6.276220,-0.397720,0.103904,6.378110,-0.423790,-0.000706
846.000000,6.606180,-0.309030,0.914745,6.629840,-0.214270,0.799295,6.828960,-0.198990,0.449925,6.923370,-0.204840,0.072534,7.067730,-0.186820,0.071864,6.611560,-0.403140,0.806835,6.505420,-0.414540,0.422265,6.279430,-0.398080,0.106774,6.378280,-0.423840,-0.000876
847.000000,6.614820,-0.307930,0.914115,6.638590,-0.212930,0.798914,6.837930,-0.198960,0.449735,6.926960,-0.204940,0.070724,7.070700,-0.187860,0.066314,6.620230,-0.401800,0.806055,6.515090,-0.414370,0.420994,6.283070,-0.398410,0.109864,6.378480,-0.423850,-0.000956
848.000000,6.623440,-0.306850,0.913614,6.647300,-0.211590,0.798664,6.846870,-0.198810,0.449635,6.930380,-0.204760,0.069104,7.073420,-0.188630,0.060885,6.628920,-0.400480,0.805395,6.525230,-0.414220,0.419705,6.287170,-0.398720,0.113164,6.378700,-0.423820,-0.000906
849.000000,6.632040,-0.305790,0.913235,6.655990,-0.210280,0.798535,6.855780,-0.198540,0.449645,6.933580,-0.204350,0.067664,7.075880,-0.189150,0.055655,6.637620,-0.399180,0.804845,6.535840,-0.414090,0.418405,6.291770,-0.398980,0.116694,6.378980,-0.423770,-0.000686
850.000000,6.640610,-0.304750,0.912965,6.664640,-0.208990,0.798535,6.864680,-0.198140,0.449765,6.936530,-0.203770,0.066414,7.078100,-0.189440,0.050674,6.646340,-0.397910,0.804404,6.546930,-0.413990,0.417085,6.296900,-0.399190,0.120424,6.379340,-0.423670,-0.000256
851.000000,6.649150,-0.303740,0.912805,6.673270,-0.207730,0.798644,6.873570,-0.197610,0.449974,6.939200,-0.203100,0.065344,7.080080,-0.189550,0.045995,6.655050,-0.396670,0.804065,6.558520,-0.413920,0.415735,6.302590,-0.399350,0.124355,6.379820,-0.423550,0.000424
852.000000,6.657640,-0.302750,0.912745,6.681880,-0.206490,0.798864,6.882450,-0.196980,0.450285,6.941590,-0.202390,0.064434,7.081830,-0.189520,0.041614,6.663750,-0.395450,0.803805,6.570580,-0.413850,0.414365,6.308840,-0.399440,0.128464,6.380480,-0.423400,0.001394
853.000000,6.666090,-0.301780,0.912784,6.690480,-0.205260,0.799195,6.891280,-0.196240,0.450634,6.943710,-0.201710,0.063664,7.083370,-0.189390,0.037574,6.672440,-0.394240,0.803635,6.583090,-0.413800,0.412975,6.315650,-0.399460,0.132735,6.381370,-0.423240,0.002684
854.000000,6.674500,-0.300830,0.912905,6.699060,-0.204050,0.799625,6.900020,-0.195410,0.451015,6.945590,-0.201090,0.063034,7.084710,-0.189210,0.033864,6.681100,-0.393050,0.803524,6.596040,-0.413730,0.411555,6.323030,-0.399400,0.137154,6.382570,-0.423060,0.004324
855.000000,6.682860,-0.299880,0.913104,6.707630,-0.202840,0.800134,6.908610,-0.194530,0.451365,6.947240,-0.200570,0.062514,7.085870,-0.189010,0.030495,6.689740,-0.391860,0.803485,6.609380,-0.413650,0.410125,6.330940,-0.399260,0.141695,6.384150,-0.422880,0.006314
856.000000,6.691170,-0.298940,0.913374,6.716170,-0.201640,0.800714,6.917010,-0.193600,0.451655,6.948700,-0.200150,0.062074,7.086860,-0.188820,0.027454,6.698340,-0.390680,0.803495,6.623070,-0.413530,0.408695,6.339370,-0.399050,0.146335,6.386180,-0.422690,0.008674
857.000000,6.699430,-0.297990,0.913695,6.724680,-0.200440,0.801365,6.925140,-0.192660,0.451865,6.949990,-0.199850,0.061705,7.087700,-0.188650,0.024744,6.706890,-0.389490,0.803565,6.637060,-0.413360,0.407284,6.348290,-0.398750,0.151054,6.388750,-0.422490,0.011395
858.000000,6.707640,-0.297040,0.914065,6.733160,-0.199230,0.802065,6.932960,-0.191730,0.451955,6.951140,-0.199670,0.061385,7.088400,-0.188510,0.022354,6.715380,-0.388290,0.803685,6.651290,-0.413140,0.405925,6.357680,-0.398370,0.155814,6.391950,-0.422290,0.014465
859.000000,6.715800,-0.296080,0.914494,6.741580,-0.198030,0.802805,6.940420,-0.190840,0.451925,6.952160,-0.199600,0.061104,7.088970,-0.188420,0.020265,6.723790,-0.387090,0.803864,6.665710,-0.412860,0.404635,6.367520,-0.397920,0.160604,6.395860,-0.422060,0.017854
860.000000,6.723910,-0.295110,0.914955,6.749950,-0.196830,0.803585,6.947510,-0.190020,0.451785,6.953080,-0.199630,0.060854,7.089420,-0.188360,0.018475,6.732130,-0.385890,0.804115,6.680270,-0.412520,0.403465,6.377780,-0.397400,0.165384,6.400570,-0.421820,0.021535
861.000000,6.731960,-0.294130,0.915465,6.758240,-0.195630,0.804385,6.954200,-0.189280,0.451524,6.953900,-0.199750,0.060625,7.089770,-0.188350,0.016955,6.740380,-0.384690,0.804424,6.694910,-0.412120,0.402455,6.388440,-0.396800,0.170134,6.406190,-0.421550,0.025455
862.000000,6.739950,-0.293150,0.916025,6.766450,-0.194450,0.805225,6.960510,-0.188640,0.451185,6.954640,-0.199940,0.060434,7.090030,-0.188370,0.015655,6.748540,-0.383500,0.804814,6.709570,-0.411690,0.401645,6.399490,-0.396130,0.174805,6.412780,-0.421270,0.029534
863.000000,6.747880,-0.292160,0.916644,6.774570,-0.193290,0.806084,6.966430,-0.188110,0.450775,6.955290,-0.200190,0.060265,7.090220,-0.188420,0.014575,6.756600,-0.382330,0.805295,6.724210,-0.411230,0.401095,6.410920,-0.395400,0.179374,6.420410,-0.420970,0.033715
864.000000,6.755760,-0.291170,0.917315,6.782610,-0.192170,0.806975,6.972000,-0.187680,0.450325,6.955870,-0.200470,0.060125,7.090330,-0.188490,0.013664,6.764560,-0.381200,0.805875,6.738790,-0.410760,0.400835,6.422730,-0.394610,0.183764,6.429140,-0.420650,0.037885
865.000000,6.763570,-0.290190,0.918054,6.790560,-0.191080,0.807905,6.977210,-0.187340,0.449855,6.956380,-0.200770,0.060015,7.090400,-0.188570,0.012904,6.772420,-0.380100,0.806555,6.753270,-0.410300,0.400904,6.434900,-0.393770,0.187944,6.438960,-0.420300,0.041954
866.000000,6.771330,-0.289220,0.918875,6.798410,-0.190040,0.808875,6.982120,-0.187090,0.449385,6.956830,-0.201070,0.059924,7.090420,-0.188660,0.012265,6.780190,-0.379050,0.807354,6.767640,-0.409880,0.401315,6.447460,-0.392890,0.191845,6.449850,-0.419920,0.045824
867.000000,6.779040,-0.288270,0.919775,6.806180,-0.189060,0.809905,6.986720,-0.186890,0.448914,6.957240,-0.201350,0.059864,7.090400,-0.188760,0.011735,6.787890,-0.378070,0.808285,6.781900,-0.409490,0.402055,6.460400,-0.391990,0.195404,6.461760,-0.419500,0.049434
868.000000,6.786690,-0.287350,0.920764,6.813860,-0.188140,0.810975,6.991060,-0.186750,0.448465,6.957600,-0.201600,0.059814,7.090360,-0.188850,0.011284,6.795510,-0.377140,0.809335,6.796060,-0.409140,0.403124,6.473730,-0.391070,0.198554,6.474640,-0.419030,0.052685
869.000000,6.794300,-0.286460,0.921855,6.821470,-0.187290,0.812115,6.995160,-0.186640,0.448035,6.957920,-0.201820,0.059794,7.090300,-0.188940,0.010895,6.803060,-0.376290,0.810515,6.810120,-0.408850,0.404485,6.487450,-0.390160,0.201244,6.488390,-0.418500,0.055535
870.000000,6.801860,-0.285610,0.923034,6.829000,-0.186520,0.813315,6.999050,-0.186550,0.447635,6.958210,-0.202000,0.059784,7.090230,-0.189030,0.010555,6.810570,-0.375510,0.811814,6.824100,-0.408590,0.406115,6.501560,-0.389260,0.203454,6.502950,-0.417910,0.057954
871.000000,6.809390,-0.284800,0.924304,6.836480,-0.185820,0.814574,7.002740,-0.186470,0.447265,6.958460,-0.202140,0.059794,7.090150,-0.189110,0.010264,6.818040,-0.374810,0.813245,6.838030,-0.408380,0.407975,6.516050,-0.388390,0.205174,6.518250,-0.417270,0.059905
872.000000,6.816880,-0.284030,0.925675,6.843910,-0.185200,0.815894,7.006260,-0.186400,0.446925,6.958670,-0.202250,0.059835,7.090070,-0.189170,0.010004,6.825470,-0.374190,0.814785,6.851900,-0.408190,0.410015,6.530900,-0.387550,0.206384,6.534210,-0.416570,0.061394
873.000000,6.824350,-0.283300,0.927125,6.851310,-0.184650,0.817275,7.009600,-0.186310,0.446625,6.958850,-0.202310,0.059894,7.089980,-0.189230,0.009764,6.832870,-0.373650,0.816424,6.865730,-0.408020,0.412205,6.546090,-0.386730,0.207134,6.550790,-0.415820,0.062415
874.000000,6.831790,-0.282620,0.928655,6.858670,-0.184180,0.818694,7.012780,-0.186200,0.446345,6.958990,-0.202340,0.059985,7.089880,-0.189270,0.009555,6.840250,-0.373180,0.818145,6.879510,-0.407860,0.414525,6.561570,-0.385930,0.207424,6.567930,-0.415020,0.062994
875.000000,6.839220,-0.281990,0.930254,6.866010,-0.183770,0.820165,7.015800,-0.186060,0.446084,6.959110,-0.202340,0.060095,7.089790,-0.189300,0.009354,6.847610,-0.372770,0.819925,6.893250,-0.407710,0.416944,6.577330,-0.385150,0.207294,6.585610,-0.414200,0.063144
876.000000,6.846630,-0.281400,0.931905,6.873330,-0.183410,0.821674,7.018640,-0.185880,0.445855,6.959190,-0.202310,0.060235,7.089690,-0.189320,0.009174,6.854960,-0.372420,0.821755,6.906920,-0.407570,0.419444,6.593340,-0.384370,0.206774,6.603780,-0.413350,0.062894
877.000000,6.854030,-0.280850,0.933594,6.880640,-0.183100,0.823195,7.021330,-0.185660,0.445635,6.959240,-0.202260,0.060394,7.089590,-0.189320,0.009014,6.862300,-0.372110,0.823605,6.920510,-0.407440,0.422015,6.609580,-0.383610,0.205874,6.622410,-0.412490,0.062275
878.000000,6.861420,-0.280330,0.935315,6.887930,-0.182830,0.824744,7.023860,-0.185410,0.445435,6.959270,-0.202180,0.060574,7.089490,-0.189320,0.008854,6.869640,-0.371840,0.825465,6.934020,-0.407320,0.424645,6.626030,-0.382850,0.204624,6.641490,-0.411630,0.061324
879.000000,6.868810,-0.279830,0.937064,6.895200,-0.182570,0.826295,7.026230,-0.185120,0.445254,6.959280,-0.202100,0.060784,7.089380,-0.189300,0.008715,6.876980,-0.371590,0.827334,6.947420,-0.407200,0.427324,6.642680,-0.382110,0.203035,6.660990,-0.410790,0.060074
880.000000,6.876200,-0.279370,0.938805,6.902440,-0.182320,0.827844,7.028460,-0.184810,0.445095,6.959280,-0.202010,0.061015,7.089270,-0.189280,0.008584,6.884310,-0.371350,0.829195,6.960730,-0.407080,0.430025,6.659530,-0.381390,0.201104,6.680880,-0.409970,0.058555
881.000000,6.883570,-0.278920,0.940555,6.909650,-0.182080,0.829384,7.030540,-0.184480,0.444945,6.959260,-0.201930,0.061275,7.089160,-0.189240,0.008455,6.891640,-0.371110,0.831035,6.973910,-0.406960,0.432755,6.676580,-0.380700,0.198874,6.701140,-0.409190,0.056805
882.000000,6.890940,-0.278490,0.942284,6.916820,-0.181830,0.830915,7.032490,-0.184140,0.444825,6.959250,-0.201870,0.061544,7.089040,-0.189210,0.008334,6.898960,-0.370880,0.832855,6.986980,-0.406850,0.435495,6.693820,-0.380050,0.196354,6.721760,-0.408460,0.054855
883.000000,6.898290,-0.278080,0.943985,6.923930,-0.181580,0.832404,7.034300,-0.183810,0.444725,6.959250,-0.201840,0.061845,7.088920,-0.189170,0.008214,6.906280,-0.370640,0.834635,6.999910,-0.406730,0.438225,6.711250,-0.379450,0.193554,6.742720,-0.407780,0.052735
884.000000,6.905630,-0.277680,0.945644,6.930990,-0.181330,0.833865,7.036010,-0.183470,0.444655,6.959250,-0.201840,0.062165,7.088800,-0.189120,0.008105,6.913580,-0.370410,0.836395,7.012710,-0.406620,0.440935,6.728870,-0.378910,0.190524,6.764000,-0.407180,0.050494
885.000000,6.912960,-0.277300,0.947265,6.938000,-0.181090,0.835284,7.037600,-0.183160,0.444615,6.959260,-0.201890,0.062495,7.088680,-0.189080,0.007994,6.920870,-0.370190,0.838114,7.025350,-0.406510,0.443615,6.746670,-0.378440,0.187265,6.785580,-0.406650,0.048164
886.000000,6.920270,-0.276940,0.948835,6.944950,-0.180850,0.836645,7.039100,-0.182870,0.444584,6.959280,-0.201960,0.062844,7.088560,-0.189050,0.007884,6.928160,-0.369980,0.839794,7.037840,-0.406400,0.446265,6.764670,-0.378040,0.183804,6.807460,-0.406220,0.045764
887.000000,6.927560,-0.276600,0.950334,6.951840,-0.180630,0.837935,7.040520,-0.182600,0.444584,6.959310,-0.202040,0.063194,7.088450,-0.189010,0.007784,6.935450,-0.369790,0.841434,7.050170,-0.406290,0.448855,6.782860,-0.377720,0.180174,6.829600,-0.405880,0.043345
888.000000,6.934840,-0.276280,0.951744,6.958680,-0.180430,0.839155,7.041890,-0.182350,0.444605,6.959340,-0.202140,0.063544,7.088330,-0.188980,0.007684,6.942740,-0.369620,0.843014,7.062330,-0.406180,0.451395,6.801240,-0.377470,0.176394,6.852010,-0.405660,0.040914
889.000000,6.942090,-0.275980,0.953085,6.965470,-0.180240,0.840305,7.043210,-0.182120,0.444635,6.959360,-0.202240,0.063894,7.088220,-0.188950,0.007585,6.950020,-0.369460,0.844515,7.074320,-0.406070,0.453875,6.819810,-0.377300,0.172484,6.874670,-0.405570,0.038515
890.000000,6.949310,-0.275710,0.954315,6.972230,-0.180070,0.841355,7.044520,-0.181900,0.444655,6.959380,-0.202340,0.064244,7.088110,-0.188920,0.007494,6.957310,-0.369330,0.845924,7.086140,-0.405960,0.456295,6.838570,-0.377190,0.168464,6.897560,-0.405600,0.036165
891.000000,6.956510,-0.275450,0.955445,6.978940,-0.179920,0.842325,7.045820,-0.181670,0.444685,6.959400,-0.202450,0.064584,7.088010,-0.188890,0.007394,6.964610,-0.369210,0.847225,7.097780,-0.405830,0.458625,6.857520,-0.377160,0.164364,6.920670,-0.405780,0.033904
892.000000,6.963680,-0.275200,0.956465,6.985630,-0.179770,0.843205,7.047130,-0.181440,0.444695,6.959410,-0.202570,0.064934,7.087910,-0.188860,0.007294,6.971900,-0.369100,0.848415,7.109250,-0.405700,0.460885,6.876650,-0.377190,0.160194,6.943970,-0.406100,0.031725
893.000000,6.970830,-0.274980,0.957375,6.992290,-0.179640,0.843975,7.048450,-0.181190,0.444695,6.959420,-0.202680,0.065274,7.087810,-0.188830,0.007194,6.979210,-0.369000,0.849484,7.120540,-0.405550,0.463065,6.895960,-0.377300,0.155994,6.967470,-0.406570,0.029674
894.000000,6.977950,-0.274780,0.958164,6.998910,-0.179510,0.844645,7.049790,-0.180940,0.444685,6.959430,-0.202800,0.065614,7.087710,-0.188790,0.007094,6.986530,-0.368920,0.850425,7.131660,-0.405380,0.465145,6.915440,-0.377480,0.151775,6.991140,-0.407180,0.027764
895.000000,6.985050,-0.274590,0.958824,7.005510,-0.179400,0.845214,7.051150,-0.180670,0.444644,6.959430,-0.202930,0.065954,7.087620,-0.188760,0.006994,6.993850,-0.368840,0.851235,7.142620,-0.405180,0.467124,6.935080,-0.377730,0.147555,7.014970,-0.407930,0.026004
896.000000,6.992110,-0.274430,0.959365,7.012080,-0.179290,0.845665,7.052550,-0.180390,0.444595,6.959450,-0.203060,0.066294,7.087530,-0.188730,0.006884,7.001180,-0.368770,0.851905,7.153420,-0.404940,0.468985,6.954900,-0.378070,0.143354,7.038940,-0.408800,0.024435
897.000000,6.999160,-0.274290,0.959785,7.018620,-0.179190,0.846015,7.053980,-0.180120,0.444515,6.959470,-0.203210,0.066634,7.087440,-0.188700,0.006784,7.008530,-0.368710,0.852434,7.164060,-0.404670,0.470725,6.974870,-0.378490,0.139184,7.063050,-0.409790,0.023065
898.000000,7.006170,-0.274170,0.960085,7.025130,-0.179100,0.846245,7.055450,-0.179840,0.444415,6.959500,-0.203360,0.066974,7.087360,-0.188680,0.006674,7.015870,-0.368660,0.852815,7.174530,-0.404360,0.472325,6.995010,-0.378990,0.135054,7.087270,-0.410890,0.021924
899.000000,7.013160,-0.274080,0.960255,7.031600,-0.179010,0.846375,7.056960,-0.179580,0.444295,6.959550,-0.203520,0.067314,7.087280,-0.188660,0.006565,7.023220,-0.368610,0.853065,7.184840,-0.404010,0.473775,7.015310,-0.379590,0.130985,7.111590,-0.412070,0.021025
900.000000,7.020130,-0.274020,0.960305,7.038050,-0.178940,0.846384,7.058500,-0.179320,0.444144,6.959610,-0.203710,0.067644,7.087210,-0.188660,0.006454,7.030580,-0.368570,0.853164,7.195000,-0.403620,0.475055,7.035770,-0.380290,0.126985,7.136000,-0.413330,0.020394
901.000000,7.027080,-0.273990,0.960245,7.044470,-0.178870,0.846305,7.060090,-0.179080,0.443985,6.959700,-0.203900,0.067984,7.087150,-0.188670,0.006334,7.037930,-0.368530,0.853135,7.205010,-0.403180,0.476155,7.056390,-0.381090,0.123064,7.160470,-0.414640,0.020044
902.000000,7.034010,-0.273990,0.960075,7.050870,-0.178820,0.846114,7.061710,-0.178860,0.443805,6.959800,-0.204120,0.068314,7.087080,-0.188680,0.006204,7.045280,-0.368510,0.852965,7.214870,-0.402710,0.477075,7.077160,-0.381990,0.119245,7.184980,-0.415990,0.019995
903.000000,7.040930,-0.274020,0.959785,7.057250,-0.178770,0.845835,7.063380,-0.178640,0.443595,6.959930,-0.204350,0.068634,7.087010,-0.188710,0.006074,7.052630,-0.368490,0.852665,7.224580,-0.402200,0.477805,7.098070,-0.383000,0.115544,7.209520,-0.417360,0.020255
904.000000,7.047840,-0.274080,0.959395,7.063620,-0.178750,0.845454,7.065080,-0.178440,0.443375,6.960080,-0.204590,0.068954,7.086950,-0.188740,0.005944,7.059980,-0.368490,0.852245,7.234160,-0.401650,0.478345,7.119110,-0.384110,0.111984,7.234070,-0.418740,0.020855
905.000000,7.054750,-0.274180,0.958894,7.069980,-0.178740,0.844994,7.066840,-0.178250,0.443135,6.960250,-0.204830,0.069264,7.086880,-0.188770,0.005814,7.067330,-0.368500,0.851704,7.243590,-0.401070,0.478675,7.140270,-0.385310,0.108594,7.258590,-0.420120,0.021785
906.000000,7.061660,-0.274310,0.958295,7.076340,-0.178760,0.844454,7.068640,-0.178060,0.442875,6.960440,-0.205080,0.069564,7.086810,-0.188810,0.005684,7.074670,-0.368530,0.851044,7.252870,-0.400460,0.478805,7.161510,-0.386600,0.105404,7.283070,-0.421470,0.023065
907.000000,7.068570,-0.274470,0.957595,7.082710,-0.178800,0.843824,7.070500,-0.177870,0.442595,6.960650,-0.205320,0.069854,7.086740,-0.188840,0.005554,7.082020,-0.368580,0.850275,7.262020,-0.399820,0.478735,7.182820,-0.387960,0.102434,7.307470,-0.422790,0.024715
908.000000,7.075490,-0.274670,0.956805,7.089090,-0.178870,0.843114,7.072430,-0.177680,0.442275,6.960870,-0.205550,0.070144,7.086660,-0.188880,0.005424,7.089370,-0.368660,0.849405,7.271020,-0.399170,0.478465,7.204180,-0.389380,0.099724,7.331770,-0.424070,0.026735
909.000000,7.082420,-0.274900,0.955925,7.095500,-0.178970,0.842334,7.074420,-0.177500,0.441935,6.961100,-0.205770,0.070424,7.086590,-0.188900,0.005304,7.096720,-0.368760,0.848445,7.279880,-0.398500,0.477995,7.225540,-0.390830,0.097284,7.355920,-0.425300,0.029135
910.000000,7.089370,-0.275170,0.954955,7.101920,-0.179100,0.841475,7.076480,-0.177330,0.441565,6.961330,-0.205980,0.070694,7.086510,-0.188920,0.005184,7.104080,-0.368890,0.847384,7.288610,-0.397820,0.477334,7.246880,-0.392290,0.095144,7.379900,-0.426470,0.031934
911.000000,7.096340,-0.275480,0.953894,7.108370,-0.179260,0.840545,7.078620,-0.177170,0.441165,6.961560,-0.206170,0.070964,7.086430,-0.188920,0.005064,7.111450,-0.369050,0.846235,7.297200,-0.397140,0.476485,7.268160,-0.393750,0.093324,7.403660,-0.427580,0.035125
912.000000,7.103340,-0.275810,0.952765,7.114860,-0.179460,0.839545,7.080840,-0.177020,0.440735,6.961780,-0.206360,0.071234,7.086360,-0.188910,0.004954,7.118830,-0.369240,0.845015,7.305670,-0.396490,0.475465,7.289340,-0.395200,0.091824,7.427160,-0.428610,0.038714
913.000000,7.110360,-0.276190,0.951545,7.121390,-0.179690,0.838484,7.083150,-0.176890,0.440275,6.961990,-0.206530,0.071504,7.086290,-0.188890,0.004844,7.126230,-0.369450,0.843704,7.314020,-0.395850,0.474295,7.310400,-0.396610,0.090664,7.450340,-0.429550,0.042685
914.000000,7.117420,-0.276590,0.950265,7.127950,-0.179950,0.837355,7.085550,-0.176780,0.439785,6.962180,-0.206690,0.071774,7.086230,-0.188860,0.004724,7.133640,-0.369690,0.842325,7.322260,-0.395270,0.472995,7.331300,-0.397970,0.089834,7.473150,-0.430400,0.047015
915.000000,7.124510,-0.277030,0.948914,7.134560,-0.180230,0.836164,7.088060,-0.176700,0.439255,6.962370,-0.206850,0.072064,7.086160,-0.188820,0.004605,7.141090,-0.369960,0.840885,7.330390,-0.394730,0.471564,7.351990,-0.399260,0.089344,7.495540,-0.431150,0.051674
916.000000,7.131650,-0.277490,0.947504,7.141220,-0.180540,0.834935,7.090690,-0.176640,0.438704,6.962560,-0.207010,0.072354,7.086100,-0.188780,0.004484,7.148550,-0.370250,0.839375,7.338420,-0.394270,0.470035,7.372430,-0.400450,0.089174,7.517450,-0.431770,0.056634
917.000000,7.138830,-0.277980,0.946045,7.147930,-0.180870,0.833645,7.093460,-0.176600,0.438105,6.962750,-0.207170,0.072664,7.086050,-0.188740,0.004364,7.156050,-0.370550,0.837815,7.346380,-0.393890,0.468445,7.392550,-0.401510,0.089304,7.538810,-0.432260,0.061834
918.000000,7.146060,-0.278490,0.944545,7.154680,-0.181210,0.832315,7.096380,-0.176590,0.437475,6.962950,-0.207330,0.072994,7.085990,-0.188690,0.004234,7.163590,-0.370860,0.836205,7.354260,-0.393600,0.466795,7.412290,-0.402420,0.089734,7.559590,-0.432590,0.067214
919.000000,7.153340,-0.279020,0.942995,7.161490,-0.181570,0.830944,7.099460,-0.176600,0.436805,6.963190,-0.207500,0.073354,7.085940,-0.188640,0.004104,7.171160,-0.371180,0.834554,7.362090,-0.393400,0.465115,7.431570,-0.403140,0.090404,7.579700,-0.432770,0.072704
920.000000,7.160670,-0.279560,0.941415,7.168340,-0.181940,0.829535,7.102710,-0.176640,0.436085,6.963450,-0.207660,0.073724,7.085890,-0.188600,0.003965,7.178780,-0.371520,0.832885,7.369890,-0.393280,0.463425,7.450320,-0.403640,0.091284,7.599110,-0.432780,0.078224
921.000000,7.168060,-0.280110,0.939805,7.175250,-0.182320,0.828095,7.106150,-0.176700,0.435335,6.963760,-0.207830,0.074144,7.085840,-0.188560,0.003814,7.186450,-0.371860,0.831195,7.377670,-0.393240,0.461755,7.468470,-0.403910,0.092324,7.617740,-0.432630,0.083674
922.000000,7.175500,-0.280660,0.938175,7.182210,-0.182710,0.826605,7.109780,-0.176780,0.434545,6.964110,-0.207980,0.074594,7.085800,-0.188520,0.003664,7.194170,-0.372200,0.829485,7.385460,-0.393260,0.460115,7.485930,-0.403940,0.093464,7.635560,-0.432300,0.088964
923.000000,7.183000,-0.281210,0.936535,7.189220,-0.183110,0.825095,7.113610,-0.176880,0.433705,6.964510,-0.208130,0.075084,7.085760,-0.188490,0.003514,7.201960,-0.372560,0.827785,7.393290,-0.393330,0.458525,7.502650,-0.403720,0.094634,7.652520,-0.431790,0.094004
924.000000,7.190550,-0.281760,0.934875,7.196300,-0.183530,0.823545,7.117660,-0.177010,0.432845,6.964970,-0.208260,0.075624,7.085720,-0.188480,0.003364,7.209800,-0.372930,0.826084,7.401190,-0.393410,0.456995,7.518580,-0.403250,0.095774,7.668580,-0.431120,0.098674
925.000000,7.198150,-0.282300,0.933225,7.203440,-0.183970,0.821975,7.121920,-0.177150,0.431934,6.965490,-0.208370,0.076224,7.085700,-0.188470,0.003204,7.217710,-0.373310,0.824404,7.409190,-0.393490,0.455545,7.533650,-0.402540,0.096794,7.683690,-0.430290,0.102874
926.000000,7.205810,-0.282830,0.931574,7.210650,-0.184430,0.820395,7.126390,-0.177310,0.431005,6.966060,-0.208440,0.076894,7.085680,-0.188460,0.003044,7.225690,-0.373710,0.822724,7.417300,-0.393530,0.454165,7.547830,-0.401610,0.097644,7.697840,-0.429280,0.106514
927.000000,7.213520,-0.283350,0.929945,7.217940,-0.184910,0.818785,7.131090,-0.177490,0.430035,6.966700,-0.208470,0.077634,7.085670,-0.188460,0.002874,7.233740,-0.374130,0.821075,7.425550,-0.393520,0.452885,7.561070,-0.400460,0.098234,7.711020,-0.428110,0.109494
928.000000,7.221280,-0.283870,0.928324,7.225330,-0.185420,0.817184,7.136020,-0.177690,0.429044,6.967400,-0.208470,0.078454,7.085670,-0.188460,0.002714,7.241860,-0.374580,0.819445,7.433950,-0.393440,0.451694,7.573370,-0.399120,0.098524,7.723200,-0.426770,0.111744
929.000000,7.229110,-0.284390,0.926725,7.232800,-0.185970,0.815574,7.141170,-0.177890,0.428035,6.968160,-0.208410,0.079384,7.085670,-0.188450,0.002544,7.250050,-0.375060,0.817855,7.442510,-0.393270,0.450605,7.584700,-0.397610,0.098454,7.734410,-0.425280,0.113194
930.000000,7.237000,-0.284930,0.925165,7.240390,-0.186560,0.813964,7.146560,-0.178100,0.426994,6.969000,-0.208300,0.080404,7.085670,-0.188440,0.002364,7.258320,-0.375600,0.816315,7.451230,-0.393000,0.449625,7.595090,-0.395950,0.098014,7.744650,-0.423630,0.113804
931.000000,7.244970,-0.285480,0.923635,7.248090,-0.187210,0.812374,7.152180,-0.178320,0.425945,6.969920,-0.208140,0.081554,7.085680,-0.188430,0.002184,7.266670,-0.376180,0.814835,7.460110,-0.392630,0.448745,7.604550,-0.394160,0.097184,7.753970,-0.421830,0.113544
932.000000,7.253010,-0.286060,0.922145,7.255910,-0.187920,0.810805,7.158050,-0.178540,0.424875,6.970930,-0.207940,0.082824,7.085680,-0.188410,0.001994,7.275100,-0.376830,0.813415,7.469120,-0.392160,0.447955,7.613130,-0.392260,0.095984,7.762410,-0.419900,0.112394
933.000000,7.261150,-0.286660,0.920705,7.263860,-0.188690,0.809254,7.164160,-0.178750,0.423795,6.972040,-0.207680,0.084234,7.085690,-0.188380,0.001804,7.283600,-0.377530,0.812075,7.478250,-0.391600,0.447265,7.620870,-0.390270,0.094434,7.770030,-0.417840,0.110394
934.000000,7.269370,-0.287300,0.919324,7.271930,-0.189510,0.807744,7.170520,-0.178950,0.422695,6.973270,-0.207380,0.085794,7.085690,-0.188360,0.001614,7.292180,-0.378300,0.810814,7.487460,-0.390950,0.446665,7.627850,-0.388230,0.092585,7.776900,-0.415690,0.107564
935.000000,7.277690,-0.287980,0.917995,7.280120,-0.190400,0.806275,7.177150,-0.179140,0.421585,6.974640,-0.207050,0.087514,7.085680,-0.188330,0.001424,7.300830,-0.379130,0.809644,7.496730,-0.390250,0.446125,7.634130,-0.386170,0.090494,7.783100,-0.413480,0.103974
936.000000,7.286090,-0.288690,0.916745,7.288430,-0.191330,0.804855,7.184060,-0.179320,0.420455,6.976170,-0.206680,0.089384,7.085670,-0.188300,0.001244,7.309550,-0.380010,0.808555,7.506000,-0.389510,0.445665,7.639810,-0.384130,0.088254,7.788700,-0.411240,0.099714
937.000000,7.294580,-0.289420,0.915555,7.296860,-0.192290,0.803495,7.191250,-0.179480,0.419325,6.977890,-0.206280,0.091434,7.085650,-0.188260,0.001074,7.318320,-0.380930,0.807544,7.515250,-0.388770,0.445245,7.644990,-0.382170,0.085924,7.793790,-0.409030,0.094884
938.000000,7.303150,-0.290190,0.914444,7.305380,-0.193280,0.802204,7.198740,-0.179610,0.418185,6.979830,-0.205860,0.093654,7.085630,-0.188230,0.000914,7.327140,-0.381880,0.806624,7.524450,-0.388060,0.444895,7.649770,-0.380330,0.083604,7.798440,-0.406890,0.089614
939.000000,7.311780,-0.290970,0.913424,7.313990,-0.194290,0.800984,7.206560,-0.179740,0.417035,6.982010,-0.205430,0.096064,7.085610,-0.188210,0.000794,7.336000,-0.382840,0.805794,7.533570,-0.387400,0.444605,7.654240,-0.378680,0.081364,7.802690,-0.404890,0.084034
940.000000,7.320470,-0.291770,0.912494,7.322670,-0.195300,0.799855,7.214720,-0.179840,0.415865,6.984490,-0.204970,0.098654,7.085590,-0.188180,0.000724,7.344880,-0.383820,0.805055,7.542600,-0.386820,0.444385,7.658470,-0.377260,0.079254,7.806590,-0.403080,0.078264
941.000000,7.329200,-0.292560,0.911664,7.331420,-0.196300,0.798795,7.223240,-0.179930,0.414695,6.987290,-0.204500,0.101434,7.085580,-0.188160,0.000704,7.353770,-0.384790,0.804404,7.551530,-0.386350,0.444254,7.662510,-0.376120,0.077314,7.810170,-0.401500,0.072434
942.000000,7.337960,-0.293340,0.910934,7.340230,-0.197290,0.797835,7.232150,-0.180020,0.413504,6.990450,-0.204010,0.104404,7.085590,-0.188140,0.000774,7.362650,-0.385760,0.803864,7.560370,-0.386010,0.444215,7.666370,-0.375270,0.075564,7.813430,-0.400170,0.066644
943.000000,7.346730,-0.294110,0.910315,7.349070,-0.198260,0.796955,7.241460,-0.180080,0.412305,6.994000,-0.203500,0.107574,7.085640,-0.188130,0.000964,7.371530,-0.386710,0.803435,7.569140,-0.385810,0.444275,7.670020,-0.374730,0.074014,7.816380,-0.399110,0.060995
944.000000,7.355510,-0.294850,0.909805,7.357950,-0.199210,0.796165,7.251180,-0.180140,0.411075,6.997970,-0.202970,0.110934,7.085730,-0.188120,0.001284,7.380370,-0.387650,0.803125,7.577850,-0.385750,0.444445,7.673430,-0.374470,0.072654,7.819030,-0.398320,0.055565
945.000000,7.364280,-0.295550,0.909415,7.366840,-0.200140,0.795474,7.261350,-0.180170,0.409825,7.002380,-0.202420,0.114504,7.085910,-0.188120,0.001774,7.389180,-0.388570,0.802955,7.586520,-0.385840,0.444735,7.676570,-0.374460,0.071454,7.821390,-0.397780,0.050415
946.000000,7.373040,-0.296230,0.909135,7.375760,-0.201060,0.794864,7.271970,-0.180170,0.408545,7.007260,-0.201850,0.118284,7.086200,-0.188110,0.002475,7.397950,-0.389490,0.802914,7.595170,-0.386060,0.445135,7.679420,-0.374660,0.070414,7.823470,-0.397470,0.045585
947.000000,7.381760,-0.296870,0.908965,7.384680,-0.201970,0.794345,7.283060,-0.180140,0.407234,7.012630,-0.201260,0.122274,7.086640,-0.188110,0.003415,7.406670,-0.390390,0.803025,7.603800,-0.386400,0.445615,7.681950,-0.375030,0.069504,7.825290,-0.397360,0.041105
948.000000,7.390450,-0.297480,0.908895,7.393600,-0.202890,0.793905,7.294620,-0.180070,0.405885,7.018490,-0.200660,0.126474,7.087280,-0.188100,0.004624,7.415340,-0.391300,0.803285,7.612400,-0.386850,0.446155,7.684180,-0.375500,0.068704,7.826880,-0.397400,0.036985
949.000000,7.399090,-0.298070,0.908934,7.402500,-0.203810,0.793544,7.306640,-0.179950,0.404505,7.024840,-0.200040,0.130875,7.088190,-0.188090,0.006114,7.423940,-0.392220,0.803685,7.620950,-0.387380,0.446735,7.686120,-0.376030,0.068014,7.828240,-0.397550,0.033235
950.000000,7.407680,-0.298640,0.909065,7.411390,-0.204740,0.793265,7.319120,-0.179790,0.403085,7.031710,-0.199410,0.135474,7.089400,-0.188070,0.007925,7.432490,-0.393150,0.804215,7.629390,-0.387980,0.447315,7.687800,-0.376580,0.067404,7.829410,-0.397770,0.029834
951.000000,7.416220,-0.299210,0.909285,7.420240,-0.205700,0.793045,7.332050,-0.179600,0.401655,7.039080,-0.198770,0.140255,7.090990,-0.188050,0.010045,7.440970,-0.394090,0.804875,7.637700,-0.388620,0.447855,7.689260,-0.377090,0.066874,7.830390,-0.398040,0.026805
952.000000,7.424690,-0.299770,0.909575,7.429050,-0.206680,0.792905,7.345380,-0.179380,0.400225,7.046970,-0.198140,0.145184,7.093000,-0.188030,0.012505,7.449400,-0.395060,0.805635,7.645800,-0.389290,0.448335,7.690530,-0.377550,0.066404,7.831210,-0.398330,0.024115
953.000000,7.433100,-0.300350,0.909945,7.437810,-0.207690,0.792825,7.359070,-0.179150,0.398815,7.055380,-0.197540,0.150245,7.095500,-0.188010,0.015274,7.457770,-0.396040,0.806485,7.653660,-0.389960,0.448715,7.691640,-0.377920,0.066004,7.831880,-0.398610,0.021774
954.000000,7.441450,-0.300950,0.910365,7.446500,-0.208730,0.792825,7.373090,-0.178930,0.397445,7.064320,-0.196970,0.155394,7.098560,-0.188010,0.018375,7.466080,-0.397050,0.807404,7.661220,-0.390630,0.449005,7.692610,-0.378190,0.065644,7.832430,-0.398860,0.019745
955.000000,7.449720,-0.301580,0.910855,7.455120,-0.209790,0.792895,7.387360,-0.178740,0.396165,7.073780,-0.196450,0.160595,7.102260,-0.188010,0.021774,7.474350,-0.398070,0.808374,7.668440,-0.391290,0.449175,7.693480,-0.378340,0.065334,7.832860,-0.399080,0.018014
956.000000,7.457920,-0.302240,0.911385,7.463660,-0.210860,0.793034,7.401840,-0.178580,0.395015,7.083740,-0.195980,0.165804,7.106670,-0.188050,0.025455,7.482560,-0.399110,0.809385,7.675320,-0.391910,0.449235,7.694280,-0.378380,0.065064,7.833200,-0.399250,0.016564
957.000000,7.466050,-0.302930,0.911975,7.472110,-0.211950,0.793265,7.416460,-0.178470,0.394024,7.094190,-0.195550,0.170975,7.111870,-0.188110,0.029394,7.490730,-0.400160,0.810404,7.681830,-0.392500,0.449205,7.695020,-0.378320,0.064824,7.833450,-0.399370,0.015355
958.000000,7.474090,-0.303650,0.912614,7.480480,-0.213050,0.793565,7.431180,-0.178410,0.393225,7.105100,-0.195170,0.176085,7.117960,-0.188210,0.033535,7.498850,-0.401210,0.811435,7.687970,-0.393050,0.449095,7.695740,-0.378170,0.064624,7.833640,-0.399450,0.014354
959.000000,7.482060,-0.304400,0.913305,7.488750,-0.214130,0.793965,7.445940,-0.178410,0.392675,7.116440,-0.194840,0.181084,7.125010,-0.188350,0.037815,7.506920,-0.402250,0.812465,7.693760,-0.393550,0.448925,7.696450,-0.377960,0.064454,7.833760,-0.399500,0.013535
960.000000,7.489960,-0.305180,0.914054,7.496930,-0.215200,0.794465,7.460700,-0.178450,0.392375,7.128200,-0.194550,0.185935,7.133090,-0.188540,0.042165,7.514940,-0.403280,0.813485,7.699220,-0.394000,0.448715,7.697140,-0.377710,0.064314,7.833840,-0.399520,0.012855
961.000000,7.497770,-0.305970,0.914855,7.505010,-0.216230,0.795054,7.475440,-0.178530,0.392375,7.140370,-0.194320,0.190584,7.142220,-0.188770,0.046495,7.522900,-0.404280,0.814495,7.704370,-0.394400,0.448474,7.697820,-0.377450,0.064204,7.833870,-0.399520,0.012285
962.000000,7.505510,-0.306770,0.915735,7.513010,-0.217230,0.795755,7.490130,-0.178640,0.392665,7.152920,-0.194140,0.194994,7.152440,-0.189050,0.050735,7.530800,-0.405260,0.815495,7.709220,-0.394770,0.448235,7.698480,-0.377190,0.064114,7.833870,-0.399510,0.011825
963.000000,7.513190,-0.307560,0.916675,7.520920,-0.218170,0.796575,7.504760,-0.178750,0.393255,7.165850,-0.194000,0.199124,7.163700,-0.189370,0.054804,7.538640,-0.406180,0.816504,7.713810,-0.395100,0.448005,7.699090,-0.376950,0.064044,7.833840,-0.399500,0.011425
964.000000,7.520800,-0.308340,0.917694,7.528760,-0.219060,0.797494,7.519330,-0.178870,0.394134,7.179150,-0.193930,0.202904,7.175970,-0.189740,0.058634,7.546410,-0.407070,0.817524,7.718140,-0.395420,0.447775,7.699650,-0.376740,0.064004,7.833780,-0.399480,0.011095
965.000000,7.528350,-0.309110,0.918795,7.536520,-0.219890,0.798544,7.533850,-0.178970,0.395295,7.192820,-0.193900,0.206314,7.189180,-0.190140,0.062144,7.554110,-0.407900,0.818595,7.722230,-0.395720,0.447555,7.700160,-0.376580,0.063974,7.833690,-0.399470,0.010815
966.000000,7.535870,-0.309850,0.919995,7.544220,-0.220660,0.799705,7.548310,-0.179070,0.396715,7.206840,-0.193920,0.209305,7.203250,-0.190580,0.065294,7.561750,-0.408680,0.819705,7.726090,-0.396020,0.447355,7.700600,-0.376460,0.063964,7.833590,-0.399460,0.010565
967.000000,7.543350,-0.310560,0.921285,7.551860,-0.221370,0.800984,7.562740,-0.179140,0.398365,7.221210,-0.193990,0.211864,7.218090,-0.191020,0.068034,7.569330,-0.409410,0.820885,7.729720,-0.396340,0.447155,7.700980,-0.376400,0.063984,7.833470,-0.399450,0.010354
968.000000,7.550810,-0.311240,0.922664,7.559450,-0.222030,0.802374,7.577130,-0.179200,0.400235,7.235900,-0.194120,0.213984,7.233640,-0.191470,0.070334,7.576840,-0.410090,0.822145,7.733130,-0.396680,0.446974,7.701280,-0.376400,0.064014,7.833330,-0.399450,0.010155
969.000000,7.558250,-0.311880,0.924145,7.566990,-0.222620,0.803885,7.591500,-0.179240,0.402285,7.250910,-0.194300,0.215654,7.249820,-0.191900,0.072164,7.584290,-0.410710,0.823485,7.736320,-0.397040,0.446804,7.701510,-0.376440,0.064064,7.833180,-0.399460,0.009985
970.000000,7.565680,-0.312490,0.925705,7.574500,-0.223140,0.805495,7.605830,-0.179260,0.404514,7.266210,-0.194540,0.216894,7.266580,-0.192310,0.073544,7.591680,-0.411260,0.824885,7.739300,-0.397430,0.446644,7.701670,-0.376530,0.064144,7.833020,-0.399480,0.009824
971.000000,7.573100,-0.313060,0.927345,7.581980,-0.223600,0.807204,7.620140,-0.179270,0.406885,7.281780,-0.194840,0.217715,7.283880,-0.192670,0.074464,7.599020,-0.411760,0.826365,7.742080,-0.397850,0.446505,7.701750,-0.376640,0.064244,7.832840,-0.399500,0.009684
972.000000,7.580530,-0.313590,0.929055,7.589430,-0.224000,0.809005,7.634390,-0.179270,0.409405,7.297600,-0.195210,0.218114,7.301680,-0.192980,0.074944,7.606300,-0.412200,0.827905,7.744660,-0.398280,0.446375,7.701750,-0.376790,0.064384,7.832660,-0.399530,0.009545
973.000000,7.587950,-0.314090,0.930835,7.596860,-0.224330,0.810875,7.648600,-0.179250,0.412035,7.313640,-0.195630,0.218114,7.319960,-0.193230,0.074994,7.613540,-0.412570,0.829485,7.747070,-0.398720,0.446275,7.701700,-0.376950,0.064554,7.832480,-0.399570,0.009414
974.000000,7.595390,-0.314560,0.932644,7.604270,-0.224590,0.812814,7.662730,-0.179230,0.414775,7.329890,-0.196100,0.217734,7.338700,-0.193400,0.074654,7.620730,-0.412890,0.831095,7.749320,-0.399160,0.446194,7.701580,-0.377130,0.064754,7.832300,-0.399620,0.009284
975.000000,7.602820,-0.314990,0.934495,7.611660,-0.224800,0.814794,7.676790,-0.179200,0.417605,7.346330,-0.196600,0.216974,7.357870,-0.193510,0.073954,7.627880,-0.413150,0.832735,7.751430,-0.399590,0.446144,7.701420,-0.377300,0.064994,7.832120,-0.399670,0.009164
976.000000,7.610260,-0.315400,0.936354,7.619030,-0.224970,0.816805,7.690750,-0.179170,0.420515,7.362960,-0.197120,0.215855,7.377460,-0.193530,0.072924,7.634980,-0.413370,0.834375,7.753410,-0.400010,0.446115,7.701230,-0.377480,0.065254,7.831940,-0.399720,0.009035
977.000000,7.617700,-0.315780,0.938215,7.626390,-0.225090,0.818825,7.704600,-0.179140,0.423485,7.379760,-0.197640,0.214374,7.397450,-0.193480,0.071594,7.642040,-0.413560,0.836014,7.755270,-0.400400,0.446105,7.701020,-0.377660,0.065554,7.831770,-0.399780,0.008914
978.000000,7.625140,-0.316140,0.940064,7.633720,-0.225180,0.820835,7.718330,-0.179130,0.426505,7.396720,-0.198160,0.212574,7.417810,-0.193360,0.070004,7.649060,-0.413700,0.837635,7.757050,-0.400770,0.446115,7.700810,-0.377820,0.065874,7.831610,-0.399840,0.008785
979.000000,7.632580,-0.316480,0.941885,7.641050,-0.225230,0.822825,7.731920,-0.179130,0.429555,7.413840,-0.198650,0.210454,7.438530,-0.193170,0.068194,7.656040,-0.413830,0.839225,7.758730,-0.401110,0.446135,7.700610,-0.377970,0.066214,7.831460,-0.399900,0.008654
980.000000,7.640000,-0.316800,0.943665,7.648370,-0.225270,0.824774,7.745380,-0.179150,0.432625,7.431110,-0.199110,0.208034,7.459600,-0.192910,0.066184,7.662980,-0.413920,0.840765,7.760350,-0.401420,0.446185,7.700430,-0.378110,0.066574,7.831320,-0.399960,0.008535
981.000000,7.647410,-0.317110,0.945395,7.655680,-0.225280,0.826674,7.758680,-0.179200,0.435695,7.448540,-0.199530,0.205344,7.481000,-0.192590,0.064014,7.669890,-0.414000,0.842255,7.761900,-0.401720,0.446245,7.700290,-0.378230,0.066934,7.831190,-0.400010,0.008404
982.000000,7.654800,-0.317400,0.947055,7.662990,-0.225270,0.828504,7.771840,-0.179290,0.438765,7.466140,-0.199890,0.202374,7.502710,-0.192220,0.061714,7.676780,-0.414060,0.843674,7.763410,-0.401990,0.446325,7.700190,-0.378330,0.067294,7.831060,-0.400060,0.008275
983.000000,7.662170,-0.317670,0.948645,7.670300,-0.225250,0.830255,7.784840,-0.179400,0.441795,7.483920,-0.200200,0.199134,7.524720,-0.191810,0.059305,7.683640,-0.414100,0.845015,7.764890,-0.402240,0.446415,7.700120,-0.378410,0.067664,7.830950,-0.400110,0.008144
984.000000,7.669520,-0.317930,0.950155,7.677620,-0.225220,0.831915,7.797670,-0.179540,0.444805,7.501890,-0.200430,0.195614,7.547030,-0.191350,0.056825,7.690480,-0.414130,0.846264,7.766370,-0.402490,0.446515,7.700100,-0.378470,0.068024,7.830850,-0.400140,0.008004
985.000000,7.676840,-0.318170,0.951574,7.684950,-0.225170,0.833485,7.810340,-0.179710,0.447754,7.520090,-0.200580,0.191824,7.569620,-0.190850,0.054304,7.697310,-0.414150,0.847425,7.767840,-0.402730,0.446625,7.700110,-0.378510,0.068384,7.830750,-0.400170,0.007874
986.000000,7.684140,-0.318400,0.952885,7.692290,-0.225110,0.834944,7.822840,-0.179900,0.450645,7.538520,-0.200640,0.187774,7.592480,-0.190300,0.051775,7.704120,-0.414160,0.848475,7.769340,-0.402960,0.446725,7.700150,-0.378540,0.068745,7.830660,-0.400200,0.007744
987.000000,7.691410,-0.318600,0.954095,7.699640,-0.225040,0.836295,7.835160,-0.180130,0.453465,7.557210,-0.200620,0.183484,7.615610,-0.189710,0.049254,7.710920,-0.414150,0.849415,7.770860,-0.403180,0.446825,7.700230,-0.378550,0.069094,7.830580,-0.400220,0.007614
988.000000,7.698660,-0.318790,0.955195,7.707000,-0.224950,0.837535,7.847300,-0.180380,0.456195,7.576140,-0.200510,0.178984,7.638990,-0.189060,0.046775,7.717700,-0.414120,0.850235,7.772400,-0.403400,0.446915,7.700320,-0.378550,0.069434,7.830500,-0.400240,0.007484
989.000000,7.705880,-0.318960,0.956175,7.714370,-0.224850,0.838654,7.859260,-0.180660,0.458835,7.595340,-0.200340,0.174294,7.662610,-0.188370,0.044374,7.724460,-0.414080,0.850924,7.773960,-0.403590,0.447005,7.700430,-0.378540,0.069774,7.830420,-0.400250,0.007354
990.000000,7.713070,-0.319110,0.957025,7.721750,-0.224730,0.839654,7.871020,-0.180960,0.461375,7.614790,-0.200090,0.169454,7.686450,-0.187620,0.042055,7.731210,-0.414020,0.851495,7.775530,-0.403780,0.447084,7.700560,-0.378520,0.070114,7.830340,-0.400270,0.007224
991.000000,7.720240,-0.319230,0.957755,7.729120,-0.224590,0.840525,7.882590,-0.181280,0.463794,7.634520,-0.199790,0.164494,7.710490,-0.186820,0.039855,7.737940,-0.413940,0.851944,7.777120,-0.403940,0.447165,7.700700,-0.378490,0.070444,7.830270,-0.400280,0.007094
992.000000,7.727390,-0.319330,0.958365,7.736500,-0.224440,0.841264,7.893960,-0.181610,0.466095,7.654530,-0.199430,0.159424,7.734730,-0.185960,0.037795,7.744640,-0.413840,0.852275,7.778720,-0.404090,0.447215,7.700850,-0.378460,0.070774,7.830190,-0.400300,0.006974
993.000000,7.734510,-0.319400,0.958855,7.743870,-0.224270,0.841894,7.905130,-0.181960,0.468245,7.674830,-0.199030,0.154284,7.759150,-0.185060,0.035884,7.751310,-0.413720,0.852484,7.780340,-0.404230,0.447254,7.701010,-0.378420,0.071094,7.830120,-0.400320,0.006844
994.000000,7.741620,-0.319440,0.959214,7.751220,-0.224080,0.842384,7.916100,-0.182310,0.470265,7.695410,-0.198580,0.149094,7.783720,-0.184100,0.034154,7.757960,-0.413580,0.852584,7.781970,-0.404350,0.447265,7.701170,-0.378380,0.071404,7.830040,-0.400340,0.006714
995.000000,7.748710,-0.319450,0.959465,7.758570,-0.223870,0.842765,7.926870,-0.182660,0.472125,7.716280,-0.198120,0.143915,7.808430,-0.183090,0.032605,7.764590,-0.413410,0.852584,7.783630,-0.404460,0.447254,7.701330,-0.378330,0.071724,7.829970,-0.400360,0.006584
996.000000,7.755790,-0.319430,0.959604,7.765900,-0.223640,0.843014,7.937430,-0.183000,0.473825,7.737390,-0.197640,0.138774,7.833270,-0.182030,0.031274,7.771200,-0.413230,0.852504,7.785300,-0.404560,0.447215,7.701490,-0.378260,0.072034,7.829890,-0.400380,0.006454
997.000000,7.762860,-0.319370,0.959624,7.773210,-0.223400,0.843145,7.947790,-0.183330,0.475345,7.758720,-0.197160,0.133724,7.858220,-0.180930,0.030164,7.777780,-0.413020,0.852334,7.787010,-0.404650,0.447135,7.701650,-0.378190,0.072344,7.829820,-0.400400,0.006324
998.000000,7.769930,-0.319270,0.959545,7.780520,-0.223130,0.843164,7.957960,-0.183650,0.476685,7.780250,-0.196700,0.128804,7.883250,-0.179780,0.029295,7.784340,-0.412780,0.852094,7.788740,-0.404730,0.447025,7.701800,-0.378110,0.072644,7.829750,-0.400420,0.006194
999.000000,7.776980,-0.319140,0.959365,7.787800,-0.222840,0.843085,7.967930,-0.183970,0.477834,7.801940,-0.196260,0.124054,7.908340,-0.178590,0.028694,7.790890,-0.412510,0.851765,7.790500,-0.404810,0.446885,7.701950,-0.378020,0.072954,7.829670,-0.400430,0.006054
1000.000000,7.784030,-0.318950,0.959075,7.795070,-0.222520,0.842885,7.977720,-0.184270,0.478795,7.823770,-0.195840,0.119474,7.933480,-0.177380,0.028385,7.797420,-0.412210,0.851364,7.792280,-0.404890,0.446725,7.702100,-0.377910,0.073264,7.829590,-0.400440,0.005914
1001.000000,7.791080,-0.318730,0.958695,7.802330,-0.222170,0.842585,7.987320,-0.184570,0.479565,7.845710,-0.195420,0.115114,7.958640,-0.176150,0.028374,7.803930,-0.411870,0.850885,7.794100,-0.404950,0.446545,7.702230,-0.377800,0.073564,7.829510,-0.400460,0.005774
1002.000000,7.798120,-0.318460,0.958225,7.809590,-0.221790,0.842185,7.996730,-0.184860,0.480125,7.867720,-0.194990,0.110974,7.983790,-0.174920,0.028694,7.810450,-0.411510,0.850325,7.795950,-0.405010,0.446345,7.702360,-0.377690,0.073874,7.829430,-0.400480,0.005634
1003.000000,7.805180,-0.318150,0.957655,7.816850,-0.221380,0.841674,8.005950,-0.185160,0.480475,7.889780,-0.194510,0.107084,8.008920,-0.173700,0.029365,7.816960,-0.411110,0.849695,7.797850,-0.405050,0.446135,7.702480,-0.377560,0.074184,7.829340,-0.400510,0.005494
1004.000000,7.812240,-0.317810,0.956994,7.824130,-0.220970,0.841055,8.014970,-0.185440,0.480605,7.911870,-0.193970,0.103444,8.033980,-0.172510,0.030405,7.823500,-0.410700,0.848985,7.799780,-0.405080,0.445915,7.702590,-0.377420,0.074504,7.829250,-0.400550,0.005374
1005.000000,7.819320,-0.317430,0.956255,7.831450,-0.220550,0.840334,8.023770,-0.185730,0.480525,7.933960,-0.193370,0.100094,8.058960,-0.171370,0.031835,7.830070,-0.410280,0.848205,7.801770,-0.405100,0.445675,7.702700,-0.377280,0.074824,7.829160,-0.400590,0.005254
1006.000000,7.826420,-0.317030,0.955415,7.838820,-0.220140,0.839495,8.032370,-0.186010,0.480224,7.956040,-0.192700,0.097034,8.083800,-0.170280,0.033684,7.836690,-0.409860,0.847334,7.803830,-0.405090,0.445425,7.702800,-0.377120,0.075144,7.829060,-0.400650,0.005134
1007.000000,7.833560,-0.316600,0.954495,7.846250,-0.219730,0.838554,8.040750,-0.186280,0.479724,7.978080,-0.191940,0.094284,8.108480,-0.169250,0.035955,7.843370,-0.409440,0.846395,7.805970,-0.405060,0.445155,7.702910,-0.376960,0.075484,7.828970,-0.400700,0.005024
1008.000000,7.840720,-0.316160,0.953495,7.853750,-0.219340,0.837515,8.048930,-0.186540,0.479015,8.000050,-0.191110,0.091864,8.132930,-0.168300,0.038675,7.850110,-0.409040,0.845375,7.808190,-0.405000,0.444864,7.703020,-0.376790,0.075844,7.828880,-0.400770,0.004905
1009.000000,7.847930,-0.315700,0.952415,7.861310,-0.218960,0.836395,8.056910,-0.186790,0.478135,8.021930,-0.190200,0.089804,8.157100,-0.167410,0.041835,7.856900,-0.408640,0.844284,7.810530,-0.404920,0.444555,7.703150,-0.376610,0.076214,7.828790,-0.400830,0.004784
1010.000000,7.855160,-0.315220,0.951275,7.868930,-0.218600,0.835184,8.064700,-0.187030,0.477075,8.043660,-0.189230,0.088104,8.180940,-0.166590,0.045435,7.863750,-0.408260,0.843114,7.813000,-0.404810,0.444215,7.703280,-0.376420,0.076594,7.828710,-0.400890,0.004654
1011.000000,7.862440,-0.314730,0.950064,7.876610,-0.218240,0.833905,8.072320,-0.187260,0.475865,8.065210,-0.188200,0.086784,8.204380,-0.165850,0.049445,7.870640,-0.407880,0.841885,7.815620,-0.404660,0.443835,7.703440,-0.376230,0.076994,7.828640,-0.400940,0.004514
1012.000000,7.869760,-0.314230,0.948794,7.884340,-0.217890,0.832554,8.079800,-0.187460,0.474525,8.086520,-0.187140,0.085844,8.227350,-0.165170,0.053845,7.877580,-0.407500,0.840585,7.818400,-0.404490,0.443424,7.703620,-0.376040,0.077404,7.828570,-0.400990,0.004364
1013.000000,7.877110,-0.313710,0.947474,7.892120,-0.217540,0.831155,8.087150,-0.187650,0.473075,8.107510,-0.186060,0.085274,8.249780,-0.164560,0.058574,7.884570,-0.407110,0.839245,7.821360,-0.404300,0.442965,7.703830,-0.375840,0.077834,7.828510,-0.401040,0.004214
1014.000000,7.884510,-0.313180,0.946105,7.899940,-0.217180,0.829705,8.094420,-0.187800,0.471535,8.128110,-0.185000,0.085074,8.271600,-0.164020,0.063564,7.891600,-0.406720,0.837855,7.824510,-0.404080,0.442475,7.704060,-0.375660,0.078274,7.828460,-0.401090,0.004044
1015.000000,7.891960,-0.312640,0.944694,7.907790,-0.216810,0.828215,8.101620,-0.187910,0.469925,8.148240,-0.183990,0.085204,8.292740,-0.163550,0.068764,7.898680,-0.406300,0.836434,7.827860,-0.403840,0.441924,7.704340,-0.375470,0.078734,7.828410,-0.401130,0.003874
1016.000000,7.899440,-0.312080,0.943245,7.915680,-0.216420,0.826685,8.108800,-0.187980,0.468255,8.167820,-0.183060,0.085614,8.313130,-0.163150,0.074054,7.905800,-0.405870,0.834985,7.831420,-0.403570,0.441345,7.704660,-0.375310,0.079214,7.828380,-0.401160,0.003704
1017.000000,7.906970,-0.311510,0.941755,7.923610,-0.216010,0.825125,8.116000,-0.187990,0.466565,8.186750,-0.182240,0.086264,8.332710,-0.162820,0.079344,7.912960,-0.405420,0.833515,7.835200,-0.403290,0.440725,7.705030,-0.375150,0.079724,7.828340,-0.401200,0.003524
1018.000000,7.914540,-0.310920,0.940245,7.931570,-0.215590,0.823535,8.123260,-0.187950,0.464855,8.204960,-0.181560,0.087074,8.351400,-0.162570,0.084514,7.920170,-0.404950,0.832025,7.839190,-0.402990,0.440055,7.705450,-0.375020,0.080254,7.828310,-0.401230,0.003334
1019.000000,7.922170,-0.310310,0.938694,7.939570,-0.215150,0.821914,8.130610,-0.187860,0.463155,8.222360,-0.181040,0.087984,8.369150,-0.162400,0.089454,7.927420,-0.404460,0.830524,7.843400,-0.402680,0.439345,7.705940,-0.374920,0.080814,7.828290,-0.401260,0.003155
1020.000000,7.929840,-0.309690,0.937125,7.947620,-0.214690,0.820284,8.138080,-0.187740,0.461485,8.238880,-0.180720,0.088894,8.385920,-0.162330,0.094034,7.934740,-0.403940,0.829005,7.847820,-0.402370,0.438605,7.706480,-0.374840,0.081404,7.828270,-0.401300,0.002964
1021.000000,7.937560,-0.309060,0.935535,7.955720,-0.214200,0.818635,8.145720,-0.187580,0.459854,8.254460,-0.180600,0.089724,8.401660,-0.162350,0.098134,7.942110,-0.403410,0.827475,7.852470,-0.402050,0.437814,7.707070,-0.374790,0.082044,7.828250,-0.401340,0.002784
1022.000000,7.945330,-0.308410,0.933925,7.963880,-0.213700,0.816985,8.153550,-0.187410,0.458275,8.269040,-0.180680,0.090404,8.416340,-0.162490,0.101624,7.949550,-0.402840,0.825925,7.857330,-0.401730,0.436984,7.707720,-0.374770,0.082744,7.828240,-0.401380,0.002594
1023.000000,7.953170,-0.307740,0.932295,7.972090,-0.213160,0.815325,8.161590,-0.187260,0.456785,8.282590,-0.180970,0.090844,8.429940,-0.162750,0.104414,7.957050,-0.402240,0.824365,7.862420,-0.401420,0.436115,7.708430,-0.374790,0.083494,7.828230,-0.401440,0.002404
1024.000000,7.961060,-0.307050,0.930665,7.980370,-0.212590,0.813674,8.169850,-0.187130,0.455395,8.295110,-0.181430,0.090984,8.442440,-0.163140,0.106384,7.964640,-0.401610,0.822805,7.867730,-0.401100,0.435215,7.709190,-0.374830,0.084334,7.828230,-0.401500,0.002214
1025.000000,7.969010,-0.306340,0.929025,7.988700,-0.211970,0.812055,8.178350,-0.187050,0.454115,8.306570,-0.182050,0.090774,8.453860,-0.163690,0.107464,7.972320,-0.400930,0.821225,7.873270,-0.400780,0.434264,7.710030,-0.374910,0.085254,7.828240,-0.401580,0.002024
1026.000000,7.977030,-0.305600,0.927395,7.997110,-0.211300,0.810454,8.187080,-0.187030,0.452955,8.316990,-0.182810,0.090184,8.464200,-0.164400,0.107584,7.980090,-0.400210,0.819644,7.879040,-0.400470,0.433264,7.710930,-0.375030,0.086274,7.828260,-0.401670,0.001814
1027.000000,7.985110,-0.304830,0.925785,8.005580,-0.210580,0.808895,8.196030,-0.187080,0.451925,8.326400,-0.183680,0.089214,8.473510,-0.165280,0.106734,7.987970,-0.399440,0.818055,7.885060,-0.400170,0.432225,7.711930,-0.375180,0.087404,7.828290,-0.401770,0.001604
1028.000000,7.993260,-0.304030,0.924195,8.014110,-0.209800,0.807385,8.205190,-0.187210,0.451035,8.334830,-0.184640,0.087874,8.481820,-0.166320,0.104904,7.995960,-0.398610,0.816474,7.891350,-0.399880,0.431145,7.713020,-0.375370,0.088654,7.828340,-0.401890,0.001374
1029.000000,8.001480,-0.303200,0.922644,8.022710,-0.208970,0.805945,8.214530,-0.187410,0.450285,8.342340,-0.185660,0.086194,8.489190,-0.167510,0.102154,8.004050,-0.397730,0.814914,7.897910,-0.399600,0.430015,7.714230,-0.375590,0.090054,7.828410,-0.402010,0.001134
1030.000000,8.009760,-0.302350,0.921134,8.031350,-0.208070,0.804574,8.224020,-0.187680,0.449665,8.348980,-0.186730,0.084234,8.495690,-0.168830,0.098564,8.012260,-0.396800,0.813365,7.904780,-0.399340,0.428835,7.715590,-0.375860,0.091604,7.828500,-0.402140,0.000874
1031.000000,8.018090,-0.301470,0.919694,8.040040,-0.207110,0.803285,8.233610,-0.188010,0.449165,8.354850,-0.187820,0.082084,8.501410,-0.170250,0.094264,8.020580,-0.395820,0.811855,7.911960,-0.399090,0.427604,7.717110,-0.376160,0.093324,7.828610,-0.402270,0.000604
1032.000000,8.026480,-0.300570,0.918315,8.048750,-0.206110,0.802104,8.243270,-0.188370,0.448795,8.360050,-0.188900,0.079814,8.506440,-0.171720,0.089394,8.028990,-0.394790,0.810404,7.919490,-0.398870,0.426324,7.718830,-0.376490,0.095234,7.828740,-0.402390,0.000324
1033.000000,8.034910,-0.299650,0.917025,8.057460,-0.205060,0.801025,8.252970,-0.188760,0.448525,8.364700,-0.189920,0.077515,8.510860,-0.173200,0.084114,8.037480,-0.393730,0.809014,7.927390,-0.398670,0.424994,7.720790,-0.376860,0.097334,7.828880,-0.402490,0.000034
1034.000000,8.043370,-0.298730,0.915834,8.066160,-0.203980,0.800055,8.262660,-0.189140,0.448375,8.368920,-0.190850,0.075284,8.514770,-0.174640,0.078564,8.046050,-0.392650,0.807705,7.935680,-0.398500,0.423625,7.723020,-0.377270,0.099634,7.829030,-0.402570,-0.000256
1035.000000,8.051850,-0.297810,0.914745,8.074840,-0.202870,0.799215,8.272330,-0.189490,0.448325,8.372810,-0.191620,0.073174,8.518250,-0.176000,0.072894,8.054670,-0.391550,0.806485,7.944400,-0.398360,0.422205,7.725570,-0.377700,0.102164,7.829180,-0.402630,-0.000506
1036.000000,8.060340,-0.296900,0.913764,8.083470,-0.201750,0.798494,8.281950,-0.189800,0.448375,8.376450,-0.192190,0.071234,8.521360,-0.177230,0.067214,8.063340,-0.390450,0.805374,7.953550,-0.398260,0.420745,7.728500,-0.378160,0.104924,7.829330,-0.402660,-0.000716
1037.000000,8.068830,-0.296000,0.912915,8.092060,-0.200620,0.797914,8.291520,-0.190040,0.448535,8.379890,-0.192540,0.069484,8.524150,-0.178310,0.061625,8.072040,-0.389350,0.804385,7.963170,-0.398210,0.419245,7.731840,-0.378640,0.107904,7.829500,-0.402650,-0.000846
1038.000000,8.077310,-0.295110,0.912185,8.100590,-0.199490,0.797465,8.301030,-0.190200,0.448795,8.383120,-0.192690,0.067934,8.526650,-0.179220,0.056204,8.080760,-0.388250,0.803495,7.973280,-0.398200,0.417705,7.735650,-0.379130,0.111124,7.829690,-0.402620,-0.000866
1039.000000,8.085770,-0.294250,0.911575,8.109070,-0.198360,0.797154,8.310480,-0.190270,0.449145,8.386120,-0.192650,0.066594,8.528880,-0.179950,0.051014,8.089490,-0.387160,0.802725,7.983880,-0.398240,0.416145,7.739960,-0.379620,0.114584,7.829920,-0.402550,-0.000736
1040.000000,8.094210,-0.293400,0.911085,8.117500,-0.197230,0.796975,8.319870,-0.190240,0.449565,8.388880,-0.192480,0.065434,8.530870,-0.180500,0.046115,8.098220,-0.386080,0.802055,7.994970,-0.398340,0.414545,7.744810,-0.380110,0.118254,7.830220,-0.402460,-0.000426
1041.000000,8.102610,-0.292570,0.910714,8.125880,-0.196110,0.796914,8.329180,-0.190090,0.450045,8.391410,-0.192220,0.064464,8.532630,-0.180890,0.041524,8.106950,-0.385000,0.801485,8.006570,-0.398480,0.412925,7.750230,-0.380590,0.122144,7.830630,-0.402340,0.000124
1042.000000,8.110970,-0.291750,0.910444,8.134220,-0.194980,0.796965,8.338400,-0.189810,0.450535,8.393700,-0.191910,0.063644,8.534190,-0.181130,0.037255,8.115680,-0.383920,0.800995,8.018650,-0.398680,0.411284,7.756230,-0.381040,0.126224,7.831210,-0.402210,0.000954
1043.000000,8.119280,-0.290940,0.910265,8.142520,-0.193840,0.797115,8.347500,-0.189420,0.451005,8.395800,-0.191590,0.062954,8.535560,-0.181240,0.033324,8.124400,-0.382840,0.800574,8.031200,-0.398900,0.409615,7.762820,-0.381460,0.130485,7.832000,-0.402080,0.002084
1044.000000,8.127560,-0.290120,0.910174,8.150790,-0.192700,0.797354,8.356430,-0.188910,0.451425,8.397720,-0.191270,0.062364,8.536760,-0.181250,0.029734,8.133100,-0.381750,0.800225,8.044190,-0.399150,0.407945,7.770000,-0.381840,0.134895,7.833070,-0.401960,0.003564
1045.000000,8.135780,-0.289300,0.910154,8.159020,-0.191540,0.797664,8.365150,-0.188300,0.451744,8.399500,-0.190980,0.061845,8.537800,-0.181190,0.026494,8.141770,-0.380640,0.799934,8.057590,-0.399410,0.406265,7.777750,-0.382180,0.139444,7.834520,-0.401860,0.005394
1046.000000,8.143950,-0.288460,0.910195,8.167230,-0.190380,0.798045,8.373600,-0.187600,0.451935,8.401150,-0.190720,0.061385,8.538690,-0.181070,0.023595,8.150400,-0.379520,0.799705,8.071340,-0.399640,0.404595,7.786060,-0.382480,0.144104,7.836400,-0.401800,0.007594
1047.000000,8.152060,-0.287610,0.910305,8.175420,-0.189200,0.798465,8.381740,-0.186840,0.451985,8.402680,-0.190520,0.060945,8.539440,-0.180930,0.021035,8.158970,-0.378380,0.799524,8.085410,-0.399840,0.402955,7.794880,-0.382740,0.148844,7.838810,-0.401780,0.010155
1048.000000,8.160120,-0.286750,0.910465,8.183570,-0.188020,0.798945,8.389530,-0.186060,0.451885,8.404080,-0.190390,0.060534,8.540060,-0.180770,0.018825,8.167480,-0.377240,0.799415,8.099750,-0.399990,0.401375,7.804210,-0.382960,0.153644,7.841840,-0.401790,0.013074
1049.000000,8.168120,-0.285870,0.910685,8.191690,-0.186850,0.799465,8.396930,-0.185280,0.451665,8.405350,-0.190340,0.060135,8.540560,-0.180620,0.016955,8.175910,-0.376090,0.799374,8.114290,-0.400060,0.399885,7.814010,-0.383130,0.158474,7.845590,-0.401850,0.016335
1050.000000,8.176070,-0.284980,0.910965,8.199770,-0.185690,0.800025,8.403940,-0.184550,0.451325,8.406480,-0.190370,0.059765,8.540950,-0.180480,0.015384,8.184250,-0.374950,0.799405,8.128990,-0.400050,0.398525,7.824260,-0.383270,0.163315,7.850140,-0.401940,0.019894
1051.000000,8.183950,-0.284090,0.911315,8.207810,-0.184550,0.800644,8.410550,-0.183890,0.450895,8.407450,-0.190490,0.059434,8.541240,-0.180360,0.014084,8.192490,-0.373820,0.799515,8.143790,-0.399960,0.397335,7.834940,-0.383370,0.168115,7.855600,-0.402070,0.023714
1052.000000,8.191770,-0.283210,0.911725,8.215810,-0.183450,0.801304,8.416780,-0.183320,0.450425,8.408250,-0.190690,0.059155,8.541440,-0.180270,0.013045,8.200620,-0.372730,0.799725,8.158620,-0.399810,0.396365,7.846030,-0.383440,0.172854,7.862060,-0.402230,0.027735
1053.000000,8.199530,-0.282340,0.912215,8.223760,-0.182400,0.802025,8.422620,-0.182850,0.449925,8.408910,-0.190950,0.058924,8.541560,-0.180190,0.012205,8.208630,-0.371680,0.800045,8.173440,-0.399610,0.395665,7.857510,-0.383470,0.177474,7.869600,-0.402420,0.031864
1054.000000,8.207220,-0.281490,0.912795,8.231660,-0.181420,0.802825,8.428090,-0.182470,0.449414,8.409410,-0.191240,0.058744,8.541620,-0.180130,0.011534,8.216520,-0.370690,0.800474,8.188210,-0.399370,0.395285,7.869370,-0.383480,0.181934,7.878250,-0.402640,0.036005
1055.000000,8.214870,-0.280680,0.913465,8.239500,-0.180500,0.803685,8.433220,-0.182190,0.448925,8.409780,-0.191550,0.058625,8.541630,-0.180080,0.011005,8.224290,-0.369770,0.801034,8.202890,-0.399110,0.395225,7.881620,-0.383460,0.186185,7.888020,-0.402870,0.040065
1056.000000,8.222450,-0.279900,0.914245,8.247280,-0.179660,0.804635,8.438010,-0.181970,0.448445,8.410040,-0.191870,0.058555,8.541610,-0.180050,0.010575,8.231940,-0.368920,0.801735,8.217470,-0.398850,0.395525,7.894260,-0.383420,0.190155,7.898910,-0.403100,0.043944
1057.000000,8.229980,-0.279180,0.915135,8.255000,-0.178910,0.805675,8.442500,-0.181800,0.447995,8.410190,-0.192160,0.058534,8.541550,-0.180040,0.010235,8.239480,-0.368150,0.802585,8.231950,-0.398600,0.396175,7.907290,-0.383370,0.193774,7.910850,-0.403330,0.047535
1058.000000,8.237460,-0.278500,0.916135,8.262650,-0.178250,0.806805,8.446690,-0.181660,0.447565,8.410280,-0.192430,0.058555,8.541470,-0.180030,0.009955,8.246910,-0.367460,0.803574,8.246320,-0.398350,0.397175,7.920720,-0.383320,0.196985,7.923770,-0.403530,0.050785
1059.000000,8.244900,-0.277880,0.917265,8.270230,-0.177660,0.808014,8.450610,-0.181520,0.447145,8.410310,-0.192670,0.058604,8.541370,-0.180020,0.009715,8.254240,-0.366860,0.804735,8.260600,-0.398140,0.398485,7.934560,-0.383270,0.199744,7.937610,-0.403710,0.053615
1060.000000,8.252290,-0.277300,0.918505,8.277740,-0.177160,0.809325,8.454290,-0.181380,0.446754,8.410310,-0.192850,0.058684,8.541270,-0.180020,0.009514,8.261480,-0.366330,0.806045,8.274790,-0.397960,0.400085,7.948820,-0.383240,0.201994,7.952280,-0.403840,0.055995
1061.000000,8.259650,-0.276770,0.919864,8.285180,-0.176730,0.810725,8.457740,-0.181230,0.446385,8.410300,-0.193000,0.058784,8.541150,-0.180030,0.009334,8.268630,-0.365870,0.807505,8.288900,-0.397820,0.401955,7.963470,-0.383210,0.203734,7.967710,-0.403930,0.057894
1062.000000,8.266970,-0.276280,0.921335,8.292550,-0.176360,0.812195,8.460980,-0.181080,0.446045,8.410280,-0.193090,0.058905,8.541020,-0.180030,0.009174,8.275710,-0.365480,0.809105,8.302950,-0.397720,0.404055,7.978510,-0.383190,0.204964,7.983850,-0.403960,0.059314
1063.000000,8.274260,-0.275830,0.922905,8.299860,-0.176050,0.813744,8.464020,-0.180920,0.445725,8.410260,-0.193140,0.059034,8.540890,-0.180030,0.009035,8.282730,-0.365150,0.810844,8.316920,-0.397650,0.406344,7.993890,-0.383180,0.205704,8.000630,-0.403940,0.060265
1064.000000,8.281520,-0.275420,0.924565,8.307110,-0.175790,0.815354,8.466880,-0.180750,0.445435,8.410240,-0.193150,0.059174,8.540750,-0.180020,0.008904,8.289700,-0.364860,0.812694,8.330830,-0.397600,0.408795,8.009580,-0.383150,0.205964,8.018020,-0.403860,0.060754
1065.000000,8.288760,-0.275040,0.926315,8.314300,-0.175570,0.817014,8.469560,-0.180560,0.445175,8.410240,-0.193120,0.059335,8.540620,-0.180010,0.008785,8.296630,-0.364630,0.814644,8.344670,-0.397570,0.411375,8.025550,-0.383110,0.205774,8.035970,-0.403730,0.060815
1066.000000,8.295990,-0.274690,0.928125,8.321460,-0.175400,0.818715,8.472070,-0.180370,0.444945,8.410230,-0.193070,0.059504,8.540480,-0.180000,0.008664,8.303530,-0.364430,0.816665,8.358430,-0.397560,0.414075,8.041770,-0.383050,0.205174,8.054450,-0.403550,0.060474
1067.000000,8.303200,-0.274370,0.929984,8.328560,-0.175250,0.820445,8.474410,-0.180160,0.444745,8.410230,-0.193000,0.059684,8.540340,-0.179990,0.008564,8.310410,-0.364270,0.818744,8.372100,-0.397560,0.416855,8.058230,-0.382960,0.204174,8.073430,-0.403320,0.059775
1068.000000,8.310390,-0.274070,0.931885,8.335640,-0.175140,0.822184,8.476590,-0.179930,0.444584,8.410220,-0.192910,0.059875,8.540200,-0.179970,0.008464,8.317290,-0.364140,0.820855,8.385670,-0.397580,0.419715,8.074900,-0.382850,0.202804,8.092890,-0.403060,0.058744
1069.000000,8.317580,-0.273790,0.933805,8.342670,-0.175040,0.823935,8.478600,-0.179700,0.444445,8.410210,-0.192820,0.060095,8.540060,-0.179950,0.008365,8.324170,-0.364040,0.822995,8.399140,-0.397610,0.422635,8.091770,-0.382720,0.201074,8.112780,-0.402770,0.057424
1070.000000,8.324760,-0.273520,0.935744,8.349670,-0.174960,0.825674,8.480470,-0.179450,0.444345,8.410190,-0.192730,0.060324,8.539910,-0.179930,0.008275,8.331070,-0.363950,0.825125,8.412480,-0.397660,0.425595,8.108850,-0.382570,0.199014,8.133090,-0.402460,0.055855
1071.000000,8.331930,-0.273280,0.937685,8.356630,-0.174890,0.827404,8.482210,-0.179180,0.444265,8.410170,-0.192650,0.060574,8.539770,-0.179910,0.008185,8.338000,-0.363870,0.827255,8.425700,-0.397730,0.428595,8.126120,-0.382420,0.196634,8.153790,-0.402140,0.054065
1072.000000,8.339100,-0.273040,0.939615,8.363570,-0.174830,0.829105,8.483820,-0.178910,0.444205,8.410140,-0.192590,0.060854,8.539620,-0.179890,0.008095,8.344970,-0.363810,0.829365,8.438770,-0.397810,0.431615,8.143580,-0.382280,0.193974,8.174870,-0.401830,0.052104
1073.000000,8.346260,-0.272820,0.941524,8.370480,-0.174770,0.830794,8.485320,-0.178620,0.444175,8.410110,-0.192570,0.061165,8.539480,-0.179870,0.008004,8.351970,-0.363760,0.831435,8.451680,-0.397930,0.434645,8.161230,-0.382140,0.191045,8.196290,-0.401540,0.050005
1074.000000,8.353420,-0.272610,0.943395,8.377360,-0.174710,0.832434,8.486720,-0.178320,0.444175,8.410090,-0.192590,0.061495,8.539330,-0.179850,0.007914,8.359010,-0.363720,0.833454,8.464410,-0.398050,0.437675,8.179060,-0.382020,0.187874,8.218040,-0.401280,0.047795
1075.000000,8.360590,-0.272410,0.945215,8.384220,-0.174660,0.834035,8.488040,-0.178020,0.444185,8.410070,-0.192640,0.061845,8.539190,-0.179830,0.007824,8.366100,-0.363690,0.835404,8.476960,-0.398190,0.440685,8.197080,-0.381920,0.184504,8.240090,-0.401070,0.045505
1076.000000,8.367740,-0.272220,0.946975,8.391040,-0.174610,0.835585,8.489300,-0.177700,0.444215,8.410060,-0.192710,0.062214,8.539040,-0.179810,0.007744,8.373240,-0.363660,0.837295,8.489320,-0.398340,0.443675,8.215280,-0.381840,0.180954,8.262440,-0.400920,0.043174
1077.000000,8.374900,-0.272050,0.948655,8.397850,-0.174580,0.837064,8.490490,-0.177390,0.444265,8.410050,-0.192800,0.062594,8.538910,-0.179790,0.007654,8.380410,-0.363660,0.839095,8.501480,-0.398490,0.446615,8.233680,-0.381790,0.177225,8.285070,-0.400820,0.040835
1078.000000,8.382040,-0.271890,0.950265,8.404620,-0.174550,0.838475,8.491640,-0.177080,0.444325,8.410050,-0.192890,0.062974,8.538780,-0.179770,0.007564,8.387630,-0.363680,0.840824,8.513450,-0.398640,0.449505,8.252270,-0.381770,0.173354,8.307950,-0.400810,0.038515
1079.000000,8.389190,-0.271760,0.951765,8.411360,-0.174550,0.839794,8.492760,-0.176780,0.444405,8.410040,-0.192980,0.063354,8.538650,-0.179740,0.007474,8.394890,-0.363710,0.842454,8.525220,-0.398790,0.452325,8.271050,-0.381790,0.169354,8.331070,-0.400880,0.036224
1080.000000,8.396320,-0.271640,0.953175,8.418080,-0.174570,0.841014,8.493850,-0.176500,0.444474,8.410020,-0.193060,0.063734,8.538530,-0.179710,0.007384,8.402180,-0.363770,0.843994,8.536800,-0.398930,0.455065,8.290040,-0.381840,0.165254,8.354410,-0.401050,0.034005
1081.000000,8.403450,-0.271540,0.954465,8.424760,-0.174600,0.842145,8.494930,-0.176230,0.444565,8.410000,-0.193140,0.064104,8.538410,-0.179680,0.007304,8.409500,-0.363850,0.845425,8.548180,-0.399080,0.457705,8.309230,-0.381930,0.161054,8.377950,-0.401320,0.031875
1082.000000,8.410550,-0.271460,0.955635,8.431410,-0.174640,0.843155,8.496000,-0.175970,0.444635,8.409970,-0.193220,0.064464,8.538290,-0.179640,0.007214,8.416820,-0.363950,0.846724,8.559380,-0.399220,0.460245,8.328630,-0.382060,0.156795,8.401680,-0.401710,0.029834
1083.000000,8.417650,-0.271410,0.956674,8.438020,-0.174700,0.844055,8.497090,-0.175720,0.444705,8.409930,-0.193280,0.064804,8.538180,-0.179600,0.007124,8.424150,-0.364050,0.847905,8.570390,-0.399350,0.462675,8.348220,-0.382250,0.152474,8.425570,-0.402200,0.027924
1084.000000,8.424720,-0.271370,0.957574,8.444590,-0.174780,0.844835,8.498200,-0.175470,0.444754,8.409890,-0.193350,0.065144,8.538060,-0.179550,0.007034,8.431480,-0.364170,0.848944,8.581230,-0.399470,0.464965,8.368000,-0.382490,0.148135,8.449610,-0.402800,0.026154
1085.000000,8.431760,-0.271360,0.958345,8.451130,-0.174860,0.845484,8.499350,-0.175220,0.444785,8.409850,-0.193410,0.065474,8.537950,-0.179500,0.006945,8.438790,-0.364300,0.849845,8.591900,-0.399570,0.467124,8.387970,-0.382790,0.143774,8.473800,-0.403510,0.024545
1086.000000,8.438790,-0.271370,0.958964,8.457630,-0.174950,0.846005,8.500550,-0.174950,0.444775,8.409810,-0.193480,0.065784,8.537840,-0.179460,0.006854,8.446080,-0.364440,0.850595,8.602390,-0.399660,0.469135,8.408130,-0.383160,0.139414,8.498120,-0.404320,0.023124
1087.000000,8.445790,-0.271400,0.959454,8.464090,-0.175060,0.846395,8.501790,-0.174680,0.444745,8.409760,-0.193550,0.066094,8.537730,-0.179420,0.006775,8.453350,-0.364590,0.851205,8.612720,-0.399730,0.470975,8.428480,-0.383610,0.135084,8.522550,-0.405220,0.021905
1088.000000,8.452770,-0.271450,0.959805,8.470520,-0.175170,0.846665,8.503100,-0.174410,0.444675,8.409720,-0.193640,0.066394,8.537630,-0.179380,0.006684,8.460600,-0.364740,0.851665,8.622870,-0.399780,0.472635,8.449000,-0.384140,0.130804,8.547090,-0.406220,0.020924
1089.000000,8.459730,-0.271530,0.960025,8.476920,-0.175300,0.846805,8.504460,-0.174130,0.444555,8.409690,-0.193740,0.066674,8.537540,-0.179350,0.006584,8.467830,-0.364910,0.851985,8.632840,-0.399820,0.474114,8.469710,-0.384750,0.126575,8.571720,-0.407300,0.020185
1090.000000,8.466660,-0.271640,0.960114,8.483290,-0.175450,0.846815,8.505890,-0.173870,0.444405,8.409670,-0.193860,0.066964,8.537450,-0.179330,0.006484,8.475050,-0.365090,0.852164,8.642620,-0.399850,0.475375,8.490590,-0.385450,0.122444,8.596410,-0.408450,0.019724
1091.000000,8.473580,-0.271770,0.960075,8.489640,-0.175610,0.846715,8.507370,-0.173610,0.444215,8.409670,-0.194000,0.067234,8.537360,-0.179310,0.006374,8.482240,-0.365290,0.852205,8.652220,-0.399860,0.476425,8.511650,-0.386240,0.118414,8.621160,-0.409680,0.019554
1092.000000,8.480480,-0.271940,0.959915,8.495980,-0.175800,0.846495,8.508920,-0.173370,0.443985,8.409680,-0.194160,0.067504,8.537280,-0.179290,0.006254,8.489430,-0.365500,0.852114,8.661640,-0.399850,0.477255,8.532880,-0.387120,0.114524,8.645950,-0.410960,0.019714
1093.000000,8.487370,-0.272140,0.959645,8.502310,-0.176010,0.846175,8.510530,-0.173140,0.443715,8.409710,-0.194340,0.067774,8.537200,-0.179280,0.006135,8.496620,-0.365730,0.851905,8.670880,-0.399820,0.477855,8.554250,-0.388100,0.110804,8.670750,-0.412280,0.020214
1094.000000,8.494240,-0.272380,0.959265,8.508630,-0.176240,0.845755,8.512200,-0.172940,0.443415,8.409760,-0.194530,0.068034,8.537130,-0.179270,0.006014,8.503800,-0.365980,0.851565,8.679950,-0.399760,0.478224,8.575730,-0.389160,0.107294,8.695520,-0.413630,0.021064
1095.000000,8.501120,-0.272650,0.958774,8.514960,-0.176490,0.845245,8.513930,-0.172760,0.443085,8.409830,-0.194750,0.068284,8.537050,-0.179260,0.005884,8.511000,-0.366260,0.851114,8.688850,-0.399680,0.478365,8.597310,-0.390300,0.104004,8.720250,-0.414990,0.022305
1096.000000,8.507990,-0.272970,0.958184,8.521300,-0.176770,0.844645,8.515730,-0.172600,0.442725,8.409930,-0.194980,0.068534,8.536980,-0.179250,0.005755,8.518210,-0.366550,0.850545,8.697600,-0.399570,0.478275,8.618940,-0.391520,0.100984,8.744900,-0.416360,0.023935
1097.000000,8.514880,-0.273310,0.957504,8.527670,-0.177070,0.843975,8.517580,-0.172470,0.442345,8.410050,-0.195230,0.068774,8.536910,-0.179230,0.005625,8.525450,-0.366870,0.849874,8.706190,-0.399430,0.477965,8.640590,-0.392820,0.098254,8.769430,-0.417720,0.025985
1098.000000,8.521780,-0.273700,0.956735,8.534060,-0.177400,0.843225,8.519500,-0.172360,0.441945,8.410190,-0.195490,0.069014,8.536830,-0.179210,0.005504,8.532720,-0.367200,0.849094,8.714620,-0.399260,0.477444,8.662210,-0.394180,0.095834,8.793810,-0.419080,0.028444
1099.000000,8.528700,-0.274120,0.955865,8.540490,-0.177750,0.842415,8.521480,-0.172270,0.441525,8.410350,-0.195760,0.069244,8.536760,-0.179180,0.005384,8.540030,-0.367550,0.848214,8.722920,-0.399080,0.476705,8.683770,-0.395610,0.093744,8.817990,-0.420410,0.031344
1100.000000,8.535650,-0.274570,0.954925,8.546970,-0.178120,0.841545,8.523530,-0.172200,0.441075,8.410540,-0.196040,0.069464,8.536680,-0.179150,0.005264,8.547380,-0.367930,0.847235,8.731070,-0.398870,0.475784,8.705220,-0.397090,0.091994,8.841920,-0.421710,0.034685
1101.000000,8.542630,-0.275060,0.953894,8.553490,-0.178500,0.840615,8.525670,-0.172160,0.440615,8.410730,-0.196330,0.069684,8.536600,-0.179110,0.005154,8.554780,-0.368310,0.846164,8.739110,-0.398660,0.474674,8.726540,-0.398610,0.090594,8.865560,-0.422980,0.038455
1102.000000,8.549640,-0.275580,0.952794,8.560070,-0.178910,0.839624,8.527890,-0.172140,0.440125,8.410950,-0.196620,0.069914,8.536520,-0.179070,0.005044,8.562230,-0.368720,0.845005,8.747030,-0.398440,0.473405,8.747670,-0.400160,0.089554,8.888860,-0.424220,0.042634
1103.000000,8.556690,-0.276130,0.951615,8.566700,-0.179340,0.838585,8.530200,-0.172140,0.439615,8.411170,-0.196910,0.070144,8.536440,-0.179030,0.004924,8.569730,-0.369140,0.843755,8.754840,-0.398230,0.471985,8.768580,-0.401710,0.088874,8.911750,-0.425410,0.047214
1104.000000,8.563770,-0.276710,0.950365,8.573390,-0.179790,0.837485,8.532630,-0.172160,0.439085,8.411390,-0.197210,0.070374,8.536360,-0.178980,0.004815,8.577280,-0.369580,0.842425,8.762580,-0.398040,0.470454,8.789220,-0.403250,0.088544,8.934190,-0.426550,0.052154
1105.000000,8.570900,-0.277310,0.949045,8.580130,-0.180260,0.836315,8.535170,-0.172210,0.438525,8.411610,-0.197510,0.070624,8.536280,-0.178940,0.004704,8.584890,-0.370040,0.841025,8.770250,-0.397890,0.468825,8.809540,-0.404760,0.088544,8.956110,-0.427630,0.057405
1106.000000,8.578070,-0.277940,0.947665,8.586920,-0.180750,0.835095,8.537840,-0.172280,0.437945,8.411840,-0.197810,0.070894,8.536200,-0.178890,0.004584,8.592540,-0.370510,0.839554,8.777870,-0.397790,0.467124,8.829490,-0.406220,0.088874,8.977460,-0.428650,0.062894
1107.000000,8.585270,-0.278580,0.946215,8.593770,-0.181250,0.833815,8.540650,-0.172380,0.437335,8.412070,-0.198110,0.071174,8.536120,-0.178850,0.004454,8.600230,-0.370990,0.838005,8.785460,-0.397750,0.465395,8.849000,-0.407580,0.089484,8.998170,-0.429610,0.068564
1108.000000,8.592510,-0.279240,0.944715,8.600660,-0.181770,0.832475,8.543610,-0.172520,0.436704,8.412310,-0.198410,0.071484,8.536040,-0.178810,0.004324,8.607970,-0.371480,0.836404,8.793050,-0.397790,0.463655,8.868010,-0.408820,0.090334,9.018170,-0.430490,0.074334
1109.000000,8.599800,-0.279910,0.943165,8.607600,-0.182290,0.831095,8.546720,-0.172680,0.436055,8.412560,-0.198710,0.071814,8.535980,-0.178770,0.004184,8.615740,-0.371980,0.834745,8.800670,-0.397910,0.461935,8.886460,-0.409920,0.091394,9.037420,-0.431310,0.080094
1110.000000,8.607120,-0.280580,0.941574,8.614600,-0.182820,0.829655,8.550010,-0.172880,0.435374,8.412840,-0.199000,0.072184,8.535920,-0.178740,0.004044,8.623550,-0.372470,0.833044,8.808340,-0.398110,0.460245,8.904270,-0.410830,0.092585,9.055850,-0.432050,0.085744
1111.000000,8.614490,-0.281260,0.939955,8.621640,-0.183350,0.828175,8.553490,-0.173100,0.434665,8.413150,-0.199280,0.072594,8.535870,-0.178710,0.003894,8.631400,-0.372970,0.831295,8.816080,-0.398380,0.458635,8.921390,-0.411550,0.093844,9.073400,-0.432710,0.091194
1112.000000,8.621900,-0.281940,0.938295,8.628730,-0.183880,0.826665,8.557160,-0.173350,0.433915,8.413500,-0.199540,0.073034,8.535830,-0.178700,0.003744,8.639280,-0.373460,0.829515,8.823940,-0.398720,0.457095,8.937770,-0.412040,0.095114,9.090040,-0.433300,0.096304
1113.000000,8.629350,-0.282620,0.936624,8.635880,-0.184420,0.825114,8.561040,-0.173630,0.433135,8.413900,-0.199780,0.073524,8.535800,-0.178680,0.003594,8.647200,-0.373960,0.827724,8.831920,-0.399090,0.455645,8.953360,-0.412320,0.096314,9.105720,-0.433810,0.100984
1114.000000,8.636850,-0.283300,0.934935,8.643080,-0.184980,0.823535,8.565140,-0.173920,0.432315,8.414350,-0.200000,0.074074,8.535780,-0.178680,0.003444,8.655160,-0.374470,0.825925,8.840070,-0.399470,0.454315,8.968110,-0.412360,0.097384,9.120400,-0.434230,0.105124
1115.000000,8.644410,-0.283980,0.933245,8.650340,-0.185550,0.821935,8.569460,-0.174230,0.431455,8.414850,-0.200190,0.074674,8.535770,-0.178680,0.003294,8.663150,-0.375000,0.824134,8.848400,-0.399840,0.453085,8.981980,-0.412190,0.098234,9.134070,-0.434550,0.108614
1116.000000,8.652010,-0.284670,0.931565,8.657660,-0.186160,0.820325,8.574020,-0.174560,0.430544,8.415400,-0.200340,0.075354,8.535770,-0.178680,0.003144,8.671200,-0.375560,0.822375,8.856920,-0.400180,0.451985,8.994950,-0.411820,0.098814,9.146720,-0.434760,0.111364
1117.000000,8.659680,-0.285370,0.929905,8.665060,-0.186800,0.818694,8.578820,-0.174900,0.429595,8.416020,-0.200460,0.076104,8.535770,-0.178690,0.002985,8.679290,-0.376160,0.820665,8.865650,-0.400470,0.451015,9.006990,-0.411270,0.099064,9.158360,-0.434850,0.113304
1118.000000,8.667410,-0.286080,0.928265,8.672540,-0.187510,0.817055,8.583860,-0.175250,0.428604,8.416690,-0.200540,0.076934,8.535780,-0.178690,0.002824,8.687440,-0.376810,0.819014,8.874580,-0.400670,0.450155,9.018080,-0.410540,0.098944,9.168990,-0.434790,0.114385
1119.000000,8.675200,-0.286820,0.926655,8.680110,-0.188280,0.815424,8.589150,-0.175610,0.427585,8.417430,-0.200580,0.077864,8.535790,-0.178690,0.002654,8.695660,-0.377530,0.817445,8.883710,-0.400800,0.449425,9.028210,-0.409660,0.098414,9.178670,-0.434570,0.114554
1120.000000,8.683070,-0.287580,0.925095,8.687780,-0.189130,0.813785,8.594690,-0.175980,0.426515,8.418240,-0.200580,0.078904,8.535800,-0.178680,0.002484,8.703940,-0.378320,0.815975,8.893010,-0.400830,0.448815,9.037410,-0.408650,0.097484,9.187430,-0.434170,0.113804
1121.000000,8.691020,-0.288360,0.923575,8.695550,-0.190050,0.812175,8.600480,-0.176350,0.425415,8.419130,-0.200530,0.080054,8.535810,-0.178680,0.002305,8.712280,-0.379190,0.814594,8.902460,-0.400780,0.448295,9.045720,-0.407520,0.096174,9.195330,-0.433600,0.112154
1122.000000,8.699050,-0.289180,0.922115,8.703440,-0.191050,0.810574,8.606540,-0.176720,0.424285,8.420120,-0.200460,0.081345,8.535830,-0.178670,0.002124,8.720700,-0.380140,0.813325,8.912010,-0.400650,0.447855,9.053180,-0.406300,0.094504,9.202440,-0.432830,0.109644
1123.000000,8.707160,-0.290040,0.920705,8.711440,-0.192110,0.809014,8.612870,-0.177090,0.423125,8.421220,-0.200350,0.082774,8.535850,-0.178650,0.001934,8.729170,-0.381150,0.812155,8.921630,-0.400450,0.447495,9.059860,-0.404990,0.092544,9.208850,-0.431890,0.106334
1124.000000,8.715350,-0.290920,0.919365,8.719540,-0.193230,0.807495,8.619470,-0.177460,0.421955,8.422460,-0.200210,0.084354,8.535870,-0.178640,0.001744,8.737710,-0.382220,0.811064,8.931280,-0.400210,0.447175,9.065850,-0.403640,0.090354,9.214620,-0.430780,0.102304
1125.000000,8.723620,-0.291820,0.918084,8.727740,-0.194390,0.806025,8.626360,-0.177820,0.420755,8.423850,-0.200060,0.086094,8.535900,-0.178630,0.001544,8.746300,-0.383340,0.810055,8.940900,-0.399940,0.446895,9.071230,-0.402280,0.088014,9.219840,-0.429530,0.097654
1126.000000,8.731960,-0.292750,0.916875,8.736040,-0.195570,0.804625,8.633560,-0.178170,0.419535,8.425430,-0.199890,0.088024,8.535920,-0.178620,0.001354,8.754930,-0.384470,0.809115,8.950470,-0.399670,0.446644,9.076120,-0.400940,0.085624,9.224590,-0.428180,0.092524
1127.000000,8.740350,-0.293690,0.915735,8.744420,-0.196750,0.803295,8.641070,-0.178500,0.418305,8.427220,-0.199710,0.090134,8.535950,-0.178610,0.001184,8.763590,-0.385610,0.808225,8.959950,-0.399430,0.446415,9.080610,-0.399690,0.083244,9.228930,-0.426780,0.087024
1128.000000,8.748800,-0.294640,0.914685,8.752860,-0.197920,0.802055,8.648920,-0.178820,0.417065,8.429270,-0.199520,0.092434,8.535990,-0.178610,0.001024,8.772270,-0.386750,0.807395,8.969330,-0.399230,0.446215,9.084810,-0.398560,0.080964,9.232920,-0.425370,0.081284
1129.000000,8.757290,-0.295590,0.913714,8.761360,-0.199070,0.800905,8.657120,-0.179120,0.415815,8.431600,-0.199330,0.094944,8.536040,-0.178620,0.000894,8.780970,-0.387870,0.806615,8.978580,-0.399100,0.446045,9.088800,-0.397610,0.078844,9.236600,-0.424000,0.075424
1130.000000,8.765810,-0.296540,0.912845,8.769900,-0.200200,0.799845,8.665700,-0.179400,0.414555,8.434240,-0.199120,0.097654,8.536090,-0.178640,0.000814,8.789670,-0.388960,0.805914,8.987700,-0.399050,0.445925,9.092620,-0.396870,0.076904,9.239980,-0.422720,0.069574
1131.000000,8.774350,-0.297470,0.912065,8.778470,-0.201290,0.798884,8.674660,-0.179660,0.413284,8.437240,-0.198910,0.100584,8.536160,-0.178660,0.000794,8.798360,-0.390030,0.805285,8.996710,-0.399100,0.445855,9.096290,-0.396350,0.075174,9.243080,-0.421570,0.063805
1132.000000,8.782890,-0.298390,0.911394,8.787060,-0.202350,0.798015,8.684030,-0.179890,0.412004,8.440620,-0.198690,0.103734,8.536260,-0.178710,0.000874,8.807030,-0.391070,0.804744,9.005610,-0.399250,0.445864,9.099790,-0.396050,0.073644,9.245900,-0.420580,0.058214
1133.000000,8.791430,-0.299280,0.910834,8.795660,-0.203390,0.797245,8.693820,-0.180090,0.410715,8.444400,-0.198460,0.107104,8.536390,-0.178760,0.001064,8.815670,-0.392090,0.804315,9.014410,-0.399510,0.445945,9.103090,-0.395960,0.072314,9.248440,-0.419780,0.052874
1134.000000,8.799960,-0.300150,0.910374,8.804250,-0.204400,0.796575,8.704060,-0.180250,0.409394,8.448630,-0.198220,0.110704,8.536580,-0.178830,0.001404,8.824270,-0.393090,0.804005,9.023140,-0.399880,0.446125,9.106130,-0.396050,0.071154,9.250710,-0.419180,0.047835
1135.000000,8.808450,-0.300990,0.910025,8.812830,-0.205410,0.795984,8.714750,-0.180360,0.408064,8.453310,-0.197980,0.114544,8.536850,-0.178920,0.001934,8.832810,-0.394090,0.803835,9.031810,-0.400350,0.446385,9.108890,-0.396290,0.070144,9.252710,-0.418760,0.043145
1136.000000,8.816900,-0.301810,0.909775,8.821390,-0.206400,0.795485,8.725890,-0.180410,0.406715,8.458470,-0.197730,0.118604,8.537230,-0.179030,0.002674,8.841290,-0.395070,0.803805,9.040410,-0.400930,0.446735,9.111340,-0.396630,0.069274,9.254470,-0.418520,0.038815
1137.000000,8.825300,-0.302600,0.909635,8.829920,-0.207410,0.795065,8.737500,-0.180390,0.405335,8.464130,-0.197480,0.122884,8.537770,-0.179160,0.003674,8.849700,-0.396060,0.803925,9.048940,-0.401590,0.447135,9.113500,-0.397050,0.068514,9.255980,-0.418440,0.034864
1138.000000,8.833650,-0.303370,0.909594,8.838420,-0.208420,0.794725,8.749550,-0.180320,0.403935,8.470290,-0.197230,0.127364,8.538520,-0.179310,0.004954,8.858020,-0.397070,0.804195,9.057370,-0.402330,0.447584,9.115400,-0.397500,0.067874,9.257280,-0.418480,0.031304
1139.000000,8.841930,-0.304130,0.909644,8.846880,-0.209460,0.794444,8.762030,-0.180180,0.402525,8.476970,-0.196990,0.132044,8.539540,-0.179480,0.006554,8.866270,-0.398090,0.804605,9.065670,-0.403140,0.448025,9.117060,-0.397940,0.067314,9.258370,-0.418620,0.028134
1140.000000,8.850160,-0.304880,0.909764,8.855310,-0.210520,0.794215,8.774920,-0.180000,0.401105,8.484170,-0.196770,0.136884,8.540890,-0.179660,0.008474,8.874450,-0.399140,0.805154,9.073770,-0.404000,0.448455,9.118510,-0.398350,0.066834,9.259280,-0.418820,0.025334
1141.000000,8.858320,-0.305630,0.909975,8.863730,-0.211630,0.794045,8.788170,-0.179790,0.399684,8.491890,-0.196590,0.141874,8.542640,-0.179870,0.010755,8.882570,-0.400220,0.805814,9.081650,-0.404880,0.448825,9.119790,-0.398700,0.066414,9.260020,-0.419060,0.022905
1142.000000,8.866420,-0.306380,0.910235,8.872150,-0.212780,0.793914,8.801750,-0.179550,0.398294,8.500140,-0.196460,0.146964,8.544860,-0.180100,0.013385,8.890640,-0.401350,0.806574,9.089240,-0.405790,0.449115,9.120900,-0.398960,0.066054,9.260620,-0.419330,0.020814
1143.000000,8.874470,-0.307150,0.910564,8.880590,-0.213980,0.793814,8.815600,-0.179330,0.396955,8.508900,-0.196380,0.152135,8.547630,-0.180360,0.016365,8.898690,-0.402520,0.807415,9.096520,-0.406690,0.449325,9.121880,-0.399150,0.065744,9.261090,-0.419590,0.019054
1144.000000,8.882460,-0.307930,0.910945,8.889040,-0.215230,0.793764,8.829680,-0.179120,0.395705,8.518150,-0.196380,0.157344,8.551010,-0.180650,0.019675,8.906730,-0.403740,0.808315,9.103430,-0.407570,0.449435,9.122730,-0.399240,0.065464,9.261460,-0.419840,0.017584
1145.000000,8.890400,-0.308720,0.911385,8.897510,-0.216530,0.793745,8.843920,-0.178950,0.394574,8.527880,-0.196430,0.162554,8.555100,-0.180980,0.023304,8.914750,-0.405000,0.809265,9.109970,-0.408420,0.449445,9.123480,-0.399240,0.065234,9.261720,-0.420060,0.016375
1146.000000,8.898280,-0.309530,0.911864,8.905970,-0.217850,0.793785,8.858280,-0.178840,0.393605,8.538040,-0.196550,0.167755,8.559970,-0.181340,0.027215,8.922770,-0.406290,0.810254,9.116130,-0.409220,0.449375,9.124160,-0.399180,0.065024,9.261910,-0.420240,0.015384
1147.000000,8.906110,-0.310350,0.912415,8.914420,-0.219200,0.793884,8.872700,-0.178780,0.392825,8.548620,-0.196710,0.172895,8.565700,-0.181750,0.031344,8.930760,-0.407590,0.811265,9.121910,-0.409970,0.449225,9.124770,-0.399060,0.064844,9.262030,-0.420400,0.014565
1148.000000,8.913870,-0.311180,0.913015,8.922810,-0.220540,0.794065,8.887130,-0.178790,0.392285,8.559600,-0.196930,0.177934,8.572380,-0.182200,0.035634,8.938730,-0.408890,0.812304,9.127330,-0.410660,0.449035,9.125330,-0.398910,0.064684,9.262090,-0.420520,0.013895
1149.000000,8.921570,-0.312010,0.913685,8.931110,-0.221860,0.794345,8.901550,-0.178850,0.391995,8.570950,-0.197190,0.182834,8.580040,-0.182690,0.040004,8.946650,-0.410160,0.813365,9.132390,-0.411300,0.448804,9.125840,-0.398750,0.064554,9.262100,-0.420610,0.013355
1150.000000,8.929190,-0.312840,0.914424,8.939300,-0.223130,0.794735,8.915920,-0.178950,0.391985,8.582670,-0.197490,0.187554,8.588730,-0.183220,0.044374,8.954510,-0.411390,0.814454,9.137130,-0.411870,0.448545,9.126300,-0.398590,0.064434,9.262070,-0.420680,0.012894
1151.000000,8.936740,-0.313650,0.915245,8.947370,-0.224350,0.795235,8.930220,-0.179090,0.392265,8.594740,-0.197820,0.192034,8.598460,-0.183800,0.048655,8.962300,-0.412560,0.815555,9.141580,-0.412400,0.448295,9.126710,-0.398440,0.064344,9.262010,-0.420730,0.012525
1152.000000,8.944210,-0.314450,0.916154,8.955300,-0.225490,0.795875,8.944450,-0.179260,0.392835,8.607170,-0.198160,0.196214,8.609210,-0.184420,0.052764,8.970010,-0.413670,0.816674,9.145750,-0.412870,0.448035,9.127070,-0.398320,0.064264,9.261920,-0.420760,0.012195
1153.000000,8.951620,-0.315220,0.917145,8.963100,-0.226550,0.796644,8.958590,-0.179440,0.393705,8.619940,-0.198520,0.200054,8.620920,-0.185090,0.056625,8.977650,-0.414710,0.817814,9.149660,-0.413310,0.447795,9.127380,-0.398230,0.064214,9.261810,-0.420780,0.011925
1154.000000,8.958970,-0.315970,0.918224,8.970780,-0.227530,0.797555,8.972650,-0.179620,0.394865,8.633060,-0.198880,0.203505,8.633540,-0.185810,0.060174,8.985200,-0.415660,0.818995,9.153330,-0.413710,0.447565,9.127630,-0.398170,0.064184,9.261680,-0.420800,0.011675
1155.000000,8.966260,-0.316680,0.919405,8.978340,-0.228430,0.798605,8.986620,-0.179800,0.396294,8.646520,-0.199250,0.206534,8.646980,-0.186550,0.063354,8.992690,-0.416550,0.820215,9.156780,-0.414090,0.447355,9.127830,-0.398140,0.064184,9.261540,-0.420800,0.011464
1156.000000,8.973510,-0.317370,0.920675,8.985800,-0.229250,0.799795,9.000510,-0.179970,0.397975,8.660310,-0.199610,0.209114,8.661170,-0.187330,0.066124,9.000110,-0.417360,0.821485,9.160000,-0.414450,0.447155,9.127970,-0.398130,0.064204,9.261380,-0.420810,0.011274
1157.000000,8.980730,-0.318030,0.922054,8.993160,-0.230000,0.801104,9.014330,-0.180130,0.399895,8.674420,-0.199970,0.211245,8.676030,-0.188110,0.068444,9.007460,-0.418110,0.822825,9.163000,-0.414800,0.446965,9.128060,-0.398160,0.064244,9.261200,-0.420820,0.011095
1158.000000,8.987920,-0.318660,0.923515,9.000450,-0.230680,0.802555,9.028080,-0.180280,0.402005,8.688840,-0.200340,0.212915,8.691510,-0.188900,0.070314,9.014760,-0.418800,0.824215,9.165790,-0.415140,0.446795,9.128090,-0.398200,0.064314,9.261020,-0.420820,0.010934
1159.000000,8.995100,-0.319270,0.925065,9.007670,-0.231300,0.804104,9.041790,-0.180390,0.404295,8.703530,-0.200730,0.214154,8.707550,-0.189670,0.071724,9.022000,-0.419420,0.825674,9.168380,-0.415470,0.446644,9.128070,-0.398260,0.064404,9.260840,-0.420830,0.010784
1160.000000,9.002270,-0.319860,0.926705,9.014840,-0.231860,0.805775,9.055440,-0.180480,0.406734,8.718490,-0.201140,0.214954,8.724110,-0.190410,0.072674,9.029180,-0.419990,0.827195,9.170760,-0.415800,0.446505,9.127990,-0.398330,0.064524,9.260650,-0.420840,0.010645
1161.000000,9.009440,-0.320420,0.928404,9.021950,-0.232350,0.807535,9.069050,-0.180550,0.409305,8.733700,-0.201580,0.215355,8.741170,-0.191100,0.073194,9.036310,-0.420510,0.828744,9.172960,-0.416110,0.446395,9.127870,-0.398410,0.064674,9.260460,-0.420860,0.010504
1162.000000,9.016600,-0.320960,0.930165,9.029030,-0.232770,0.809385,9.082590,-0.180580,0.411985,8.749140,-0.202070,0.215344,8.758710,-0.191740,0.073294,9.043390,-0.420960,0.830345,9.175000,-0.416390,0.446305,9.127700,-0.398500,0.064854,9.260270,-0.420870,0.010375
1163.000000,9.023770,-0.321480,0.931975,9.036070,-0.233140,0.811295,9.096080,-0.180590,0.414755,8.764790,-0.202590,0.214954,8.776700,-0.192300,0.073004,9.050410,-0.421360,0.831955,9.176880,-0.416650,0.446254,9.127520,-0.398580,0.065054,9.260080,-0.420890,0.010235
1164.000000,9.030950,-0.321990,0.933814,9.043080,-0.233440,0.813265,9.109490,-0.180580,0.417605,8.780640,-0.203140,0.214194,8.795140,-0.192780,0.072364,9.057390,-0.421700,0.833574,9.178620,-0.416880,0.446225,9.127340,-0.398650,0.065274,9.259890,-0.420900,0.010104
1165.000000,9.038120,-0.322480,0.935675,9.050060,-0.233680,0.815275,9.122810,-0.180570,0.420515,8.796680,-0.203710,0.213075,8.814000,-0.193160,0.071394,9.064310,-0.421990,0.835184,9.180240,-0.417090,0.446225,9.127170,-0.398720,0.065514,9.259700,-0.420910,0.009975
1166.000000,9.045300,-0.322950,0.937535,9.057020,-0.233870,0.817295,9.136040,-0.180550,0.423485,8.812910,-0.204300,0.211614,8.833280,-0.193440,0.070134,9.071190,-0.422230,0.836785,9.181760,-0.417260,0.446235,9.127010,-0.398780,0.065764,9.259520,-0.420920,0.009834
1167.000000,9.052470,-0.323400,0.939385,9.063960,-0.234010,0.819315,9.149150,-0.180540,0.426505,8.829320,-0.204890,0.209835,8.852960,-0.193600,0.068624,9.078020,-0.422430,0.838345,9.183180,-0.417420,0.446275,9.126880,-0.398830,0.066024,9.259340,-0.420930,0.009704
1168.000000,9.059630,-0.323840,0.941215,9.070870,-0.234110,0.821325,9.162150,-0.180540,0.429544,8.845890,-0.205460,0.207744,8.873020,-0.193650,0.066894,9.084800,-0.422580,0.839865,9.184540,-0.417550,0.446325,9.126770,-0.398870,0.066294,9.259170,-0.420930,0.009565
1169.000000,9.066780,-0.324260,0.943005,9.077770,-0.234170,0.823304,9.175020,-0.180560,0.432605,8.862640,-0.206010,0.205374,8.893460,-0.193570,0.064974,9.091550,-0.422700,0.841345,9.185830,-0.417660,0.446375,9.126670,-0.398900,0.066574,9.259000,-0.420920,0.009414
1170.000000,9.073910,-0.324660,0.944744,9.084650,-0.234190,0.825234,9.187770,-0.180580,0.435665,8.879550,-0.206530,0.202725,8.914240,-0.193380,0.062904,9.098260,-0.422790,0.842755,9.187070,-0.417750,0.446445,9.126590,-0.398910,0.066854,9.258840,-0.420910,0.009274
1171.000000,9.081020,-0.325040,0.946425,9.091520,-0.234190,0.827095,9.200390,-0.180600,0.438735,8.896650,-0.206990,0.199815,8.935360,-0.193070,0.060714,9.104930,-0.422850,0.844094,9.188280,-0.417840,0.446525,9.126520,-0.398910,0.067144,9.258680,-0.420900,0.009125
1172.000000,9.088120,-0.325410,0.948035,9.098380,-0.234160,0.828894,9.212860,-0.180620,0.441785,8.913950,-0.207380,0.196644,8.956810,-0.192630,0.058445,9.111580,-0.422880,0.845365,9.189470,-0.417910,0.446605,9.126470,-0.398900,0.067424,9.258520,-0.420880,0.008984
1173.000000,9.095190,-0.325750,0.949565,9.105240,-0.234120,0.830604,9.225180,-0.180620,0.444815,8.931450,-0.207700,0.193214,8.978550,-0.192070,0.056114,9.118200,-0.422900,0.846545,9.190640,-0.417980,0.446705,9.126430,-0.398880,0.067704,9.258370,-0.420860,0.008834
1174.000000,9.102240,-0.326080,0.950995,9.112090,-0.234070,0.832225,9.237340,-0.180610,0.447804,8.949190,-0.207910,0.189524,9.000600,-0.191400,0.053755,9.124800,-0.422910,0.847635,9.191810,-0.418040,0.446804,9.126400,-0.398850,0.067974,9.258230,-0.420830,0.008684
1175.000000,9.109260,-0.326390,0.952334,9.118940,-0.234000,0.833744,9.249340,-0.180590,0.450755,8.967180,-0.208020,0.185584,9.022920,-0.190600,0.051395,9.131380,-0.422900,0.848625,9.192990,-0.418110,0.446895,9.126400,-0.398820,0.068244,9.258090,-0.420800,0.008535
1176.000000,9.116250,-0.326670,0.953565,9.125780,-0.233920,0.835145,9.261170,-0.180560,0.453655,8.985430,-0.208010,0.181424,9.045520,-0.189690,0.049055,9.137940,-0.422880,0.849515,9.194180,-0.418180,0.446985,9.126410,-0.398780,0.068514,9.257960,-0.420770,0.008394
1177.000000,9.123220,-0.326940,0.954674,9.132620,-0.233840,0.836434,9.272820,-0.180510,0.456475,9.003940,-0.207900,0.177074,9.068380,-0.188680,0.046775,9.144480,-0.422860,0.850295,9.195390,-0.418240,0.447075,9.126430,-0.398740,0.068764,9.257830,-0.420740,0.008244
1178.000000,9.130150,-0.327190,0.955674,9.139460,-0.233750,0.837604,9.284300,-0.180460,0.459225,9.022710,-0.207670,0.172544,9.091490,-0.187570,0.044575,9.150990,-0.422820,0.850955,9.196620,-0.418320,0.447135,9.126480,-0.398700,0.069004,9.257710,-0.420710,0.008105
1179.000000,9.137060,-0.327420,0.956545,9.146290,-0.233640,0.838654,9.295590,-0.180410,0.461875,9.041760,-0.207340,0.167884,9.114810,-0.186360,0.042465,9.157480,-0.422780,0.851495,9.197870,-0.418390,0.447185,9.126530,-0.398660,0.069234,9.257600,-0.420690,0.007954
1180.000000,9.143930,-0.327630,0.957295,9.153120,-0.233530,0.839565,9.306700,-0.180370,0.464415,9.061090,-0.206910,0.163095,9.138350,-0.185070,0.040465,9.163940,-0.422720,0.851905,9.199150,-0.418460,0.447215,9.126610,-0.398620,0.069454,9.257490,-0.420670,0.007814
1181.000000,9.150780,-0.327820,0.957915,9.159940,-0.233410,0.840355,9.317620,-0.180340,0.466835,9.080720,-0.206370,0.158224,9.162070,-0.183700,0.038594,9.170370,-0.422650,0.852194,9.200460,-0.418530,0.447215,9.126690,-0.398580,0.069654,9.257390,-0.420650,0.007674
1182.000000,9.157600,-0.327990,0.958404,9.166750,-0.233270,0.841014,9.328350,-0.180330,0.469124,9.100630,-0.205740,0.153284,9.185960,-0.182260,0.036874,9.176770,-0.422560,0.852364,9.201810,-0.418600,0.447185,9.126780,-0.398540,0.069854,9.257290,-0.420640,0.007534
1183.000000,9.164400,-0.328130,0.958765,9.173560,-0.233120,0.841545,9.338890,-0.180330,0.471265,9.120840,-0.205040,0.148324,9.210010,-0.180750,0.035305,9.183140,-0.422460,0.852405,9.203190,-0.418660,0.447125,9.126880,-0.398500,0.070034,9.257190,-0.420630,0.007384
1184.000000,9.171180,-0.328250,0.958994,9.180350,-0.232960,0.841944,9.349240,-0.180350,0.473245,9.141340,-0.204270,0.143374,9.234200,-0.179190,0.033925,9.189480,-0.422350,0.852334,9.204610,-0.418700,0.447045,9.126980,-0.398450,0.070204,9.257100,-0.420610,0.007245
1185.000000,9.177940,-0.328340,0.959105,9.187130,-0.232780,0.842225,9.359410,-0.180390,0.475065,9.162110,-0.203460,0.138484,9.258520,-0.177580,0.032745,9.195780,-0.422210,0.852155,9.206070,-0.418740,0.446915,9.127080,-0.398400,0.070374,9.257010,-0.420600,0.007094
1186.000000,9.184690,-0.328400,0.959105,9.193910,-0.232580,0.842375,9.369390,-0.180460,0.476705,9.183120,-0.202620,0.133684,9.282960,-0.175920,0.031785,9.202060,-0.422060,0.851885,9.207560,-0.418770,0.446765,9.127170,-0.398340,0.070534,9.256930,-0.420590,0.006945
1187.000000,9.191420,-0.328430,0.958985,9.200670,-0.232370,0.842415,9.379180,-0.180540,0.478165,9.204360,-0.201760,0.129015,9.307500,-0.174240,0.031074,9.208320,-0.421900,0.851525,9.209100,-0.418790,0.446575,9.127260,-0.398280,0.070684,9.256840,-0.420580,0.006794
1188.000000,9.198160,-0.328430,0.958765,9.207430,-0.232150,0.842334,9.388780,-0.180650,0.479435,9.225790,-0.200900,0.124515,9.332120,-0.172540,0.030644,9.214570,-0.421710,0.851105,9.210670,-0.418810,0.446364,9.127340,-0.398200,0.070844,9.256740,-0.420560,0.006634
1189.000000,9.204900,-0.328390,0.958445,9.214170,-0.231910,0.842145,9.398200,-0.180790,0.480515,9.247380,-0.200010,0.120194,9.356810,-0.170830,0.030504,9.220800,-0.421500,0.850615,9.212270,-0.418820,0.446125,9.127410,-0.398120,0.071004,9.256650,-0.420550,0.006474
1190.000000,9.211630,-0.328310,0.958035,9.220910,-0.231650,0.841855,9.407430,-0.180940,0.481395,9.269100,-0.199090,0.116084,9.381540,-0.169120,0.030694,9.227040,-0.421270,0.850065,9.213900,-0.418820,0.445875,9.127460,-0.398020,0.071164,9.256550,-0.420540,0.006324
1191.000000,9.218370,-0.328200,0.957525,9.227630,-0.231370,0.841465,9.416460,-0.181130,0.482065,9.290890,-0.198110,0.112204,9.406290,-0.167420,0.031225,9.233260,-0.421010,0.849455,9.215560,-0.418820,0.445605,9.127500,-0.397910,0.071324,9.256450,-0.420530,0.006174
1192.000000,9.225100,-0.328040,0.956935,9.234340,-0.231050,0.840975,9.425300,-0.181340,0.482545,9.312720,-0.197050,0.108564,9.431010,-0.165750,0.032125,9.239490,-0.420720,0.848795,9.217240,-0.418820,0.445335,9.127530,-0.397790,0.071504,9.256350,-0.420540,0.006024
1193.000000,9.231840,-0.327840,0.956255,9.241050,-0.230710,0.840395,9.433950,-0.181570,0.482805,9.334530,-0.195880,0.105184,9.455690,-0.164120,0.033414,9.245740,-0.420400,0.848055,9.218950,-0.418810,0.445045,9.127540,-0.397660,0.071704,9.256250,-0.420560,0.005894
1194.000000,9.238590,-0.327600,0.955495,9.247760,-0.230350,0.839715,9.442400,-0.181840,0.482875,9.356300,-0.194620,0.102064,9.480280,-0.162540,0.035104,9.252000,-0.420040,0.847264,9.220690,-0.418790,0.444754,9.127550,-0.397520,0.071904,9.256150,-0.420580,0.005764
1195.000000,9.245350,-0.327330,0.954655,9.254510,-0.229960,0.838935,9.450650,-0.182150,0.482745,9.378010,-0.193240,0.099244,9.504720,-0.161010,0.037205,9.258310,-0.419670,0.846395,9.222480,-0.418760,0.444455,9.127560,-0.397380,0.072124,9.256060,-0.420620,0.005654
1196.000000,9.252140,-0.327020,0.953735,9.261300,-0.229560,0.838064,9.458700,-0.182480,0.482405,9.399650,-0.191760,0.096724,9.528980,-0.159540,0.039734,9.264680,-0.419290,0.845445,9.224350,-0.418720,0.444144,9.127580,-0.397220,0.072354,9.255960,-0.420670,0.005544
1197.000000,9.258950,-0.326680,0.952735,9.268170,-0.229160,0.837105,9.466560,-0.182850,0.481884,9.421180,-0.190190,0.094524,9.552990,-0.158120,0.042685,9.271130,-0.418890,0.844425,9.226300,-0.418670,0.443815,9.127610,-0.397060,0.072604,9.255880,-0.420720,0.005434
1198.000000,9.265790,-0.326320,0.951674,9.275130,-0.228770,0.836044,9.474230,-0.183250,0.481164,9.442580,-0.188540,0.092664,9.576700,-0.156770,0.046054,9.277670,-0.418510,0.843325,9.228360,-0.418600,0.443474,9.127660,-0.396890,0.072864,9.255800,-0.420770,0.005324
1199.000000,9.272670,-0.325940,0.950535,9.282170,-0.228370,0.834915,9.481720,-0.183680,0.480265,9.463810,-0.186830,0.091154,9.600020,-0.155490,0.049814,9.284280,-0.418120,0.842145,9.230570,-0.418510,0.443115,9.127740,-0.396710,0.073134,9.255720,-0.420820,0.005204
1200.000000,9.279580,-0.325530,0.949334,9.289300,-0.227990,0.833705,9.489050,-0.184140,0.479185,9.484800,-0.185070,0.090004,9.622890,-0.154270,0.053944,9.290970,-0.417740,0.840885,9.232950,-0.418400,0.442715,9.127860,-0.396520,0.073414,9.255650,-0.420870,0.005084
1201.000000,9.286520,-0.325100,0.948084,9.296510,-0.227600,0.832434,9.496230,-0.184610,0.477944,9.505510,-0.183310,0.089194,9.645250,-0.153130,0.058394,9.297720,-0.417360,0.839565,9.235530,-0.418260,0.442285,9.128010,-0.396320,0.073694,9.255590,-0.420910,0.004945
1202.000000,9.293510,-0.324660,0.946775,9.303790,-0.227220,0.831105,9.503300,-0.185080,0.476565,9.525860,-0.181560,0.088734,9.667010,-0.152070,0.063114,9.304530,-0.416980,0.838184,9.238320,-0.418100,0.441805,9.128210,-0.396110,0.073984,9.255540,-0.420950,0.004794
1203.000000,9.300530,-0.324190,0.945425,9.311150,-0.226820,0.829724,9.510280,-0.185530,0.475055,9.545780,-0.179890,0.088604,9.688120,-0.151110,0.068034,9.311380,-0.416590,0.836765,9.241350,-0.417920,0.441275,9.128450,-0.395890,0.074294,9.255490,-0.420980,0.004634
1204.000000,9.307590,-0.323710,0.944034,9.318560,-0.226420,0.828304,9.517190,-0.185950,0.473455,9.565190,-0.178320,0.088774,9.708500,-0.150270,0.073084,9.318280,-0.416190,0.835315,9.244630,-0.417700,0.440695,9.128730,-0.395660,0.074614,9.255460,-0.421010,0.004454
1205.000000,9.314690,-0.323210,0.942605,9.326040,-0.226010,0.826844,9.524080,-0.186310,0.471784,9.584000,-0.176910,0.089184,9.728090,-0.149560,0.078164,9.325220,-0.415770,0.833835,9.248170,-0.417460,0.440065,9.129050,-0.395410,0.074964,9.255440,-0.421030,0.004274
1206.000000,9.321830,-0.322700,0.941155,9.333580,-0.225580,0.825345,9.530980,-0.186620,0.470064,9.602150,-0.175690,0.089804,9.746820,-0.149010,0.083184,9.332210,-0.415350,0.832345,9.251970,-0.417190,0.439385,9.129420,-0.395150,0.075344,9.255430,-0.421050,0.004074
1207.000000,9.329020,-0.322170,0.939674,9.341190,-0.225150,0.823835,9.537920,-0.186860,0.468315,9.619540,-0.174710,0.090554,9.764660,-0.148630,0.088034,9.339240,-0.414910,0.830835,9.256020,-0.416890,0.438665,9.129830,-0.394890,0.075774,9.255430,-0.421070,0.003874
1208.000000,9.336250,-0.321630,0.938175,9.348870,-0.224720,0.822295,9.544940,-0.187030,0.466565,9.636110,-0.174000,0.091374,9.781540,-0.148450,0.092604,9.346310,-0.414470,0.829325,9.260320,-0.416550,0.437905,9.130280,-0.394640,0.076254,9.255440,-0.421080,0.003664
1209.000000,9.343530,-0.321080,0.936665,9.356620,-0.224270,0.820735,9.552070,-0.187140,0.464844,9.651790,-0.173580,0.092164,9.797430,-0.148470,0.096794,9.353430,-0.414010,0.827815,9.264850,-0.416190,0.437115,9.130780,-0.394400,0.076804,9.255460,-0.421090,0.003455
1210.000000,9.350860,-0.320520,0.935145,9.364440,-0.223820,0.819175,9.559340,-0.187200,0.463175,9.666510,-0.173460,0.092854,9.812310,-0.148720,0.100484,9.360600,-0.413540,0.826304,9.269600,-0.415800,0.436305,9.131330,-0.394190,0.077424,9.255490,-0.421100,0.003244
1211.000000,9.358260,-0.319930,0.933615,9.372340,-0.223350,0.817615,9.566790,-0.187240,0.461565,9.680250,-0.173640,0.093374,9.826140,-0.149200,0.103584,9.367830,-0.413060,0.824805,9.274580,-0.415390,0.435475,9.131930,-0.394010,0.078124,9.255520,-0.421120,0.003024
1212.000000,9.365710,-0.319330,0.932084,9.380310,-0.222860,0.816075,9.574420,-0.187270,0.460035,9.692970,-0.174120,0.093654,9.838930,-0.149940,0.105994,9.375120,-0.412550,0.823315,9.279760,-0.414970,0.434635,9.132580,-0.393880,0.078904,9.255570,-0.421150,0.002815
1213.000000,9.373230,-0.318700,0.930574,9.388340,-0.222340,0.814545,9.582250,-0.187310,0.458615,9.704670,-0.174860,0.093634,9.850660,-0.150940,0.107644,9.382470,-0.412000,0.821835,9.285150,-0.414540,0.433775,9.133310,-0.393800,0.079784,9.255620,-0.421180,0.002594
1214.000000,9.380830,-0.318040,0.929065,9.396450,-0.221780,0.813055,9.590290,-0.187400,0.457305,9.715360,-0.175840,0.093274,9.861360,-0.152200,0.108474,9.389890,-0.411420,0.820375,9.290750,-0.414120,0.432885,9.134100,-0.393780,0.080754,9.255670,-0.421230,0.002384
1215.000000,9.388510,-0.317350,0.927585,9.404630,-0.221160,0.811605,9.598530,-0.187540,0.456125,9.725050,-0.177020,0.092564,9.871050,-0.153720,0.108444,9.397400,-0.410780,0.818925,9.296560,-0.413700,0.431984,9.134970,-0.393820,0.081824,9.255730,-0.421300,0.002174
1216.000000,9.396270,-0.316610,0.926125,9.412880,-0.220490,0.810204,9.606970,-0.187750,0.455055,9.733790,-0.178370,0.091494,9.879770,-0.155480,0.107534,9.405000,-0.410080,0.817504,9.302590,-0.413290,0.431065,9.135920,-0.393920,0.083004,9.255790,-0.421380,0.001964
1217.000000,9.404120,-0.315830,0.924694,9.421190,-0.219750,0.808875,9.615580,-0.188040,0.454115,9.741610,-0.179850,0.090084,9.887570,-0.157470,0.105764,9.412700,-0.409320,0.816095,9.308830,-0.412900,0.430105,9.136950,-0.394090,0.084304,9.255860,-0.421490,0.001754
1218.000000,9.412050,-0.315000,0.923315,9.429560,-0.218930,0.807615,9.624340,-0.188410,0.453304,9.748570,-0.181420,0.088364,9.894510,-0.159650,0.103145,9.420500,-0.408480,0.814725,9.315310,-0.412510,0.429125,9.138080,-0.394320,0.085724,9.255940,-0.421610,0.001534
1219.000000,9.420070,-0.314130,0.921995,9.437980,-0.218030,0.806435,9.633220,-0.188850,0.452605,9.754760,-0.183030,0.086394,9.900670,-0.161970,0.099774,9.428410,-0.407560,0.813375,9.322040,-0.412140,0.428115,9.139320,-0.394620,0.087294,9.256030,-0.421760,0.001304
1220.000000,9.428180,-0.313210,0.920735,9.446450,-0.217060,0.805345,9.642180,-0.189350,0.452015,9.760270,-0.184630,0.084234,9.906120,-0.164380,0.095724,9.436430,-0.406570,0.812075,9.329030,-0.411790,0.427065,9.140690,-0.394970,0.089014,9.256130,-0.421920,0.001064
1221.000000,9.436350,-0.312250,0.919544,9.454940,-0.216010,0.804345,9.651180,-0.189890,0.451515,9.765190,-0.186160,0.081974,9.910960,-0.166800,0.091124,9.444560,-0.405520,0.810825,9.336320,-0.411450,0.425985,9.142210,-0.395380,0.090904,9.256260,-0.422090,0.000804
1222.000000,9.444590,-0.311270,0.918444,9.463460,-0.214900,0.803445,9.660190,-0.190450,0.451115,9.769660,-0.187570,0.079674,9.915270,-0.169160,0.086094,9.452790,-0.404400,0.809624,9.343900,-0.411120,0.424875,9.143920,-0.395830,0.092974,9.256400,-0.422250,0.000544
1223.000000,9.452880,-0.310260,0.917435,9.471990,-0.213740,0.802655,9.669190,-0.190990,0.450804,9.773770,-0.188790,0.077404,9.919120,-0.171400,0.080774,9.461110,-0.403230,0.808495,9.351830,-0.410810,0.423725,9.145850,-0.396320,0.095244,9.256560,-0.422410,0.000264
1224.000000,9.461220,-0.309240,0.916525,9.480510,-0.212540,0.801964,9.678150,-0.191490,0.450565,9.777630,-0.189770,0.075244,9.922600,-0.173430,0.075284,9.469510,-0.402030,0.807455,9.360100,-0.410520,0.422554,9.148050,-0.396830,0.097724,9.256730,-0.422560,-0.000006
1225.000000,9.469600,-0.308220,0.915725,9.489030,-0.211300,0.801385,9.687060,-0.191930,0.450414,9.781290,-0.190490,0.073224,9.925750,-0.175200,0.069714,9.477980,-0.400810,0.806495,9.368770,-0.410250,0.421355,9.150570,-0.397350,0.100414,9.256910,-0.422680,-0.000266
1226.000000,9.477990,-0.307210,0.915034,9.497540,-0.210060,0.800914,9.695920,-0.192270,0.450335,9.784790,-0.190930,0.071374,9.928610,-0.176670,0.064164,9.486510,-0.399580,0.805624,9.377840,-0.410010,0.420135,9.153460,-0.397860,0.103324,9.257100,-0.422770,-0.000486
1227.000000,9.486400,-0.306210,0.914455,9.506030,-0.208810,0.800565,9.704740,-0.192500,0.450335,9.788120,-0.191090,0.069704,9.931200,-0.177810,0.058725,9.495080,-0.398340,0.804855,9.387340,-0.409790,0.418875,9.156780,-0.398350,0.106434,9.257300,-0.422830,-0.000636
1228.000000,9.494820,-0.305220,0.913984,9.514500,-0.207570,0.800315,9.713520,-0.192590,0.450395,9.791260,-0.191030,0.068214,9.933560,-0.178630,0.053455,9.503670,-0.397110,0.804184,9.397290,-0.409600,0.417605,9.160580,-0.398790,0.109764,9.257520,-0.422850,-0.000696
1229.000000,9.503240,-0.304260,0.913614,9.522960,-0.206330,0.800185,9.722270,-0.192540,0.450524,9.794170,-0.190780,0.066904,9.935680,-0.179140,0.048405,9.512280,-0.395900,0.803605,9.407710,-0.409450,0.416295,9.164900,-0.399180,0.113284,9.257780,-0.422840,-0.000616
1230.000000,9.511640,-0.303320,0.913345,9.531390,-0.205100,0.800165,9.731000,-0.192350,0.450705,9.796840,-0.190410,0.065764,9.937580,-0.179380,0.043625,9.520890,-0.394690,0.803125,9.418610,-0.409330,0.414965,9.169750,-0.399520,0.116994,9.258090,-0.422790,-0.000366
1231.000000,9.520030,-0.302390,0.913175,9.539810,-0.203890,0.800245,9.739700,-0.192000,0.450925,9.799240,-0.189950,0.064764,9.939270,-0.179400,0.039135,9.529490,-0.393490,0.802725,9.429980,-0.409230,0.413585,9.175160,-0.399810,0.120894,9.258500,-0.422710,0.000104
1232.000000,9.528390,-0.301480,0.913084,9.548210,-0.202680,0.800424,9.748360,-0.191510,0.451155,9.801400,-0.189470,0.063914,9.940760,-0.179250,0.034974,9.538080,-0.392300,0.802395,9.441830,-0.409170,0.412174,9.181120,-0.400050,0.124954,9.259050,-0.422600,0.000834
1233.000000,9.536720,-0.300580,0.913075,9.556600,-0.201490,0.800694,9.756950,-0.190880,0.451375,9.803340,-0.188990,0.063184,9.942070,-0.179000,0.031155,9.546650,-0.391120,0.802145,9.454130,-0.409110,0.410715,9.187630,-0.400250,0.129184,9.259780,-0.422480,0.001854
1234.000000,9.545020,-0.299680,0.913125,9.564980,-0.200300,0.801034,9.765420,-0.190140,0.451565,9.805060,-0.188550,0.062544,9.943210,-0.178670,0.027674,9.555200,-0.389940,0.801945,9.466850,-0.409050,0.409225,9.194680,-0.400400,0.133554,9.260760,-0.422350,0.003204
1235.000000,9.553270,-0.298790,0.913224,9.573340,-0.199110,0.801445,9.773740,-0.189310,0.451694,9.806610,-0.188170,0.061985,9.944190,-0.178330,0.024545,9.563700,-0.388760,0.801805,9.479980,-0.408970,0.407695,9.202250,-0.400510,0.138054,9.262070,-0.422220,0.004905
1236.000000,9.561470,-0.297880,0.913385,9.581670,-0.197920,0.801905,9.781860,-0.188410,0.451755,9.808000,-0.187860,0.061495,9.945010,-0.177990,0.021785,9.572150,-0.387570,0.801714,9.493460,-0.408850,0.406145,9.210330,-0.400570,0.142664,9.263770,-0.422090,0.006974
1237.000000,9.569620,-0.296970,0.913585,9.589960,-0.196730,0.802415,9.789720,-0.187480,0.451715,9.809250,-0.187640,0.061055,9.945690,-0.177670,0.019374,9.580550,-0.386390,0.801675,9.507240,-0.408680,0.404605,9.218880,-0.400600,0.147374,9.265950,-0.421970,0.009414
1238.000000,9.577700,-0.296040,0.913825,9.598210,-0.195540,0.802964,9.797290,-0.186560,0.451595,9.810360,-0.187510,0.060655,9.946240,-0.177400,0.017324,9.588870,-0.385200,0.801685,9.521290,-0.408450,0.403085,9.227900,-0.400590,0.152154,9.268700,-0.421860,0.012214
1239.000000,9.585720,-0.295110,0.914115,9.606400,-0.194350,0.803555,9.804520,-0.185660,0.451375,9.811340,-0.187480,0.060294,9.946670,-0.177170,0.015595,9.597100,-0.384010,0.801755,9.535540,-0.408150,0.401635,9.237350,-0.400540,0.156974,9.272110,-0.421740,0.015355
1240.000000,9.593670,-0.294170,0.914444,9.614520,-0.193180,0.804184,9.811400,-0.184820,0.451075,9.812200,-0.187560,0.059985,9.946990,-0.176990,0.014174,9.605240,-0.382830,0.801895,9.549950,-0.407780,0.400294,9.247220,-0.400470,0.161834,9.276270,-0.421610,0.018815
1241.000000,9.601540,-0.293220,0.914834,9.622570,-0.192020,0.804845,9.817910,-0.184050,0.450705,9.812920,-0.187730,0.059714,9.947230,-0.176850,0.013025,9.613260,-0.381670,0.802115,9.564450,-0.407340,0.399105,9.257500,-0.400360,0.166675,9.281300,-0.421460,0.022555
1242.000000,9.609340,-0.292280,0.915274,9.630520,-0.190880,0.805555,9.824050,-0.183390,0.450285,9.813530,-0.187990,0.059494,9.947380,-0.176750,0.012115,9.621170,-0.380520,0.802415,9.579010,-0.406850,0.398115,9.268150,-0.400230,0.171484,9.287270,-0.421290,0.026505
1243.000000,9.617070,-0.291340,0.915785,9.638380,-0.189780,0.806304,9.829810,-0.182830,0.449825,9.814040,-0.188320,0.059335,9.947460,-0.176690,0.011384,9.628950,-0.379410,0.802825,9.593560,-0.406310,0.397375,9.279190,-0.400070,0.176204,9.294280,-0.421090,0.030595
1244.000000,9.624730,-0.290410,0.916365,9.646150,-0.188720,0.807115,9.835210,-0.182370,0.449355,9.814450,-0.188680,0.059205,9.947490,-0.176660,0.010815,9.636610,-0.378340,0.803335,9.608080,-0.405750,0.396925,9.290590,-0.399900,0.180805,9.302390,-0.420870,0.034744
1245.000000,9.632320,-0.289500,0.917045,9.653830,-0.187710,0.807984,9.840250,-0.182000,0.448875,9.814790,-0.189070,0.059125,9.947480,-0.176650,0.010375,9.644160,-0.377320,0.803964,9.622530,-0.405180,0.396805,9.302360,-0.399700,0.185234,9.311620,-0.420620,0.038835
1246.000000,9.639850,-0.288620,0.917805,9.661420,-0.186760,0.808914,9.844970,-0.181720,0.448405,9.815060,-0.189450,0.059085,9.947430,-0.176660,0.010035,9.651600,-0.376350,0.804725,9.636890,-0.404620,0.397035,9.314520,-0.399480,0.189435,9.321960,-0.420330,0.042794
1247.000000,9.647320,-0.287770,0.918675,9.668940,-0.185870,0.809925,9.849380,-0.181520,0.447955,9.815290,-0.189810,0.059064,9.947350,-0.176690,0.009764,9.658950,-0.375460,0.805624,9.651160,-0.404080,0.397615,9.327070,-0.399240,0.193324,9.333380,-0.420000,0.046525
1248.000000,9.654730,-0.286950,0.919644,9.676380,-0.185060,0.811005,9.853500,-0.181390,0.447525,9.815480,-0.190130,0.059064,9.947250,-0.176730,0.009545,9.666220,-0.374630,0.806655,9.665330,-0.403590,0.398535,9.340030,-0.398990,0.196845,9.345810,-0.419650,0.049945
1249.000000,9.662100,-0.286170,0.920735,9.683770,-0.184320,0.812175,9.857380,-0.181320,0.447115,9.815630,-0.190410,0.059074,9.947140,-0.176780,0.009364,9.673430,-0.373880,0.807814,9.679410,-0.403150,0.399794,9.353420,-0.398720,0.199934,9.359190,-0.419260,0.052984
1250.000000,9.669430,-0.285440,0.921934,9.691100,-0.183660,0.813415,9.861020,-0.181280,0.446735,9.815760,-0.190640,0.059104,9.947010,-0.176840,0.009215,9.680580,-0.373220,0.809115,9.693400,-0.402770,0.401365,9.367240,-0.398440,0.202544,9.373420,-0.418850,0.055605
1251.000000,9.676730,-0.284740,0.923245,9.698390,-0.183080,0.814735,9.864450,-0.181280,0.446395,9.815870,-0.190820,0.059144,9.946880,-0.176900,0.009084,9.687680,-0.372630,0.810555,9.707300,-0.402450,0.403215,9.381480,-0.398150,0.204634,9.388450,-0.418430,0.057774
1252.000000,9.684000,-0.284080,0.924665,9.705650,-0.182580,0.816125,9.867670,-0.181290,0.446075,9.815950,-0.190950,0.059195,9.946730,-0.176960,0.008974,9.694750,-0.372120,0.812115,9.721140,-0.402190,0.405295,9.396120,-0.397860,0.206214,9.404190,-0.418010,0.059485
1253.000000,9.691240,-0.283470,0.926184,9.712880,-0.182160,0.817585,9.870710,-0.181310,0.445795,9.816000,-0.191030,0.059265,9.946580,-0.177010,0.008865,9.701790,-0.371690,0.813785,9.734910,-0.401970,0.407595,9.411140,-0.397560,0.207264,9.420590,-0.417590,0.060735
1254.000000,9.698470,-0.282900,0.927794,9.720100,-0.181810,0.819084,9.873550,-0.181320,0.445534,9.816020,-0.191080,0.059354,9.946420,-0.177060,0.008775,9.708810,-0.371330,0.815545,9.748630,-0.401790,0.410055,9.426500,-0.397250,0.207805,9.437600,-0.417190,0.061534
1255.000000,9.705690,-0.282360,0.929474,9.727310,-0.181520,0.820635,9.876210,-0.181310,0.445295,9.816000,-0.191110,0.059464,9.946260,-0.177100,0.008674,9.715810,-0.371040,0.817395,9.762290,-0.401640,0.412645,9.442170,-0.396910,0.207874,9.455180,-0.416800,0.061915
1256.000000,9.712890,-0.281860,0.931225,9.734520,-0.181290,0.822225,9.878680,-0.181270,0.445084,9.815950,-0.191120,0.059595,9.946090,-0.177140,0.008584,9.722790,-0.370810,0.819304,9.775900,-0.401500,0.415355,9.458130,-0.396560,0.207494,9.473290,-0.416440,0.061885
1257.000000,9.720090,-0.281380,0.933025,9.741710,-0.181110,0.823835,9.880980,-0.181200,0.444895,9.815860,-0.191120,0.059754,9.945920,-0.177160,0.008494,9.729770,-0.370620,0.821265,9.789440,-0.401390,0.418155,9.474350,-0.396190,0.206684,9.491900,-0.416110,0.061495
1258.000000,9.727290,-0.280930,0.934864,9.748900,-0.180970,0.825454,9.883110,-0.181100,0.444715,9.815750,-0.191140,0.059955,9.945750,-0.177180,0.008414,9.736740,-0.370460,0.823265,9.802920,-0.401290,0.421015,9.490820,-0.395800,0.205484,9.510980,-0.415810,0.060765
1259.000000,9.734490,-0.280500,0.936735,9.756080,-0.180850,0.827085,9.885080,-0.180970,0.444565,9.815630,-0.191170,0.060174,9.945570,-0.177190,0.008324,9.743710,-0.370330,0.825284,9.816320,-0.401200,0.423935,9.507510,-0.395410,0.203924,9.530490,-0.415550,0.059735
1260.000000,9.741690,-0.280090,0.938624,9.763230,-0.180740,0.828715,9.886900,-0.180810,0.444425,9.815490,-0.191250,0.060424,9.945400,-0.177200,0.008234,9.750670,-0.370210,0.827325,9.829640,-0.401140,0.426895,9.524420,-0.395000,0.202014,9.550420,-0.415340,0.058434
1261.000000,9.748880,-0.279690,0.940504,9.770350,-0.180630,0.830334,9.888580,-0.180630,0.444305,9.815360,-0.191360,0.060705,9.945220,-0.177200,0.008144,9.757620,-0.370100,0.829354,9.842880,-0.401100,0.429885,9.541540,-0.394610,0.199785,9.570750,-0.415170,0.056894
1262.000000,9.756070,-0.279300,0.942375,9.777420,-0.180530,0.831925,9.890130,-0.180420,0.444205,9.815230,-0.191510,0.061015,9.945050,-0.177200,0.008054,9.764570,-0.369990,0.831375,9.856010,-0.401080,0.432885,9.558860,-0.394240,0.197264,9.591440,-0.415050,0.055155
1263.000000,9.763250,-0.278920,0.944225,9.784450,-0.180420,0.833495,9.891570,-0.180190,0.444115,9.815120,-0.191690,0.061335,9.944870,-0.177200,0.007964,9.771510,-0.369870,0.833384,9.869010,-0.401070,0.435895,9.576380,-0.393910,0.194464,9.612480,-0.415000,0.053255
1264.000000,9.770420,-0.278560,0.946035,9.791430,-0.180310,0.835025,9.892910,-0.179960,0.444055,9.815040,-0.191880,0.061665,9.944710,-0.177190,0.007874,9.778450,-0.369770,0.835365,9.881870,-0.401080,0.438905,9.594110,-0.393610,0.191424,9.633860,-0.415010,0.051205
1265.000000,9.777580,-0.278220,0.947794,9.798350,-0.180220,0.836504,9.894160,-0.179720,0.444025,9.814980,-0.192080,0.062004,9.944550,-0.177180,0.007794,9.785390,-0.369670,0.837315,9.894570,-0.401090,0.441905,9.612030,-0.393350,0.188155,9.655560,-0.415080,0.049064
1266.000000,9.784730,-0.277900,0.949485,9.805220,-0.180130,0.837925,9.895340,-0.179480,0.444005,9.814930,-0.192260,0.062345,9.944390,-0.177180,0.007704,9.792330,-0.369580,0.839205,9.907090,-0.401120,0.444864,9.630160,-0.393150,0.184674,9.677570,-0.415230,0.046844
1267.000000,9.791880,-0.277600,0.951105,9.812050,-0.180060,0.839275,9.896450,-0.179260,0.444015,9.814910,-0.192440,0.062674,9.944240,-0.177160,0.007614,9.799280,-0.369510,0.841044,9.919430,-0.401170,0.447795,9.648490,-0.393000,0.181014,9.699870,-0.415440,0.044595
1268.000000,9.799000,-0.277320,0.952624,9.818840,-0.179990,0.840545,9.897510,-0.179050,0.444045,9.814890,-0.192600,0.063004,9.944080,-0.177150,0.007534,9.806250,-0.369460,0.842805,9.931570,-0.401230,0.450675,9.667030,-0.392900,0.177184,9.722470,-0.415740,0.042334
1269.000000,9.806110,-0.277070,0.954055,9.825590,-0.179940,0.841745,9.898540,-0.178850,0.444095,9.814870,-0.192730,0.063314,9.943940,-0.177130,0.007444,9.813220,-0.369420,0.844454,9.943510,-0.401300,0.453485,9.685770,-0.392850,0.173204,9.745330,-0.416100,0.040105
1270.000000,9.813200,-0.276830,0.955375,9.832300,-0.179900,0.842844,9.899550,-0.178650,0.444144,9.814860,-0.192850,0.063624,9.943790,-0.177100,0.007354,9.820210,-0.369390,0.846005,9.955250,-0.401390,0.456244,9.704730,-0.392850,0.169104,9.768440,-0.416550,0.037914
1271.000000,9.820270,-0.276610,0.956574,9.839000,-0.179870,0.843855,9.900560,-0.178450,0.444205,9.814830,-0.192950,0.063924,9.943640,-0.177080,0.007274,9.827210,-0.369370,0.847425,9.966780,-0.401480,0.458915,9.723890,-0.392900,0.164894,9.791780,-0.417090,0.035794
1272.000000,9.827330,-0.276420,0.957655,9.845670,-0.179850,0.844755,9.901590,-0.178230,0.444254,9.814800,-0.193030,0.064214,9.943490,-0.177050,0.007194,9.834230,-0.369360,0.848704,9.978090,-0.401580,0.461505,9.743260,-0.393000,0.160604,9.815340,-0.417710,0.033765
1273.000000,9.834360,-0.276240,0.958595,9.852320,-0.179840,0.845545,9.902640,-0.178000,0.444285,9.814760,-0.193100,0.064494,9.943350,-0.177020,0.007115,9.841270,-0.369360,0.849845,9.989200,-0.401690,0.463995,9.762830,-0.393140,0.156234,9.839110,-0.418430,0.031844
1274.000000,9.841370,-0.276090,0.959404,9.858950,-0.179830,0.846214,9.903710,-0.177750,0.444305,9.814710,-0.193160,0.064774,9.943210,-0.177000,0.007034,9.848330,-0.369380,0.850835,10.000110,-0.401790,0.466365,9.782600,-0.393320,0.151825,9.863060,-0.419230,0.030065
1275.000000,9.848360,-0.275950,0.960085,9.865560,-0.179840,0.846765,9.904820,-0.177480,0.444295,9.814660,-0.193210,0.065044,9.943070,-0.176980,0.006954,9.855410,-0.369400,0.851665,10.010800,-0.401900,0.468615,9.802580,-0.393550,0.147374,9.887200,-0.420120,0.028424
1276.000000,9.855330,-0.275830,0.960615,9.872160,-0.179860,0.847185,9.905960,-0.177190,0.444265,9.814600,-0.193270,0.065304,9.942950,-0.176960,0.006884,9.862500,-0.369440,0.852345,10.021290,-0.402000,0.470705,9.822770,-0.393810,0.142924,9.911490,-0.421080,0.026965
1277.000000,9.862280,-0.275740,0.961005,9.878730,-0.179880,0.847465,9.907130,-0.176900,0.444195,9.814540,-0.193320,0.065564,9.942830,-0.176940,0.006804,9.869610,-0.369480,0.852855,10.031580,-0.402090,0.472625,9.843160,-0.394110,0.138475,9.935920,-0.422110,0.025684
1278.000000,9.869220,-0.275670,0.961245,9.885280,-0.179910,0.847625,9.908350,-0.176590,0.444085,9.814480,-0.193380,0.065814,9.942730,-0.176930,0.006714,9.876740,-0.369540,0.853214,10.041660,-0.402190,0.474365,9.863750,-0.394470,0.134054,9.960480,-0.423200,0.024635
1279.000000,9.876130,-0.275620,0.961355,9.891820,-0.179960,0.847645,9.909600,-0.176270,0.443945,9.814430,-0.193450,0.066064,9.942630,-0.176920,0.006624,9.883870,-0.369600,0.853415,10.051550,-0.402280,0.475894,9.884510,-0.394880,0.129694,9.985150,-0.424330,0.023814
1280.000000,9.883030,-0.275600,0.961325,9.898340,-0.180010,0.847534,9.910890,-0.175960,0.443765,9.814400,-0.193520,0.066314,9.942550,-0.176910,0.006524,9.891010,-0.369670,0.853455,10.061250,-0.402360,0.477215,9.905440,-0.395360,0.125405,10.009920,-0.425500,0.023284
1281.000000,9.889930,-0.275600,0.961155,9.904840,-0.180070,0.847305,9.912210,-0.175640,0.443555,9.814380,-0.193600,0.066564,9.942470,-0.176910,0.006414,9.898160,-0.369750,0.853345,10.070760,-0.402430,0.478295,9.926540,-0.395920,0.121215,10.034760,-0.426690,0.023034
1282.000000,9.896810,-0.275630,0.960855,9.911340,-0.180140,0.846955,9.913580,-0.175320,0.443305,9.814390,-0.193700,0.066804,9.942400,-0.176900,0.006294,9.905310,-0.369840,0.853094,10.080100,-0.402500,0.479135,9.947780,-0.396560,0.117144,10.059660,-0.427880,0.023114
1283.000000,9.903700,-0.275690,0.960425,9.917840,-0.180220,0.846484,9.915000,-0.175000,0.443034,9.814410,-0.193810,0.067054,9.942330,-0.176890,0.006164,9.912470,-0.369940,0.852695,10.089250,-0.402560,0.479724,9.969150,-0.397280,0.113234,10.084580,-0.429070,0.023534
1284.000000,9.910590,-0.275790,0.959875,9.924340,-0.180310,0.845924,9.916480,-0.174680,0.442735,9.814460,-0.193940,0.067304,9.942270,-0.176880,0.006034,9.919630,-0.370050,0.852164,10.098220,-0.402610,0.480065,9.990630,-0.398080,0.109504,10.109500,-0.430230,0.024304
1285.000000,9.917480,-0.275910,0.959214,9.930850,-0.180430,0.845255,9.918020,-0.174360,0.442395,9.814540,-0.194080,0.067564,9.942210,-0.176870,0.005904,9.926800,-0.370180,0.851515,10.107020,-0.402640,0.480145,10.012190,-0.398960,0.105974,10.134380,-0.431350,0.025455
1286.000000,9.924380,-0.276070,0.958445,9.937390,-0.180560,0.844504,9.919630,-0.174050,0.442034,9.814630,-0.194230,0.067814,9.942150,-0.176850,0.005774,9.933980,-0.370320,0.850745,10.115650,-0.402670,0.479965,10.033810,-0.399920,0.102694,10.159180,-0.432420,0.026985
1287.000000,9.931300,-0.276260,0.957574,9.943940,-0.180710,0.843665,9.921330,-0.173740,0.441655,9.814750,-0.194400,0.068084,9.942080,-0.176830,0.005644,9.941180,-0.370480,0.849865,10.124100,-0.402680,0.479545,10.055460,-0.400960,0.099674,10.183870,-0.433430,0.028915
1288.000000,9.938220,-0.276490,0.956604,9.950530,-0.180880,0.842755,9.923130,-0.173450,0.441235,9.814890,-0.194580,0.068344,9.942010,-0.176800,0.005514,9.948390,-0.370660,0.848885,10.132400,-0.402680,0.478865,10.077100,-0.402060,0.096954,10.208400,-0.434380,0.031254
1289.000000,9.945170,-0.276760,0.955545,9.957160,-0.181070,0.841765,9.925040,-0.173170,0.440785,9.815050,-0.194770,0.068624,9.941940,-0.176770,0.005384,9.955630,-0.370860,0.847805,10.140540,-0.402660,0.477965,10.098700,-0.403230,0.094534,10.232720,-0.435270,0.034005
1290.000000,9.952130,-0.277070,0.954404,9.963820,-0.181280,0.840724,9.927070,-0.172910,0.440305,9.815220,-0.194970,0.068894,9.941870,-0.176730,0.005264,9.962910,-0.371090,0.846625,10.148540,-0.402620,0.476825,10.120220,-0.404470,0.092454,10.256790,-0.436110,0.037165
1291.000000,9.959120,-0.277420,0.953184,9.970530,-0.181520,0.839615,9.929240,-0.172690,0.439795,9.815400,-0.195180,0.069174,9.941800,-0.176680,0.005144,9.970210,-0.371330,0.845365,10.156410,-0.402560,0.475485,10.141610,-0.405760,0.090714,10.280550,-0.436890,0.040754
1292.000000,9.966130,-0.277800,0.951885,9.977270,-0.181770,0.838454,9.931550,-0.172510,0.439265,9.815590,-0.195390,0.069454,9.941730,-0.176630,0.005024,9.977560,-0.371580,0.844015,10.164160,-0.402490,0.473955,10.162850,-0.407100,0.089334,10.303940,-0.437620,0.044735
1293.000000,9.973170,-0.278220,0.950524,9.984060,-0.182040,0.837245,9.934020,-0.172370,0.438704,9.815780,-0.195600,0.069744,9.941660,-0.176570,0.004905,9.984950,-0.371850,0.842585,10.171810,-0.402400,0.472265,10.183870,-0.408470,0.088304,10.326890,-0.438320,0.049094
1294.000000,9.980250,-0.278670,0.949084,9.990890,-0.182310,0.835985,9.936660,-0.172290,0.438105,9.815980,-0.195820,0.070034,9.941590,-0.176510,0.004775,9.992390,-0.372140,0.841075,10.179370,-0.402320,0.470425,10.204650,-0.409850,0.087645,10.349350,-0.438980,0.053784
1295.000000,9.987360,-0.279160,0.947585,9.997740,-0.182600,0.834685,9.939490,-0.172250,0.437484,9.816180,-0.196050,0.070324,9.941520,-0.176460,0.004645,9.999870,-0.372430,0.839495,10.186870,-0.402240,0.468475,10.225100,-0.411190,0.087314,10.371260,-0.439600,0.058765
1296.000000,9.994500,-0.279670,0.946014,10.004620,-0.182900,0.833325,9.942510,-0.172270,0.436825,9.816390,-0.196280,0.070634,9.941470,-0.176400,0.004504,10.007400,-0.372720,0.837844,10.194310,-0.402180,0.466435,10.245180,-0.412470,0.087324,10.392530,-0.440180,0.063974
1297.000000,10.001680,-0.280210,0.944395,10.011510,-0.183200,0.831935,9.945740,-0.172340,0.436135,9.816620,-0.196510,0.070954,9.941410,-0.176350,0.004364,10.014980,-0.373020,0.836125,10.201730,-0.402140,0.464335,10.264800,-0.413650,0.087634,10.413120,-0.440730,0.069334
1298.000000,10.008900,-0.280770,0.942725,10.018410,-0.183510,0.830495,9.949190,-0.172460,0.435405,9.816890,-0.196740,0.071294,9.941370,-0.176310,0.004214,10.022600,-0.373320,0.834354,10.209130,-0.402140,0.462215,10.283870,-0.414690,0.088204,10.432960,-0.441230,0.074754
1299.000000,10.016160,-0.281340,0.941014,10.025310,-0.183830,0.829014,9.952860,-0.172610,0.434635,9.817190,-0.196960,0.071664,9.941340,-0.176280,0.004054,10.030270,-0.373630,0.832545,10.216550,-0.402180,0.460105,10.302340,-0.415540,0.088964,10.451990,-0.441680,0.080144
1300.000000,10.023460,-0.281920,0.939265,10.032210,-0.184140,0.827504,9.956770,-0.172800,0.433825,9.817550,-0.197180,0.072064,9.941320,-0.176260,0.003894,10.037980,-0.373930,0.830685,10.224000,-0.402250,0.458025,10.320100,-0.416180,0.089874,10.470150,-0.442070,0.085374
1301.000000,10.030800,-0.282520,0.937485,10.039130,-0.184470,0.825964,9.960920,-0.173010,0.432975,9.817970,-0.197390,0.072504,9.941300,-0.176250,0.003734,10.045750,-0.374230,0.828794,10.231520,-0.402360,0.456005,10.337100,-0.416590,0.090844,10.487390,-0.442390,0.090354
1302.000000,10.038200,-0.283120,0.935685,10.046080,-0.184800,0.824395,9.965310,-0.173250,0.432085,9.818440,-0.197580,0.073004,9.941300,-0.176250,0.003574,10.053590,-0.374540,0.826894,10.239130,-0.402480,0.454065,10.353270,-0.416750,0.091804,10.503660,-0.442610,0.094944
1303.000000,10.045650,-0.283730,0.933885,10.053090,-0.185170,0.822805,9.969930,-0.173500,0.431154,9.818960,-0.197750,0.073554,9.941300,-0.176250,0.003415,10.061500,-0.374860,0.824985,10.246860,-0.402590,0.452235,10.368530,-0.416660,0.092684,10.518940,-0.442710,0.099024
1304.000000,10.053180,-0.284350,0.932084,10.060190,-0.185570,0.821184,9.974790,-0.173770,0.430175,9.819540,-0.197890,0.074164,9.941310,-0.176260,0.003244,10.069520,-0.375220,0.823064,10.254730,-0.402690,0.450524,10.382860,-0.416320,0.093384,10.533200,-0.442680,0.102474
1305.000000,10.060780,-0.284980,0.930285,10.067420,-0.186020,0.819535,9.979880,-0.174040,0.429165,9.820180,-0.198000,0.074864,9.941320,-0.176270,0.003074,10.077650,-0.375630,0.821175,10.262770,-0.402750,0.448955,10.396210,-0.415740,0.093854,10.546410,-0.442490,0.105184
1306.000000,10.068450,-0.285620,0.928515,10.074790,-0.186550,0.817864,9.985200,-0.174330,0.428115,9.820880,-0.198070,0.075644,9.941340,-0.176270,0.002894,10.085900,-0.376110,0.819304,10.270990,-0.402760,0.447535,10.408560,-0.414930,0.094034,10.558590,-0.442100,0.107064
1307.000000,10.076210,-0.286280,0.926775,10.082310,-0.187150,0.816175,9.990750,-0.174620,0.427025,9.821630,-0.198090,0.076514,9.941360,-0.176270,0.002724,10.094280,-0.376660,0.817495,10.279410,-0.402690,0.446285,10.419930,-0.413930,0.093884,10.569740,-0.441510,0.108034
1308.000000,10.084060,-0.286960,0.925075,10.089990,-0.187830,0.814474,9.996540,-0.174930,0.425905,9.822450,-0.198070,0.077504,9.941380,-0.176270,0.002544,10.102770,-0.377290,0.815735,10.288040,-0.402560,0.445195,10.430340,-0.412750,0.093374,10.579890,-0.440690,0.108034
1309.000000,10.091980,-0.287660,0.923424,10.097830,-0.188600,0.812775,10.002550,-0.175250,0.424735,9.823340,-0.198020,0.078604,9.941410,-0.176270,0.002354,10.111350,-0.378000,0.814055,10.296870,-0.402350,0.444275,10.439810,-0.411430,0.092504,10.589080,-0.439630,0.107024
1310.000000,10.099970,-0.288380,0.921835,10.105800,-0.189440,0.811095,10.008810,-0.175590,0.423535,9.824310,-0.197920,0.079834,9.941450,-0.176260,0.002164,10.119990,-0.378790,0.812474,10.305900,-0.402060,0.443525,10.448400,-0.410000,0.091304,10.597350,-0.438350,0.105024
1311.000000,10.108020,-0.289120,0.920315,10.113880,-0.190340,0.809445,10.015310,-0.175940,0.422295,9.825380,-0.197780,0.081214,9.941490,-0.176240,0.001974,10.128670,-0.379650,0.810995,10.315090,-0.401710,0.442935,10.456160,-0.408490,0.089804,10.604770,-0.436860,0.102074
1312.000000,10.116130,-0.289880,0.918884,10.122040,-0.191300,0.807845,10.022080,-0.176320,0.421025,9.826580,-0.197620,0.082754,9.941530,-0.176230,0.001774,10.137350,-0.380570,0.809624,10.324410,-0.401330,0.442495,10.463170,-0.406940,0.088064,10.611410,-0.435200,0.098244
1313.000000,10.124290,-0.290660,0.917535,10.130270,-0.192310,0.806304,10.029110,-0.176710,0.419725,9.827920,-0.197440,0.084454,9.941590,-0.176210,0.001574,10.145990,-0.381540,0.808374,10.333830,-0.400920,0.442205,10.469510,-0.405390,0.086144,10.617340,-0.433420,0.093664
1314.000000,10.132490,-0.291450,0.916285,10.138550,-0.193350,0.804845,10.036440,-0.177120,0.418405,9.829440,-0.197240,0.086344,9.941640,-0.176190,0.001374,10.154590,-0.382550,0.807265,10.343310,-0.400520,0.442065,10.475240,-0.403900,0.084134,10.622630,-0.431580,0.088484
1315.000000,10.140730,-0.292260,0.915135,10.146860,-0.194420,0.803474,10.044080,-0.177540,0.417065,9.831170,-0.197040,0.088424,9.941700,-0.176170,0.001184,10.163110,-0.383600,0.806295,10.352810,-0.400150,0.442045,10.480450,-0.402520,0.082084,10.627350,-0.429750,0.082874
1316.000000,10.149000,-0.293070,0.914095,10.155200,-0.195500,0.802195,10.052040,-0.177970,0.415715,9.833150,-0.196830,0.090714,9.941750,-0.176160,0.001004,10.171560,-0.384670,0.805474,10.362300,-0.399850,0.442165,10.485210,-0.401290,0.080084,10.631550,-0.427980,0.077014
1317.000000,10.157290,-0.293880,0.913175,10.163550,-0.196600,0.801015,10.060360,-0.178400,0.414355,9.835410,-0.196620,0.093214,9.941810,-0.176160,0.000854,10.179920,-0.385750,0.804794,10.371750,-0.399640,0.442395,10.489580,-0.400250,0.078174,10.635300,-0.426360,0.071054
1318.000000,10.165610,-0.294700,0.912365,10.171920,-0.197690,0.799945,10.069060,-0.178830,0.413004,9.838000,-0.196410,0.095924,9.941880,-0.176160,0.000744,10.188200,-0.386830,0.804265,10.381150,-0.399530,0.442754,10.493580,-0.399450,0.076405,10.638620,-0.424920,0.065114
1319.000000,10.173950,-0.295500,0.911675,10.180290,-0.198770,0.798984,10.078160,-0.179250,0.411645,9.840970,-0.196200,0.098854,9.941950,-0.176170,0.000704,10.196410,-0.387920,0.803885,10.390470,-0.399550,0.443205,10.497230,-0.398880,0.074794,10.641570,-0.423720,0.059324
1320.000000,10.182300,-0.296300,0.911095,10.188680,-0.199860,0.798115,10.087670,-0.179660,0.410295,9.844330,-0.196000,0.102024,9.942030,-0.176200,0.000744,10.204550,-0.389010,0.803655,10.399710,-0.399680,0.443754,10.500490,-0.398550,0.073354,10.644160,-0.422770,0.053764
1321.000000,10.190660,-0.297090,0.910635,10.197110,-0.200940,0.797354,10.097620,-0.180050,0.408935,9.848140,-0.195810,0.105414,9.942150,-0.176230,0.000904,10.212660,-0.390100,0.803565,10.408870,-0.399940,0.444375,10.503350,-0.398450,0.072064,10.646420,-0.422090,0.048504
1322.000000,10.199040,-0.297860,0.910285,10.205580,-0.202030,0.796675,10.108030,-0.180430,0.407585,9.852420,-0.195630,0.109054,9.942310,-0.176280,0.001214,10.220750,-0.391200,0.803625,10.417930,-0.400310,0.445055,10.505830,-0.398550,0.070934,10.648400,-0.421660,0.043584
1323.000000,10.207430,-0.298620,0.910034,10.214130,-0.203150,0.796075,10.118900,-0.180780,0.406225,9.857200,-0.195460,0.112924,9.942540,-0.176350,0.001704,10.228850,-0.392310,0.803814,10.426880,-0.400790,0.445745,10.507940,-0.398810,0.069934,10.650110,-0.421450,0.039034
1324.000000,10.215830,-0.299380,0.909884,10.222740,-0.204290,0.795544,10.130250,-0.181100,0.404855,9.862500,-0.195300,0.117034,9.942890,-0.176430,0.002424,10.236970,-0.393450,0.804134,10.435720,-0.401350,0.446445,10.509730,-0.399200,0.069074,10.651570,-0.421420,0.034884
1325.000000,10.224230,-0.300140,0.909825,10.231420,-0.205460,0.795084,10.142070,-0.181400,0.403475,9.868330,-0.195150,0.121364,9.943390,-0.176520,0.003404,10.245120,-0.394630,0.804565,10.444430,-0.401990,0.447105,10.511250,-0.399670,0.068324,10.652830,-0.421550,0.031135
1326.000000,10.232620,-0.300900,0.909855,10.240150,-0.206680,0.794705,10.154370,-0.181660,0.402085,9.874710,-0.195010,0.125924,9.944110,-0.176630,0.004674,10.253290,-0.395830,0.805115,10.452960,-0.402690,0.447715,10.512550,-0.400160,0.067674,10.653890,-0.421780,0.027785
1327.000000,10.241000,-0.301680,0.909965,10.248920,-0.207930,0.794385,10.167110,-0.181890,0.400695,9.881620,-0.194850,0.130684,9.945110,-0.176760,0.006274,10.261490,-0.397070,0.805755,10.461300,-0.403440,0.448245,10.513700,-0.400630,0.067104,10.654780,-0.422080,0.024824
1328.000000,10.249350,-0.302470,0.910154,10.257690,-0.209220,0.794145,10.180280,-0.182100,0.399315,9.889070,-0.194700,0.135645,9.946450,-0.176910,0.008204,10.269700,-0.398340,0.806495,10.469400,-0.404210,0.448675,10.514720,-0.401040,0.066604,10.655520,-0.422400,0.022245
1329.000000,10.257670,-0.303290,0.910424,10.266450,-0.210550,0.793975,10.193840,-0.182310,0.397945,9.897050,-0.194530,0.140764,9.948210,-0.177090,0.010495,10.277920,-0.399630,0.807304,10.477220,-0.405000,0.448985,10.515650,-0.401350,0.066164,10.656120,-0.422720,0.020035
1330.000000,10.265950,-0.304140,0.910764,10.275180,-0.211890,0.793884,10.207740,-0.182520,0.396635,9.905540,-0.194350,0.146034,9.950470,-0.177290,0.013144,10.286130,-0.400930,0.808165,10.484750,-0.405790,0.449194,10.516530,-0.401540,0.065774,10.656600,-0.423020,0.018174
1331.000000,10.274180,-0.305010,0.911165,10.283850,-0.213250,0.793875,10.221940,-0.182750,0.395385,9.914560,-0.194170,0.151394,9.953290,-0.177540,0.016144,10.294320,-0.402250,0.809075,10.491950,-0.406570,0.449285,10.517370,-0.401600,0.065424,10.656970,-0.423280,0.016625
1332.000000,10.282350,-0.305910,0.911635,10.292440,-0.214610,0.793945,10.236370,-0.183010,0.394244,9.924080,-0.194010,0.156804,9.956770,-0.177840,0.019495,10.302500,-0.403560,0.810014,10.498810,-0.407320,0.449295,10.518170,-0.401550,0.065134,10.657250,-0.423500,0.015345
1333.000000,10.290460,-0.306840,0.912165,10.300960,-0.215970,0.794095,10.250990,-0.183320,0.393235,9.934100,-0.193850,0.162224,9.960970,-0.178210,0.023155,10.310650,-0.404870,0.810975,10.505320,-0.408040,0.449225,10.518970,-0.401400,0.064874,10.657450,-0.423660,0.014295
1334.000000,10.298510,-0.307770,0.912755,10.309400,-0.217300,0.794335,10.265730,-0.183670,0.392414,9.944590,-0.193700,0.167604,9.966000,-0.178660,0.027095,10.318760,-0.406150,0.811935,10.511490,-0.408710,0.449105,10.519750,-0.401170,0.064664,10.657580,-0.423780,0.013445
1335.000000,10.306480,-0.308720,0.913405,10.317740,-0.218610,0.794655,10.280550,-0.184080,0.391815,9.955530,-0.193560,0.172914,9.971940,-0.179200,0.031265,10.326840,-0.407410,0.812885,10.517330,-0.409320,0.448945,10.520520,-0.400900,0.064494,10.657660,-0.423860,0.012754
1336.000000,10.314390,-0.309670,0.914115,10.326010,-0.219880,0.795075,10.295380,-0.184540,0.391465,9.966900,-0.193440,0.178104,9.978870,-0.179850,0.035625,10.334880,-0.408640,0.813835,10.522830,-0.409890,0.448775,10.521270,-0.400600,0.064354,10.657680,-0.423910,0.012195
1337.000000,10.322220,-0.310620,0.914884,10.334190,-0.221090,0.795594,10.310210,-0.185050,0.391385,9.978680,-0.193330,0.183135,9.986840,-0.180610,0.040074,10.342880,-0.409820,0.814775,10.528030,-0.410410,0.448584,10.521990,-0.400310,0.064244,10.657670,-0.423940,0.011735
1338.000000,10.329990,-0.311550,0.915725,10.342300,-0.222260,0.796204,10.324990,-0.185590,0.391605,9.990850,-0.193240,0.187984,9.995890,-0.181480,0.044545,10.350830,-0.410960,0.815705,10.532930,-0.410880,0.448405,10.522660,-0.400030,0.064154,10.657620,-0.423950,0.011355
1339.000000,10.337690,-0.312450,0.916635,10.350320,-0.223350,0.796925,10.339700,-0.186150,0.392134,10.003400,-0.193170,0.192584,10.006030,-0.182470,0.048954,10.358720,-0.412040,0.816644,10.537550,-0.411320,0.448225,10.523270,-0.399790,0.064084,10.657540,-0.423960,0.011044
1340.000000,10.345330,-0.313330,0.917625,10.358250,-0.224380,0.797744,10.354340,-0.186730,0.392964,10.016320,-0.193140,0.196904,10.017240,-0.183560,0.053205,10.366550,-0.413050,0.817615,10.541910,-0.411730,0.448045,10.523820,-0.399590,0.064034,10.657440,-0.423960,0.010784
1341.000000,10.352920,-0.314170,0.918694,10.366080,-0.225330,0.798685,10.368910,-0.187300,0.394105,10.029620,-0.193150,0.200895,10.029460,-0.184750,0.057235,10.374310,-0.414000,0.818624,10.546010,-0.412130,0.447864,10.524280,-0.399430,0.064004,10.657320,-0.423960,0.010565
1342.000000,10.360450,-0.314980,0.919855,10.373820,-0.226220,0.799744,10.383400,-0.187870,0.395515,10.043280,-0.193190,0.204514,10.042630,-0.186000,0.060955,10.382000,-0.414880,0.819685,10.549880,-0.412510,0.447675,10.524660,-0.399310,0.063984,10.657180,-0.423960,0.010364
1343.000000,10.367950,-0.315750,0.921104,10.381460,-0.227030,0.800914,10.397830,-0.188410,0.397195,10.057300,-0.193290,0.207725,10.056650,-0.187300,0.064314,10.389610,-0.415700,0.820825,10.553520,-0.412900,0.447485,10.524950,-0.399240,0.063984,10.657020,-0.423960,0.010184
1344.000000,10.375410,-0.316490,0.922445,10.389020,-0.227770,0.802204,10.412220,-0.188910,0.399105,10.071670,-0.193430,0.210504,10.071450,-0.188610,0.067264,10.397150,-0.416460,0.822045,10.556930,-0.413300,0.447295,10.525160,-0.399210,0.064004,10.656860,-0.423970,0.010024
1345.000000,10.382840,-0.317180,0.923864,10.396500,-0.228460,0.803594,10.426570,-0.189380,0.401215,10.086370,-0.193630,0.212844,10.086960,-0.189900,0.069764,10.404620,-0.417150,0.823345,10.560120,-0.413700,0.447095,10.525290,-0.399210,0.064034,10.656680,-0.423980,0.009875
1346.000000,10.390240,-0.317850,0.925365,10.403920,-0.229090,0.805084,10.440900,-0.189810,0.403505,10.101390,-0.193900,0.214754,10.103120,-0.191130,0.071784,10.412030,-0.417790,0.824724,10.563090,-0.414120,0.446885,10.525330,-0.399230,0.064104,10.656500,-0.423990,0.009735
1347.000000,10.397630,-0.318470,0.926945,10.411280,-0.229660,0.806665,10.455210,-0.190180,0.405954,10.116700,-0.194240,0.216215,10.119880,-0.192270,0.073344,10.419370,-0.418380,0.826184,10.565860,-0.414540,0.446694,10.525300,-0.399280,0.064194,10.656320,-0.424010,0.009594
1348.000000,10.405000,-0.319070,0.928585,10.418590,-0.230180,0.808335,10.469490,-0.190500,0.408545,10.132280,-0.194660,0.217254,10.137200,-0.193290,0.074424,10.426660,-0.418920,0.827705,10.568430,-0.414960,0.446515,10.525210,-0.399330,0.064324,10.656140,-0.424020,0.009454
1349.000000,10.412360,-0.319640,0.930285,10.425870,-0.230660,0.810084,10.483720,-0.190770,0.411255,10.148120,-0.195160,0.217864,10.155040,-0.194170,0.075054,10.433900,-0.419410,0.829275,10.570820,-0.415360,0.446355,10.525060,-0.399400,0.064474,10.655950,-0.424040,0.009314
1350.000000,10.419720,-0.320180,0.932025,10.433110,-0.231090,0.811895,10.497900,-0.190990,0.414075,10.164180,-0.195730,0.218075,10.173390,-0.194900,0.075254,10.441090,-0.419870,0.830885,10.573040,-0.415750,0.446225,10.524870,-0.399470,0.064664,10.655770,-0.424050,0.009174
1351.000000,10.427080,-0.320700,0.933805,10.440320,-0.231480,0.813755,10.512010,-0.191160,0.417005,10.180450,-0.196360,0.217874,10.192220,-0.195470,0.075034,10.448230,-0.420280,0.832525,10.575120,-0.416110,0.446125,10.524660,-0.399540,0.064884,10.655590,-0.424070,0.009035
1352.000000,10.434430,-0.321210,0.935605,10.447510,-0.231820,0.815655,10.526020,-0.191270,0.420025,10.196920,-0.197040,0.217284,10.211520,-0.195860,0.074444,10.455330,-0.420650,0.834175,10.577060,-0.416460,0.446055,10.524450,-0.399610,0.065124,10.655410,-0.424080,0.008894
1353.000000,10.441780,-0.321700,0.937415,10.454700,-0.232120,0.817595,10.539920,-0.191340,0.423125,10.213580,-0.197750,0.216314,10.231250,-0.196080,0.073504,10.462400,-0.420990,0.835815,10.578890,-0.416780,0.446005,10.524250,-0.399680,0.065394,10.655240,-0.424100,0.008754
1354.000000,10.449130,-0.322180,0.939225,10.461870,-0.232390,0.819545,10.553700,-0.191370,0.426295,10.230410,-0.198470,0.214984,10.251410,-0.196140,0.072254,10.469430,-0.421290,0.837434,10.580610,-0.417080,0.445974,10.524080,-0.399740,0.065664,10.655070,-0.424110,0.008615
1355.000000,10.456480,-0.322660,0.941025,10.469030,-0.232620,0.821485,10.567350,-0.191360,0.429515,10.247410,-0.199170,0.213284,10.271980,-0.196040,0.070724,10.476430,-0.421560,0.839025,10.582240,-0.417360,0.445955,10.523930,-0.399800,0.065954,10.654900,-0.424130,0.008474
1356.000000,10.463820,-0.323120,0.942794,10.476200,-0.232820,0.823415,10.580850,-0.191310,0.432785,10.264580,-0.199840,0.211234,10.292930,-0.195790,0.068954,10.483410,-0.421800,0.840565,10.583800,-0.417620,0.445955,10.523810,-0.399840,0.066254,10.654740,-0.424140,0.008334
1357.000000,10.471150,-0.323580,0.944524,10.483370,-0.232990,0.825304,10.594200,-0.191230,0.436075,10.281930,-0.200460,0.208844,10.314250,-0.195400,0.066964,10.490350,-0.422020,0.842044,10.585310,-0.417870,0.445974,10.523710,-0.399870,0.066554,10.654580,-0.424150,0.008195
1358.000000,10.478460,-0.324030,0.946205,10.490540,-0.233140,0.827155,10.607390,-0.191110,0.439365,10.299480,-0.201000,0.206115,10.335940,-0.194860,0.064804,10.497280,-0.422210,0.843465,10.586760,-0.418110,0.445995,10.523630,-0.399890,0.066844,10.654430,-0.424160,0.008064
1359.000000,10.485750,-0.324470,0.947815,10.497730,-0.233260,0.828944,10.620410,-0.190970,0.442655,10.317240,-0.201460,0.203035,10.357980,-0.194190,0.062514,10.504190,-0.422390,0.844805,10.588180,-0.418340,0.446035,10.523580,-0.399900,0.067144,10.654290,-0.424170,0.007925
1360.000000,10.493030,-0.324910,0.949354,10.504920,-0.233380,0.830645,10.633270,-0.190800,0.445925,10.335240,-0.201810,0.199615,10.380340,-0.193390,0.060114,10.511090,-0.422550,0.846055,10.589580,-0.418560,0.446095,10.523560,-0.399890,0.067434,10.654140,-0.424170,0.007794
1361.000000,10.500290,-0.325330,0.950815,10.512130,-0.233470,0.832275,10.645940,-0.190620,0.449165,10.353500,-0.202050,0.195864,10.403030,-0.192470,0.057634,10.517970,-0.422690,0.847214,10.590960,-0.418770,0.446155,10.523560,-0.399880,0.067724,10.654010,-0.424170,0.007664
1362.000000,10.507530,-0.325730,0.952175,10.519350,-0.233560,0.833794,10.658440,-0.190420,0.452345,10.372020,-0.202170,0.191804,10.426020,-0.191440,0.055135,10.524840,-0.422820,0.848264,10.592340,-0.418970,0.446225,10.523580,-0.399860,0.068014,10.653890,-0.424170,0.007534
1363.000000,10.514740,-0.326120,0.953435,10.526580,-0.233630,0.835214,10.670740,-0.190220,0.455464,10.390820,-0.202180,0.187474,10.449300,-0.190300,0.052624,10.531690,-0.422940,0.849214,10.593720,-0.419160,0.446305,10.523620,-0.399830,0.068294,10.653770,-0.424170,0.007415
1364.000000,10.521930,-0.326490,0.954585,10.533820,-0.233690,0.836525,10.682850,-0.190010,0.458495,10.409910,-0.202060,0.182894,10.472850,-0.189080,0.050154,10.538540,-0.423040,0.850055,10.595090,-0.419350,0.446375,10.523680,-0.399790,0.068564,10.653660,-0.424160,0.007285
1365.000000,10.529100,-0.326840,0.955624,10.541070,-0.233740,0.837715,10.694750,-0.189800,0.461435,10.429300,-0.201820,0.178094,10.496650,-0.187770,0.047745,10.545370,-0.423140,0.850774,10.596470,-0.419520,0.446445,10.523760,-0.399750,0.068824,10.653560,-0.424150,0.007164
1366.000000,10.536240,-0.327170,0.956535,10.548320,-0.233770,0.838774,10.706450,-0.189590,0.464265,10.449010,-0.201470,0.173104,10.520690,-0.186400,0.045415,10.552190,-0.423210,0.851375,10.597850,-0.419680,0.446505,10.523860,-0.399720,0.069084,10.653470,-0.424140,0.007044
1367.000000,10.543360,-0.327470,0.957325,10.555570,-0.233800,0.839715,10.717920,-0.189380,0.466965,10.469040,-0.201000,0.167955,10.544960,-0.184960,0.043194,10.558990,-0.423270,0.851855,10.599240,-0.419830,0.446555,10.523970,-0.399680,0.069334,10.653390,-0.424130,0.006924
1368.000000,10.550460,-0.327750,0.957985,10.562820,-0.233810,0.840515,10.729180,-0.189180,0.469525,10.489400,-0.200450,0.162705,10.569430,-0.183480,0.041114,10.565770,-0.423320,0.852214,10.600630,-0.419970,0.446584,10.524080,-0.399640,0.069584,10.653300,-0.424120,0.006814
1369.000000,10.557550,-0.328000,0.958515,10.570060,-0.233810,0.841185,10.740220,-0.188990,0.471935,10.510070,-0.199820,0.157384,10.594090,-0.181940,0.039195,10.572530,-0.423350,0.852445,10.602030,-0.420100,0.446605,10.524200,-0.399590,0.069824,10.653220,-0.424120,0.006694
1370.000000,10.564610,-0.328220,0.958915,10.577300,-0.233790,0.841724,10.751030,-0.188800,0.474185,10.531040,-0.199140,0.152054,10.618920,-0.180370,0.037444,10.579260,-0.423370,0.852565,10.603460,-0.420220,0.446605,10.524320,-0.399540,0.070064,10.653140,-0.424110,0.006565
1371.000000,10.571670,-0.328410,0.959195,10.584540,-0.233760,0.842125,10.761620,-0.188610,0.476265,10.552270,-0.198440,0.146764,10.643900,-0.178770,0.035895,10.585970,-0.423370,0.852565,10.604900,-0.420330,0.446575,10.524430,-0.399490,0.070294,10.653060,-0.424110,0.006444
1372.000000,10.578710,-0.328570,0.959345,10.591770,-0.233720,0.842405,10.771990,-0.188430,0.478155,10.573740,-0.197730,0.141564,10.669030,-0.177140,0.034564,10.592670,-0.423350,0.852465,10.606370,-0.420430,0.446525,10.524540,-0.399420,0.070534,10.652970,-0.424110,0.006314
1373.000000,10.585760,-0.328700,0.959375,10.598990,-0.233670,0.842545,10.782140,-0.188250,0.479845,10.595430,-0.197040,0.136494,10.694270,-0.175500,0.033485,10.599350,-0.423320,0.852264,10.607880,-0.420510,0.446435,10.524640,-0.399340,0.070764,10.652880,-0.424110,0.006184
1374.000000,10.592800,-0.328800,0.959295,10.606220,-0.233610,0.842565,10.792080,-0.188090,0.481345,10.617310,-0.196380,0.131574,10.719620,-0.173850,0.032664,10.606020,-0.423270,0.851985,10.609420,-0.420590,0.446315,10.524740,-0.399250,0.071004,10.652790,-0.424100,0.006044
1375.000000,10.599850,-0.328850,0.959105,10.613450,-0.233540,0.842475,10.801810,-0.187930,0.482625,10.639360,-0.195740,0.126834,10.745050,-0.172210,0.032155,10.612690,-0.423210,0.851615,10.611000,-0.420660,0.446165,10.524840,-0.399130,0.071244,10.652700,-0.424100,0.005904
1376.000000,10.606900,-0.328870,0.958815,10.620680,-0.233450,0.842255,10.811330,-0.187780,0.483695,10.661560,-0.195100,0.122304,10.770540,-0.170580,0.031964,10.619360,-0.423130,0.851175,10.612620,-0.420730,0.445995,10.524930,-0.398990,0.071504,10.652610,-0.424100,0.005764
1377.000000,10.613950,-0.328840,0.958415,10.627920,-0.233330,0.841935,10.820650,-0.187650,0.484554,10.683850,-0.194450,0.117984,10.796080,-0.168980,0.032135,10.626040,-0.423020,0.850645,10.614290,-0.420790,0.445795,10.525030,-0.398840,0.071764,10.652520,-0.424110,0.005625
1378.000000,10.621020,-0.328770,0.957925,10.635170,-0.233190,0.841504,10.829770,-0.187540,0.485185,10.706210,-0.193740,0.113924,10.821620,-0.167410,0.032684,10.632720,-0.422880,0.850044,10.616010,-0.420830,0.445584,10.525120,-0.398660,0.072034,10.652430,-0.424120,0.005494
1379.000000,10.628090,-0.328660,0.957334,10.642420,-0.233020,0.840985,10.838680,-0.187440,0.485604,10.728590,-0.192960,0.110125,10.847130,-0.165890,0.033645,10.639400,-0.422710,0.849355,10.617800,-0.420870,0.445355,10.525220,-0.398460,0.072324,10.652340,-0.424150,0.005364
1380.000000,10.635170,-0.328500,0.956665,10.649680,-0.232820,0.840365,10.847390,-0.187380,0.485795,10.750960,-0.192100,0.106604,10.872590,-0.164440,0.035035,10.646100,-0.422500,0.848595,10.619650,-0.420880,0.445105,10.525310,-0.398240,0.072624,10.652250,-0.424180,0.005245
1381.000000,10.642260,-0.328300,0.955905,10.656940,-0.232580,0.839645,10.855880,-0.187330,0.485755,10.773290,-0.191130,0.103384,10.897930,-0.163060,0.036885,10.652810,-0.422260,0.847754,10.621590,-0.420880,0.444845,10.525410,-0.398000,0.072934,10.652170,-0.424220,0.005124
1382.000000,10.649370,-0.328060,0.955064,10.664210,-0.232310,0.838844,10.864150,-0.187320,0.485485,10.795560,-0.190070,0.100484,10.923130,-0.161760,0.039195,10.659540,-0.421980,0.846855,10.623620,-0.420850,0.444565,10.525530,-0.397760,0.073255,10.652090,-0.424260,0.005014
1383.000000,10.656480,-0.327770,0.954145,10.671490,-0.232010,0.837955,10.872220,-0.187340,0.485005,10.817740,-0.188910,0.097914,10.948100,-0.160550,0.041985,10.666300,-0.421670,0.845874,10.625770,-0.420800,0.444275,10.525650,-0.397510,0.073594,10.652020,-0.424320,0.004905
1384.000000,10.663620,-0.327450,0.953145,10.678800,-0.231680,0.836985,10.880070,-0.187400,0.484295,10.839800,-0.187640,0.095704,10.972800,-0.159430,0.045244,10.673080,-0.421320,0.844835,10.628050,-0.420720,0.443965,10.525790,-0.397260,0.073944,10.651950,-0.424370,0.004784
1385.000000,10.670770,-0.327100,0.952075,10.686150,-0.231320,0.835925,10.887740,-0.187490,0.483384,10.861720,-0.186290,0.093864,10.997160,-0.158410,0.048965,10.679900,-0.420950,0.843724,10.630470,-0.420610,0.443625,10.525940,-0.397010,0.074304,10.651880,-0.424420,0.004654
1386.000000,10.677950,-0.326710,0.950935,10.693540,-0.230940,0.834794,10.895220,-0.187620,0.482274,10.883440,-0.184860,0.092384,11.021100,-0.157480,0.053115,10.686760,-0.420550,0.842545,10.633070,-0.420470,0.443265,10.526120,-0.396770,0.074674,10.651820,-0.424480,0.004524
1387.000000,10.685150,-0.326290,0.949724,10.700990,-0.230540,0.833585,10.902540,-0.187790,0.480995,10.904920,-0.183370,0.091294,11.044550,-0.156640,0.057655,10.693670,-0.420140,0.841305,10.635840,-0.420300,0.442864,10.526320,-0.396540,0.075054,10.651760,-0.424530,0.004384
1388.000000,10.692380,-0.325840,0.948465,10.708500,-0.230130,0.832305,10.909730,-0.187970,0.479565,10.926100,-0.181860,0.090594,11.067430,-0.155890,0.062534,10.700630,-0.419710,0.840005,10.638820,-0.420110,0.442424,10.526540,-0.396330,0.075454,10.651710,-0.424580,0.004234
1389.000000,10.699650,-0.325370,0.947145,10.716080,-0.229710,0.830964,10.916820,-0.188160,0.478015,10.946910,-0.180360,0.090254,11.089670,-0.155240,0.067674,10.707640,-0.419260,0.838654,10.642020,-0.419890,0.441945,10.526780,-0.396140,0.075864,10.651660,-0.424630,0.004074
1390.000000,10.706950,-0.324870,0.945775,10.723720,-0.229290,0.829574,10.923840,-0.188350,0.476355,10.967260,-0.178920,0.090274,11.111200,-0.154680,0.073014,10.714710,-0.418810,0.837264,10.645430,-0.419670,0.441435,10.527050,-0.395970,0.076304,10.651620,-0.424670,0.003904
1391.000000,10.714290,-0.324350,0.944365,10.731430,-0.228860,0.828125,10.930820,-0.188520,0.474614,10.987060,-0.177570,0.090604,11.131940,-0.154220,0.078454,10.721830,-0.418350,0.835835,10.649080,-0.419430,0.440875,10.527350,-0.395820,0.076774,10.651590,-0.424720,0.003724
1392.000000,10.721680,-0.323800,0.942914,10.739190,-0.228420,0.826635,10.937810,-0.188660,0.472845,11.006230,-0.176370,0.091194,11.151830,-0.153860,0.083904,10.729020,-0.417890,0.834384,10.652950,-0.419180,0.440275,10.527680,-0.395690,0.077284,10.651560,-0.424770,0.003544
1393.000000,10.729110,-0.323240,0.941435,10.747020,-0.227980,0.825105,10.944850,-0.188750,0.471045,11.024670,-0.175350,0.091994,11.170800,-0.153610,0.089244,10.736260,-0.417410,0.832905,10.657060,-0.418920,0.439635,10.528050,-0.395590,0.077824,10.651540,-0.424810,0.003354
1394.000000,10.736590,-0.322650,0.939914,10.754900,-0.227530,0.823545,10.951980,-0.188790,0.469245,11.042310,-0.174560,0.092914,11.188800,-0.153470,0.094375,10.743550,-0.416920,0.831415,10.661390,-0.418660,0.438955,10.528460,-0.395520,0.078404,10.651520,-0.424850,0.003164
1395.000000,10.744120,-0.322050,0.938375,10.762830,-0.227060,0.821955,10.959240,-0.188780,0.467495,11.059050,-0.174030,0.093894,11.205780,-0.153440,0.099164,10.750900,-0.416420,0.829914,10.665940,-0.418380,0.438245,10.528940,-0.395480,0.079034,10.651510,-0.424890,0.002974
1396.000000,10.751690,-0.321420,0.936805,10.770820,-0.226580,0.820354,10.966660,-0.188740,0.465785,11.074840,-0.173770,0.094824,11.221700,-0.153540,0.103524,10.758290,-0.415890,0.828395,10.670700,-0.418080,0.437495,10.529470,-0.395460,0.079724,10.651510,-0.424940,0.002784
1397.000000,10.759330,-0.320780,0.935225,10.778850,-0.226070,0.818744,10.974280,-0.188680,0.464165,11.089610,-0.173800,0.095624,11.236550,-0.153770,0.107314,10.765740,-0.415340,0.826875,10.675660,-0.417770,0.436715,10.530070,-0.395470,0.080464,10.651520,-0.424980,0.002584
1398.000000,10.767020,-0.320110,0.933624,10.786930,-0.225520,0.817125,10.982130,-0.188620,0.462645,11.103330,-0.174110,0.096224,11.250290,-0.154140,0.110464,10.773250,-0.414750,0.825345,10.680830,-0.417440,0.435895,10.530730,-0.395500,0.081264,10.651520,-0.425030,0.002404
1399.000000,10.774770,-0.319420,0.932025,10.795060,-0.224940,0.815535,10.990220,-0.188590,0.461235,11.115990,-0.174690,0.096534,11.262940,-0.154680,0.112864,10.780810,-0.414120,0.823794,10.686200,-0.417090,0.435045,10.531460,-0.395560,0.082144,10.651530,-0.425090,0.002214
1400.000000,10.782590,-0.318700,0.930435,10.803240,-0.224300,0.813955,10.998550,-0.188610,0.459964,11.127580,-0.175510,0.096514,11.274490,-0.155380,0.114464,10.788450,-0.413430,0.822254,10.691780,-0.416740,0.434145,10.532260,-0.395650,0.083104,10.651550,-0.425150,0.002024
1401.000000,10.790480,-0.317950,0.928845,10.811480,-0.223600,0.812404,11.007140,-0.188700,0.458815,11.138130,-0.176550,0.096104,11.284990,-0.156270,0.115204,10.796180,-0.412690,0.820694,10.697570,-0.416370,0.433215,10.533130,-0.395770,0.084144,10.651570,-0.425220,0.001834
1402.000000,10.798450,-0.317170,0.927275,10.819790,-0.222830,0.810905,11.015950,-0.188870,0.457805,11.147650,-0.177780,0.095314,11.294470,-0.157360,0.115054,10.803990,-0.411890,0.819134,10.703570,-0.416010,0.432235,10.534090,-0.395920,0.085294,10.651600,-0.425310,0.001644
1403.000000,10.806490,-0.316350,0.925725,10.828160,-0.221990,0.809454,11.024980,-0.189130,0.456915,11.156210,-0.179170,0.094114,11.302980,-0.158650,0.114014,10.811910,-0.411020,0.817574,10.709810,-0.415640,0.431215,10.535140,-0.396090,0.086564,10.651640,-0.425410,0.001444
1404.000000,10.814620,-0.315490,0.924215,10.836610,-0.221090,0.808065,11.034180,-0.189490,0.456145,11.163850,-0.180690,0.092554,11.310580,-0.160150,0.112124,10.819940,-0.410080,0.816025,10.716290,-0.415280,0.430145,10.536290,-0.396290,0.087944,10.651680,-0.425520,0.001244
1405.000000,10.822830,-0.314600,0.922735,10.845130,-0.220100,0.806744,11.043510,-0.189950,0.455455,11.170640,-0.182310,0.090654,11.317370,-0.161850,0.109414,10.828080,-0.409080,0.814474,10.723030,-0.414930,0.429025,10.537570,-0.396520,0.089464,10.651750,-0.425640,0.001024
1406.000000,10.831120,-0.313670,0.921315,10.853730,-0.219060,0.805495,11.052930,-0.190480,0.454845,11.176680,-0.184000,0.088484,11.323420,-0.163730,0.105964,10.836340,-0.408010,0.812955,10.730060,-0.414590,0.427855,10.539000,-0.396770,0.091134,10.651840,-0.425760,0.000784
1407.000000,10.839500,-0.312710,0.919945,10.862400,-0.217950,0.804324,11.062390,-0.191090,0.454285,11.182070,-0.185710,0.086124,11.328830,-0.165760,0.101874,10.844710,-0.406890,0.811454,10.737390,-0.414260,0.426645,10.540610,-0.397040,0.092964,10.651940,-0.425890,0.000534
1408.000000,10.847950,-0.311720,0.918644,10.871130,-0.216800,0.803245,11.071850,-0.191740,0.453755,11.186940,-0.187390,0.083644,11.333690,-0.167890,0.097244,10.853190,-0.405720,0.810005,10.745040,-0.413960,0.425384,10.542430,-0.397330,0.094964,10.652070,-0.426010,0.000264
1409.000000,10.856470,-0.310720,0.917415,10.879920,-0.215610,0.802245,11.081260,-0.192400,0.453255,11.191390,-0.188960,0.081134,11.338090,-0.170060,0.092194,10.861760,-0.404530,0.808615,10.753050,-0.413670,0.424075,10.544490,-0.397630,0.097144,10.652220,-0.426110,-0.000006
1410.000000,10.865050,-0.309700,0.916274,10.888740,-0.214400,0.801335,11.090610,-0.193060,0.452775,11.195560,-0.190360,0.078664,11.342100,-0.172210,0.086824,10.870410,-0.403320,0.807304,10.761430,-0.413420,0.422715,10.546840,-0.397940,0.099524,10.652380,-0.426200,-0.000276
1411.000000,10.873660,-0.308690,0.915215,10.897590,-0.213190,0.800515,11.099870,-0.193680,0.452315,11.199540,-0.191540,0.076294,11.345790,-0.174270,0.081254,10.879130,-0.402100,0.806065,10.770220,-0.413190,0.421325,10.549520,-0.398250,0.102104,10.652550,-0.426270,-0.000516
1412.000000,10.882310,-0.307690,0.914245,10.906440,-0.211980,0.799785,11.109030,-0.194240,0.451885,11.203380,-0.192450,0.074084,11.349220,-0.176160,0.075564,10.887880,-0.400900,0.804934,10.779420,-0.412990,0.419884,10.552570,-0.398540,0.104894,10.652740,-0.426300,-0.000716
1413.000000,10.890980,-0.306700,0.913385,10.915290,-0.210800,0.799145,11.118120,-0.194690,0.451505,11.207130,-0.193070,0.072054,11.352400,-0.177820,0.069864,10.896660,-0.399720,0.803905,10.789070,-0.412830,0.418405,10.556040,-0.398830,0.107894,10.652950,-0.426300,-0.000836
1414.000000,10.899640,-0.305730,0.912614,10.924110,-0.209630,0.798594,11.127140,-0.195020,0.451194,11.210770,-0.193390,0.070224,11.355360,-0.179200,0.064224,10.905440,-0.398560,0.802984,10.799180,-0.412710,0.416885,10.559970,-0.399090,0.111104,10.653180,-0.426270,-0.000856
1415.000000,10.908300,-0.304790,0.911945,10.932890,-0.208500,0.798145,11.136120,-0.195200,0.450975,11.214280,-0.193450,0.068604,11.358080,-0.180280,0.058714,10.914220,-0.397440,0.802184,10.809760,-0.412620,0.415325,10.564400,-0.399320,0.114534,10.653460,-0.426210,-0.000726
1416.000000,10.916930,-0.303870,0.911374,10.941630,-0.207400,0.797795,11.145070,-0.195210,0.450855,11.217610,-0.193270,0.067184,11.360570,-0.181040,0.053394,10.922980,-0.396340,0.801474,10.820820,-0.412580,0.413724,10.569360,-0.399520,0.118154,10.653810,-0.426110,-0.000416
1417.000000,10.925540,-0.302970,0.910895,10.950330,-0.206320,0.797524,11.154020,-0.195030,0.450835,11.220740,-0.192910,0.065964,11.362840,-0.181510,0.048335,10.931720,-0.395270,0.800864,10.832360,-0.412570,0.412085,10.574860,-0.399680,0.121974,10.654270,-0.425980,0.000114
1418.000000,10.934100,-0.302100,0.910515,10.958970,-0.205250,0.797365,11.162980,-0.194650,0.450914,11.223630,-0.192410,0.064904,11.364870,-0.181700,0.043555,10.940430,-0.394210,0.800345,10.844370,-0.412590,0.410405,10.580940,-0.399790,0.125954,10.654870,-0.425830,0.000914
1419.000000,10.942610,-0.301240,0.910204,10.967550,-0.204190,0.797285,11.171920,-0.194080,0.451065,11.226280,-0.191840,0.064014,11.366680,-0.181680,0.039105,10.949120,-0.393170,0.799895,10.856830,-0.412630,0.408695,10.587580,-0.399860,0.130104,10.655680,-0.425670,0.002004
1420.000000,10.951070,-0.300390,0.909975,10.976090,-0.203130,0.797295,11.180830,-0.193330,0.451255,11.228700,-0.191230,0.063244,11.368270,-0.181470,0.034985,10.957780,-0.392120,0.799494,10.869730,-0.412690,0.406954,10.594780,-0.399890,0.134395,10.656740,-0.425500,0.003434
1421.000000,10.959480,-0.299540,0.909814,10.984570,-0.202050,0.797395,11.189670,-0.192400,0.451455,11.230900,-0.190640,0.062594,11.369650,-0.181140,0.031225,10.966410,-0.391070,0.799154,10.883010,-0.412730,0.405195,10.602530,-0.399860,0.138804,10.658140,-0.425330,0.005204
1422.000000,10.967830,-0.298690,0.909714,10.993010,-0.200950,0.797565,11.198380,-0.191330,0.451634,11.232880,-0.190080,0.062034,11.370850,-0.180730,0.027814,10.975020,-0.389990,0.798845,10.896660,-0.412760,0.403435,10.610800,-0.399800,0.143314,10.659940,-0.425160,0.007334
1423.000000,10.976120,-0.297840,0.909685,11.001390,-0.199830,0.797825,11.206900,-0.190170,0.451755,11.234650,-0.189590,0.061534,11.371850,-0.180290,0.024785,10.983600,-0.388890,0.798585,10.910610,-0.412750,0.401684,10.619570,-0.399680,0.147924,10.662220,-0.425000,0.009834
1424.000000,10.984360,-0.296980,0.909705,11.009720,-0.198680,0.798154,11.215180,-0.188970,0.451795,11.236230,-0.189170,0.061085,11.372690,-0.179850,0.022114,10.992150,-0.387760,0.798365,10.924830,-0.412680,0.399985,10.628800,-0.399520,0.152605,10.665070,-0.424840,0.012685
1425.000000,10.992530,-0.296110,0.909784,11.018000,-0.197510,0.798565,11.223160,-0.187770,0.451744,11.237620,-0.188850,0.060684,11.373370,-0.179440,0.019804,11.000650,-0.386610,0.798185,10.939250,-0.412540,0.398365,10.638470,-0.399310,0.157334,10.668590,-0.424670,0.015874
1426.000000,11.000650,-0.295220,0.909925,11.026220,-0.196310,0.799045,11.230800,-0.186630,0.451595,11.238820,-0.188630,0.060315,11.373910,-0.179080,0.017834,11.009100,-0.385430,0.798075,10.953840,-0.412340,0.396854,10.648550,-0.399060,0.162084,10.672860,-0.424500,0.019384
1427.000000,11.008700,-0.294330,0.910135,11.034390,-0.195110,0.799594,11.238080,-0.185590,0.451345,11.239840,-0.188520,0.059985,11.374320,-0.178780,0.016175,11.017480,-0.384240,0.798034,10.968530,-0.412070,0.395505,10.659040,-0.398760,0.166834,10.677990,-0.424320,0.023165
1428.000000,11.016690,-0.293430,0.910415,11.042480,-0.193910,0.800215,11.244980,-0.184700,0.451015,11.240700,-0.188510,0.059684,11.374620,-0.178550,0.014794,11.025790,-0.383060,0.798084,10.983260,-0.411740,0.394365,10.669900,-0.398420,0.171544,10.684060,-0.424130,0.027154
1429.000000,11.024630,-0.292530,0.910775,11.050510,-0.192720,0.800905,11.251480,-0.183970,0.450615,11.241420,-0.188580,0.059424,11.374840,-0.178380,0.013664,11.034000,-0.381880,0.798235,10.998000,-0.411360,0.393495,10.681140,-0.398050,0.176174,10.691170,-0.423930,0.031304
1430.000000,11.032500,-0.291640,0.911224,11.058470,-0.191570,0.801655,11.257590,-0.183420,0.450165,11.242000,-0.188720,0.059184,11.374980,-0.178280,0.012734,11.042110,-0.380730,0.798505,11.012680,-0.410960,0.392925,10.692740,-0.397640,0.180674,10.699360,-0.423710,0.035505
1431.000000,11.040310,-0.290750,0.911764,11.066360,-0.190470,0.802485,11.263320,-0.183040,0.449675,11.242470,-0.188900,0.058985,11.375060,-0.178230,0.011984,11.050120,-0.379630,0.798905,11.027280,-0.410550,0.392695,10.704710,-0.397200,0.184995,10.708660,-0.423460,0.039664
1432.000000,11.048070,-0.289880,0.912415,11.074180,-0.189430,0.803374,11.268680,-0.182820,0.449155,11.242840,-0.189110,0.058814,11.375100,-0.178220,0.011364,11.058010,-0.378590,0.799455,11.041770,-0.410150,0.392835,10.717050,-0.396730,0.189075,10.719070,-0.423200,0.043685
1433.000000,11.055770,-0.289030,0.913165,11.081940,-0.188460,0.804324,11.273700,-0.182710,0.448625,11.243130,-0.189340,0.058674,11.375100,-0.178240,0.010874,11.065810,-0.377620,0.800165,11.056140,-0.409770,0.393345,10.729780,-0.396250,0.192864,10.730540,-0.422890,0.047475
1434.000000,11.063410,-0.288210,0.914034,11.089630,-0.187570,0.805354,11.278380,-0.182690,0.448075,11.243360,-0.189590,0.058564,11.375080,-0.178290,0.010465,11.073490,-0.376730,0.801034,11.070410,-0.409420,0.394215,10.742890,-0.395750,0.196274,10.743000,-0.422550,0.050965
1435.000000,11.071010,-0.287420,0.915025,11.097270,-0.186770,0.806455,11.282760,-0.182740,0.447525,11.243540,-0.189840,0.058485,11.375030,-0.178360,0.010135,11.081080,-0.375930,0.802075,11.084560,-0.409110,0.395425,10.756420,-0.395260,0.199285,10.756400,-0.422150,0.054074
1436.000000,11.078570,-0.286670,0.916125,11.104860,-0.186070,0.807624,11.286860,-0.182820,0.446974,11.243670,-0.190100,0.058445,11.374970,-0.178440,0.009854,11.088580,-0.375210,0.803285,11.098630,-0.408840,0.396945,10.770350,-0.394780,0.201835,10.770630,-0.421700,0.056755
1437.000000,11.086090,-0.285950,0.917365,11.112420,-0.185460,0.808864,11.290700,-0.182940,0.446445,11.243780,-0.190350,0.058454,11.374890,-0.178520,0.009614,11.095990,-0.374590,0.804655,11.112640,-0.408610,0.398735,10.784680,-0.394310,0.203914,10.785630,-0.421200,0.058994
1438.000000,11.093580,-0.285280,0.918714,11.119940,-0.184940,0.810175,11.294310,-0.183070,0.445955,11.243870,-0.190600,0.058485,11.374800,-0.178610,0.009404,11.103350,-0.374070,0.806184,11.126590,-0.408420,0.400765,10.799400,-0.393850,0.205524,10.801320,-0.420640,0.060765
1439.000000,11.101030,-0.284650,0.920175,11.127430,-0.184520,0.811555,11.297710,-0.183220,0.445495,11.243950,-0.190840,0.058564,11.374690,-0.178690,0.009225,11.110640,-0.373630,0.807845,11.140500,-0.408230,0.402985,10.814480,-0.393400,0.206665,10.817660,-0.420030,0.062074
1440.000000,11.108470,-0.284080,0.921755,11.134910,-0.184180,0.813005,11.300920,-0.183360,0.445084,11.244010,-0.191070,0.058674,11.374570,-0.178780,0.009055,11.117880,-0.373280,0.809644,11.154370,-0.408060,0.405375,10.829880,-0.392970,0.207344,10.834590,-0.419370,0.062924
1441.000000,11.115880,-0.283550,0.923424,11.142370,-0.183930,0.814524,11.303930,-0.183490,0.444725,11.244060,-0.191270,0.058805,11.374440,-0.178850,0.008904,11.125090,-0.373010,0.811535,11.168210,-0.407890,0.407905,10.845570,-0.392530,0.207604,10.852060,-0.418670,0.063344
1442.000000,11.123270,-0.283070,0.925185,11.149800,-0.183750,0.816095,11.306740,-0.183610,0.444405,11.244100,-0.191440,0.058964,11.374300,-0.178920,0.008764,11.132250,-0.372810,0.813524,11.182010,-0.407720,0.410555,10.861520,-0.392090,0.207454,10.870060,-0.417940,0.063354
1443.000000,11.130650,-0.282640,0.927015,11.157210,-0.183630,0.817715,11.309370,-0.183690,0.444144,11.244130,-0.191580,0.059134,11.374150,-0.178970,0.008644,11.139360,-0.372670,0.815585,11.195750,-0.407540,0.413295,10.877700,-0.391650,0.206924,10.888550,-0.417180,0.062984
1444.000000,11.138010,-0.282250,0.928914,11.164580,-0.183560,0.819395,11.311810,-0.183750,0.443924,11.244130,-0.191700,0.059335,11.373990,-0.179020,0.008514,11.146440,-0.372580,0.817694,11.209430,-0.407360,0.416125,10.894090,-0.391200,0.206034,10.907510,-0.416410,0.062264
1445.000000,11.145350,-0.281910,0.930875,11.171910,-0.183520,0.821114,11.314060,-0.183770,0.443735,11.244120,-0.191800,0.059555,11.373830,-0.179060,0.008404,11.153490,-0.372510,0.819855,11.223030,-0.407180,0.419025,10.910680,-0.390740,0.204794,10.926900,-0.415640,0.061235
1446.000000,11.152670,-0.281590,0.932875,11.179170,-0.183500,0.822864,11.316140,-0.183750,0.443595,11.244080,-0.191880,0.059794,11.373660,-0.179090,0.008285,11.160500,-0.372470,0.822035,11.236530,-0.406990,0.421994,10.927470,-0.390280,0.203214,10.946730,-0.414880,0.059934
1447.000000,11.159980,-0.281310,0.934895,11.186370,-0.183490,0.824635,11.318040,-0.183700,0.443485,11.244020,-0.191960,0.060055,11.373500,-0.179110,0.008185,11.167490,-0.372450,0.824245,11.249920,-0.406810,0.425015,10.944440,-0.389830,0.201314,10.966950,-0.414140,0.058384
1448.000000,11.167270,-0.281060,0.936935,11.193500,-0.183490,0.826415,11.319790,-0.183610,0.443415,11.243950,-0.192030,0.060335,11.373340,-0.179120,0.008074,11.174460,-0.372430,0.826465,11.263180,-0.406640,0.428085,10.961600,-0.389400,0.199094,10.987560,-0.413440,0.056625
1449.000000,11.174550,-0.280830,0.938975,11.200560,-0.183500,0.828195,11.321390,-0.183480,0.443364,11.243870,-0.192110,0.060644,11.373180,-0.179120,0.007974,11.181430,-0.372430,0.828674,11.276290,-0.406470,0.431205,10.978950,-0.388990,0.196584,11.008530,-0.412800,0.054705
1450.000000,11.181810,-0.280620,0.940995,11.207570,-0.183510,0.829964,11.322870,-0.183320,0.443345,11.243800,-0.192210,0.060964,11.373040,-0.179130,0.007874,11.188400,-0.372430,0.830875,11.289230,-0.406320,0.434345,10.996480,-0.388620,0.193815,11.029850,-0.412230,0.052635
1451.000000,11.189050,-0.280430,0.942985,11.214510,-0.183530,0.831695,11.324230,-0.183130,0.443355,11.243740,-0.192340,0.061315,11.372890,-0.179130,0.007774,11.195390,-0.372460,0.833044,11.302000,-0.406190,0.437515,11.014210,-0.388280,0.190795,11.051500,-0.411750,0.050454
1452.000000,11.196280,-0.280260,0.944925,11.221400,-0.183570,0.833375,11.325500,-0.182910,0.443375,11.243700,-0.192480,0.061675,11.372760,-0.179120,0.007674,11.202410,-0.372510,0.835175,11.314580,-0.406070,0.440685,11.032130,-0.387990,0.187564,11.073460,-0.411360,0.048204
1453.000000,11.203490,-0.280120,0.946815,11.228240,-0.183620,0.835005,11.326690,-0.182660,0.443405,11.243670,-0.192640,0.062055,11.372630,-0.179120,0.007574,11.209460,-0.372580,0.837255,11.326960,-0.405970,0.443835,11.050240,-0.387730,0.184124,11.095710,-0.411090,0.045905
1454.000000,11.210700,-0.279990,0.948624,11.235030,-0.183700,0.836565,11.327820,-0.182380,0.443455,11.243670,-0.192810,0.062434,11.372500,-0.179110,0.007484,11.216540,-0.372670,0.839284,11.339150,-0.405890,0.446965,11.068550,-0.387520,0.180514,11.118250,-0.410950,0.043595
1455.000000,11.217890,-0.279880,0.950354,11.241780,-0.183780,0.838055,11.328910,-0.182100,0.443515,11.243680,-0.192980,0.062814,11.372380,-0.179100,0.007394,11.223680,-0.372790,0.841245,11.351140,-0.405820,0.450045,11.087080,-0.387350,0.176734,11.141050,-0.410940,0.041285
1456.000000,11.225060,-0.279790,0.951994,11.248490,-0.183880,0.839454,11.329960,-0.181800,0.443575,11.243690,-0.193140,0.063194,11.372270,-0.179080,0.007294,11.230850,-0.372920,0.843105,11.362930,-0.405780,0.453065,11.105820,-0.387220,0.172814,11.164090,-0.411080,0.039025
1457.000000,11.232210,-0.279710,0.953515,11.255160,-0.184000,0.840755,11.330990,-0.181490,0.443644,11.243700,-0.193290,0.063564,11.372160,-0.179060,0.007204,11.238050,-0.373080,0.844855,11.374520,-0.405750,0.456024,11.124780,-0.387130,0.168774,11.187360,-0.411360,0.036815
1458.000000,11.239350,-0.279650,0.954925,11.261790,-0.184120,0.841944,11.332000,-0.181200,0.443725,11.243700,-0.193430,0.063924,11.372050,-0.179030,0.007115,11.245290,-0.373240,0.846484,11.385910,-0.405740,0.458885,11.143970,-0.387090,0.164614,11.210830,-0.411800,0.034695
1459.000000,11.246460,-0.279610,0.956205,11.268390,-0.184250,0.843014,11.333000,-0.180910,0.443795,11.243710,-0.193560,0.064264,11.371940,-0.179000,0.007014,11.252550,-0.373420,0.847985,11.397100,-0.405740,0.461645,11.163370,-0.387100,0.160384,11.234490,-0.412390,0.032684
1460.000000,11.253540,-0.279580,0.957345,11.274940,-0.184380,0.843975,11.334020,-0.180650,0.443864,11.243700,-0.193690,0.064594,11.371830,-0.178970,0.006924,11.259830,-0.373600,0.849334,11.408110,-0.405740,0.464285,11.182980,-0.387160,0.156084,11.258320,-0.413140,0.030784
1461.000000,11.260590,-0.279560,0.958345,11.281450,-0.184520,0.844795,11.335050,-0.180400,0.443924,11.243690,-0.193810,0.064924,11.371730,-0.178930,0.006824,11.267120,-0.373790,0.850534,11.418930,-0.405740,0.466785,11.202800,-0.387290,0.151734,11.282310,-0.414020,0.029025
1462.000000,11.267620,-0.279560,0.959205,11.287920,-0.184660,0.845484,11.336110,-0.180170,0.443965,11.243670,-0.193930,0.065234,11.371620,-0.178900,0.006735,11.274420,-0.373980,0.851575,11.429570,-0.405740,0.469145,11.222820,-0.387490,0.147374,11.306450,-0.415020,0.027415
1463.000000,11.274620,-0.279580,0.959925,11.294350,-0.184810,0.846035,11.337220,-0.179940,0.443985,11.243650,-0.194050,0.065524,11.371510,-0.178870,0.006634,11.281720,-0.374180,0.852465,11.440020,-0.405720,0.471335,11.243030,-0.387760,0.143005,11.330710,-0.416130,0.025994
1464.000000,11.281590,-0.279610,0.960485,11.300740,-0.184960,0.846454,11.338380,-0.179720,0.443974,11.243630,-0.194190,0.065824,11.371410,-0.178840,0.006534,11.289020,-0.374380,0.853194,11.450300,-0.405700,0.473335,11.263420,-0.388120,0.138654,11.355100,-0.417330,0.024765
1465.000000,11.288540,-0.279660,0.960915,11.307100,-0.185120,0.846745,11.339600,-0.179510,0.443924,11.243610,-0.194330,0.066104,11.371310,-0.178830,0.006435,11.296320,-0.374580,0.853765,11.460380,-0.405660,0.475145,11.283980,-0.388580,0.134354,11.379610,-0.418600,0.023765
1466.000000,11.295460,-0.279740,0.961195,11.313410,-0.185290,0.846894,11.340880,-0.179300,0.443845,11.243600,-0.194480,0.066384,11.371210,-0.178820,0.006334,11.303600,-0.374790,0.854185,11.470280,-0.405610,0.476745,11.304720,-0.389130,0.130104,11.404220,-0.419920,0.023015
1467.000000,11.302360,-0.279840,0.961345,11.319700,-0.185460,0.846924,11.342230,-0.179100,0.443715,11.243610,-0.194640,0.066654,11.371130,-0.178810,0.006224,11.310880,-0.375010,0.854445,11.479990,-0.405540,0.478114,11.325620,-0.389800,0.125924,11.428910,-0.421270,0.022544
1468.000000,11.309240,-0.279960,0.961365,11.325950,-0.185650,0.846824,11.343640,-0.178900,0.443555,11.243620,-0.194820,0.066924,11.371050,-0.178810,0.006104,11.318150,-0.375230,0.854565,11.489520,-0.405460,0.479265,11.346680,-0.390580,0.121855,11.453690,-0.422630,0.022374
1469.000000,11.316100,-0.280120,0.961255,11.332190,-0.185850,0.846625,11.345130,-0.178720,0.443355,11.243660,-0.195010,0.067194,11.370980,-0.178820,0.005994,11.325400,-0.375460,0.854545,11.498870,-0.405370,0.480175,11.367890,-0.391480,0.117914,11.478520,-0.423990,0.022524
1470.000000,11.322950,-0.280310,0.961025,11.338420,-0.186060,0.846305,11.346680,-0.178560,0.443125,11.243710,-0.195210,0.067454,11.370910,-0.178830,0.005864,11.332650,-0.375700,0.854384,11.508050,-0.405250,0.480834,11.389250,-0.392510,0.114124,11.503380,-0.425330,0.023024
1471.000000,11.329780,-0.280540,0.960685,11.344640,-0.186290,0.845894,11.348300,-0.178410,0.442855,11.243780,-0.195420,0.067714,11.370850,-0.178840,0.005734,11.339900,-0.375950,0.854094,11.517050,-0.405120,0.481265,11.410720,-0.393660,0.110534,11.528260,-0.426630,0.023894
1472.000000,11.336610,-0.280800,0.960234,11.350870,-0.186540,0.845395,11.349990,-0.178290,0.442545,11.243870,-0.195640,0.067964,11.370790,-0.178850,0.005614,11.347140,-0.376220,0.853675,11.525880,-0.404960,0.481455,11.432280,-0.394920,0.107164,11.553130,-0.427890,0.025145
1473.000000,11.343440,-0.281090,0.959685,11.357110,-0.186800,0.844815,11.351740,-0.178180,0.442205,11.243970,-0.195870,0.068214,11.370720,-0.178850,0.005484,11.354390,-0.376490,0.853135,11.534540,-0.404790,0.481405,11.453900,-0.396290,0.104054,11.577940,-0.429100,0.026805
1474.000000,11.350270,-0.281430,0.959025,11.363370,-0.187080,0.844155,11.353570,-0.178100,0.441835,11.244090,-0.196110,0.068464,11.370660,-0.178850,0.005364,11.361650,-0.376780,0.852475,11.543030,-0.404600,0.481125,11.475550,-0.397740,0.101234,11.602660,-0.430230,0.028874
1475.000000,11.357120,-0.281790,0.958284,11.369660,-0.187360,0.843434,11.355470,-0.178030,0.441435,11.244220,-0.196360,0.068704,11.370590,-0.178850,0.005245,11.368940,-0.377080,0.851715,11.551360,-0.404380,0.480625,11.497170,-0.399270,0.098734,11.627250,-0.431290,0.031374
1476.000000,11.363980,-0.282190,0.957445,11.375980,-0.187670,0.842645,11.357440,-0.177980,0.441015,11.244370,-0.196610,0.068944,11.370510,-0.178830,0.005134,11.376240,-0.377380,0.850835,11.559540,-0.404160,0.479905,11.518740,-0.400870,0.096564,11.651660,-0.432270,0.034305
1477.000000,11.370870,-0.282620,0.956524,11.382350,-0.187980,0.841795,11.359480,-0.177940,0.440555,11.244540,-0.196870,0.069174,11.370430,-0.178820,0.005024,11.383590,-0.377700,0.849865,11.567570,-0.403930,0.478985,11.540200,-0.402520,0.094744,11.675830,-0.433170,0.037674
1478.000000,11.377800,-0.283080,0.955515,11.388770,-0.188300,0.840885,11.361600,-0.177930,0.440075,11.244720,-0.197140,0.069394,11.370350,-0.178790,0.004914,11.390970,-0.378020,0.848795,11.575460,-0.403700,0.477885,11.561500,-0.404200,0.093284,11.699720,-0.433990,0.041474
1479.000000,11.384750,-0.283570,0.954435,11.395240,-0.188630,0.839935,11.363810,-0.177920,0.439565,11.244920,-0.197410,0.069624,11.370260,-0.178760,0.004815,11.398390,-0.378340,0.847635,11.583240,-0.403490,0.476605,11.582610,-0.405920,0.092194,11.723260,-0.434730,0.045685
1480.000000,11.391740,-0.284080,0.953275,11.401770,-0.188960,0.838915,11.366100,-0.177930,0.439025,11.245130,-0.197680,0.069854,11.370170,-0.178720,0.004704,11.405850,-0.378670,0.846384,11.590910,-0.403300,0.475174,11.603470,-0.407650,0.091454,11.746390,-0.435400,0.050274
1481.000000,11.398780,-0.284610,0.952035,11.408360,-0.189300,0.837855,11.368500,-0.177950,0.438465,11.245360,-0.197950,0.070084,11.370080,-0.178690,0.004605,11.413360,-0.379000,0.845055,11.598500,-0.403160,0.473614,11.624060,-0.409360,0.091054,11.769040,-0.435980,0.055214
1482.000000,11.405850,-0.285160,0.950735,11.414990,-0.189650,0.836735,11.371010,-0.177980,0.437865,11.245590,-0.198220,0.070324,11.369990,-0.178650,0.004504,11.420910,-0.379330,0.843645,11.606020,-0.403090,0.471954,11.644310,-0.411040,0.090984,11.791160,-0.436490,0.060445
1483.000000,11.412960,-0.285720,0.949365,11.421680,-0.189990,0.835554,11.373650,-0.178010,0.437245,11.245840,-0.198490,0.070584,11.369900,-0.178620,0.004394,11.428490,-0.379650,0.842155,11.613510,-0.403090,0.470205,11.664190,-0.412640,0.091234,11.812680,-0.436920,0.065904
1484.000000,11.420110,-0.286290,0.947925,11.428420,-0.190340,0.834315,11.376440,-0.178050,0.436605,11.246100,-0.198750,0.070854,11.369820,-0.178580,0.004284,11.436120,-0.379970,0.840595,11.620990,-0.403190,0.468395,11.683640,-0.414140,0.091744,11.833530,-0.437290,0.071524
1485.000000,11.427300,-0.286860,0.946435,11.435220,-0.190680,0.833035,11.379370,-0.178110,0.435935,11.246360,-0.199000,0.071154,11.369740,-0.178550,0.004154,11.443780,-0.380290,0.838975,11.628480,-0.403390,0.466565,11.702610,-0.415510,0.092494,11.853660,-0.437590,0.077214
1486.000000,11.434530,-0.287430,0.944875,11.442060,-0.191010,0.831685,11.382480,-0.178170,0.435245,11.246630,-0.199240,0.071484,11.369660,-0.178520,0.004034,11.451470,-0.380590,0.837295,11.636010,-0.403690,0.464725,11.721010,-0.416710,0.093434,11.873010,-0.437830,0.082874
1487.000000,11.441810,-0.288010,0.943275,11.448970,-0.191340,0.830295,11.385750,-0.178260,0.434525,11.246920,-0.199470,0.071854,11.369590,-0.178490,0.003904,11.459190,-0.380890,0.835554,11.643610,-0.404080,0.462904,11.738800,-0.417710,0.094504,11.891510,-0.438020,0.088424
1488.000000,11.449130,-0.288580,0.941615,11.455930,-0.191660,0.828855,11.389220,-0.178360,0.433795,11.247230,-0.199670,0.072264,11.369520,-0.178460,0.003764,11.466940,-0.381180,0.833755,11.651290,-0.404550,0.461125,11.755900,-0.418500,0.095644,11.909130,-0.438160,0.093734
1489.000000,11.456510,-0.289150,0.939914,11.462980,-0.192000,0.827354,11.392890,-0.178480,0.433044,11.247560,-0.199850,0.072714,11.369460,-0.178430,0.003625,11.474730,-0.381470,0.831925,11.659100,-0.405060,0.459425,11.772260,-0.419070,0.096784,11.925810,-0.438260,0.098714
1490.000000,11.463930,-0.289720,0.938184,11.470120,-0.192350,0.825815,11.396770,-0.178630,0.432264,11.247910,-0.199990,0.073224,11.369410,-0.178410,0.003484,11.482570,-0.381790,0.830045,11.667050,-0.405600,0.457795,11.787810,-0.419400,0.097844,11.941520,-0.438330,0.103244
1491.000000,11.471420,-0.290290,0.936424,11.477380,-0.192730,0.824215,11.400870,-0.178800,0.431445,11.248310,-0.200100,0.073794,11.369370,-0.178390,0.003334,11.490470,-0.382130,0.828145,11.675170,-0.406120,0.456285,11.802520,-0.419520,0.098774,11.956230,-0.438360,0.107244
1492.000000,11.478960,-0.290870,0.934635,11.484770,-0.193160,0.822554,11.405210,-0.178990,0.430595,11.248740,-0.200170,0.074424,11.369330,-0.178380,0.003184,11.498450,-0.382530,0.826234,11.683470,-0.406610,0.454885,11.816350,-0.419430,0.099494,11.969930,-0.438360,0.110584
1493.000000,11.486570,-0.291470,0.932845,11.492300,-0.193650,0.820855,11.409800,-0.179210,0.429705,11.249230,-0.200190,0.075134,11.369300,-0.178360,0.003044,11.506500,-0.382980,0.824334,11.691970,-0.407040,0.453615,11.829260,-0.419140,0.099934,11.982600,-0.438320,0.113214
1494.000000,11.494250,-0.292090,0.931045,11.499950,-0.194210,0.819125,11.414640,-0.179450,0.428755,11.249780,-0.200180,0.075924,11.369280,-0.178350,0.002884,11.514620,-0.383510,0.822454,11.700680,-0.407380,0.452485,11.841260,-0.418670,0.100064,11.994250,-0.438230,0.115034
1495.000000,11.502000,-0.292740,0.929254,11.507720,-0.194850,0.817365,11.419740,-0.179720,0.427765,11.250390,-0.200120,0.076804,11.369270,-0.178330,0.002734,11.522800,-0.384120,0.820624,11.709590,-0.407620,0.451485,11.852330,-0.418030,0.099834,12.004910,-0.438070,0.115994
1496.000000,11.509810,-0.293430,0.927494,11.515590,-0.195570,0.815585,11.425100,-0.180020,0.426714,11.251070,-0.200030,0.077794,11.369270,-0.178310,0.002574,11.531040,-0.384810,0.818864,11.718690,-0.407740,0.450615,11.862470,-0.417250,0.099214,12.014600,-0.437820,0.116064
1497.000000,11.517700,-0.294150,0.925775,11.523550,-0.196380,0.813814,11.430730,-0.180340,0.425615,11.251830,-0.199900,0.078884,11.369270,-0.178290,0.002404,11.539340,-0.385590,0.817205,11.727960,-0.407760,0.449875,11.871700,-0.416340,0.098194,12.023370,-0.437460,0.115234
1498.000000,11.525670,-0.294910,0.924084,11.531600,-0.197270,0.812055,11.436630,-0.180690,0.424465,11.252680,-0.199750,0.080104,11.369290,-0.178270,0.002234,11.547690,-0.386450,0.815635,11.737370,-0.407670,0.449225,11.880030,-0.415300,0.096794,12.031300,-0.436980,0.113494
1499.000000,11.533720,-0.295720,0.922455,11.539730,-0.198250,0.810315,11.442820,-0.181050,0.423274,11.253650,-0.199580,0.081454,11.369310,-0.178250,0.002054,11.556090,-0.387400,0.814175,11.746890,-0.407490,0.448675,11.887530,-0.414160,0.095044,12.038430,-0.436360,0.110884
1500.000000,11.541850,-0.296570,0.920895,11.547940,-0.199310,0.808615,11.449290,-0.181440,0.422045,11.254740,-0.199400,0.082954,11.369340,-0.178230,0.001874,11.564540,-0.388440,0.812835,11.756470,-0.407240,0.448175,11.894250,-0.412930,0.092994,12.044870,-0.435580,0.107474
1501.000000,11.550070,-0.297460,0.919385,11.556240,-0.200440,0.806955,11.456050,-0.181830,0.420774,11.255980,-0.199210,0.084594,11.369380,-0.178220,0.001684,11.573050,-0.389540,0.811605,11.766070,-0.406950,0.447735,11.900290,-0.411630,0.090714,12.050690,-0.434650,0.103334
1502.000000,11.558370,-0.298400,0.917955,11.564610,-0.201630,0.805365,11.463120,-0.182230,0.419475,11.257400,-0.199010,0.086414,11.369420,-0.178210,0.001504,11.581600,-0.390700,0.810465,11.775640,-0.406650,0.447315,11.905760,-0.410320,0.088294,12.055980,-0.433580,0.098554
1503.000000,11.566750,-0.299360,0.916605,11.573050,-0.202850,0.803825,11.470500,-0.182620,0.418145,11.259030,-0.198820,0.088394,11.369470,-0.178210,0.001324,11.590190,-0.391890,0.809424,11.785150,-0.406370,0.446915,11.910760,-0.409020,0.085804,12.060800,-0.432400,0.093244
1504.000000,11.575190,-0.300340,0.915335,11.581550,-0.204090,0.802374,11.478220,-0.183010,0.416795,11.260900,-0.198620,0.090564,11.369530,-0.178210,0.001154,11.598800,-0.393110,0.808455,11.794560,-0.406140,0.446535,11.915410,-0.407790,0.083344,12.065240,-0.431140,0.087544
1505.000000,11.583680,-0.301340,0.914145,11.590090,-0.205330,0.801005,11.486290,-0.183370,0.415435,11.263050,-0.198410,0.092914,11.369590,-0.178230,0.001004,11.607440,-0.394320,0.807544,11.803870,-0.405990,0.446165,11.919820,-0.406680,0.080974,12.069340,-0.429850,0.081574
1506.000000,11.592210,-0.302340,0.913045,11.598650,-0.206550,0.799725,11.494720,-0.183700,0.414055,11.265510,-0.198200,0.095454,11.369670,-0.178250,0.000904,11.616080,-0.395520,0.806694,11.813060,-0.405930,0.445825,11.924070,-0.405740,0.078764,12.073130,-0.428590,0.075464
1507.000000,11.600770,-0.303340,0.912034,11.607240,-0.207750,0.798535,11.503540,-0.184000,0.412655,11.268310,-0.197970,0.098205,11.369750,-0.178280,0.000844,11.624720,-0.396690,0.805914,11.822130,-0.405980,0.445534,11.928200,-0.405000,0.076744,12.076630,-0.427400,0.069314
1508.000000,11.609340,-0.304330,0.911135,11.615830,-0.208910,0.797455,11.512770,-0.184270,0.411225,11.271490,-0.197740,0.101164,11.369850,-0.178320,0.000864,11.633340,-0.397840,0.805195,11.831080,-0.406150,0.445305,11.932210,-0.404480,0.074934,12.079840,-0.426330,0.063254
1509.000000,11.617910,-0.305300,0.910324,11.624430,-0.210050,0.796455,11.522430,-0.184490,0.409775,11.275090,-0.197490,0.104334,11.369980,-0.178370,0.000984,11.641940,-0.398960,0.804555,11.839950,-0.406440,0.445175,11.936060,-0.404190,0.073324,12.082760,-0.425440,0.057384
1510.000000,11.626470,-0.306260,0.909625,11.633020,-0.211160,0.795565,11.532530,-0.184660,0.408284,11.279130,-0.197240,0.107734,11.370150,-0.178430,0.001244,11.650490,-0.400060,0.804005,11.848760,-0.406850,0.445135,11.939700,-0.404100,0.071924,12.085390,-0.424730,0.051764
1511.000000,11.635010,-0.307200,0.909034,11.641600,-0.212260,0.794755,11.543090,-0.184770,0.406765,11.283630,-0.196970,0.111354,11.370390,-0.178500,0.001654,11.659010,-0.401150,0.803574,11.857520,-0.407360,0.445235,11.943060,-0.404210,0.070694,12.087730,-0.424230,0.046484
1512.000000,11.643510,-0.308120,0.908555,11.650170,-0.213360,0.794025,11.554110,-0.184820,0.405215,11.288630,-0.196700,0.115214,11.370710,-0.178580,0.002274,11.667470,-0.402240,0.803265,11.866250,-0.407960,0.445445,11.946080,-0.404450,0.069624,12.089780,-0.423930,0.041575
1513.000000,11.651980,-0.309020,0.908185,11.658730,-0.214460,0.793385,11.565600,-0.184810,0.403635,11.294140,-0.196410,0.119294,11.371170,-0.178660,0.003124,11.675870,-0.403330,0.803084,11.874960,-0.408640,0.445775,11.948740,-0.404810,0.068704,12.091560,-0.423810,0.037075
1514.000000,11.660390,-0.309890,0.907915,11.667290,-0.215590,0.792805,11.577560,-0.184740,0.402035,11.300160,-0.196100,0.123594,11.371810,-0.178750,0.004244,11.684220,-0.404450,0.803055,11.883630,-0.409380,0.446205,11.951030,-0.405240,0.067904,12.093080,-0.423830,0.033015
1515.000000,11.668740,-0.310760,0.907734,11.675850,-0.216740,0.792295,11.589960,-0.184610,0.400404,11.306700,-0.195770,0.128125,11.372700,-0.178840,0.005654,11.692510,-0.405590,0.803175,11.892230,-0.410150,0.446705,11.952990,-0.405690,0.067234,12.094370,-0.423960,0.029385
1516.000000,11.677030,-0.311610,0.907655,11.684400,-0.217930,0.791845,11.602800,-0.184430,0.398775,11.313760,-0.195400,0.132854,11.373880,-0.178930,0.007394,11.700740,-0.406770,0.803424,11.900730,-0.410940,0.447225,11.954650,-0.406130,0.066654,12.095440,-0.424170,0.026195
1517.000000,11.685250,-0.312460,0.907655,11.692960,-0.219170,0.791444,11.616040,-0.184220,0.397155,11.321320,-0.194990,0.137785,11.375440,-0.179010,0.009475,11.708920,-0.407990,0.803814,11.909050,-0.411740,0.447745,11.956030,-0.406520,0.066174,12.096320,-0.424420,0.023425
1518.000000,11.693400,-0.313310,0.907734,11.701500,-0.220450,0.791084,11.629650,-0.183990,0.395555,11.329380,-0.194530,0.142894,11.377450,-0.179100,0.011905,11.717050,-0.409250,0.804315,11.917150,-0.412520,0.448215,11.957190,-0.406830,0.065784,12.097030,-0.424680,0.021064
1519.000000,11.701480,-0.314160,0.907875,11.710010,-0.221770,0.790795,11.643580,-0.183770,0.394015,11.337920,-0.194020,0.148144,11.379970,-0.179190,0.014694,11.725120,-0.410540,0.804914,11.924950,-0.413260,0.448615,11.958160,-0.407030,0.065444,12.097590,-0.424930,0.019075
1520.000000,11.709460,-0.315020,0.908095,11.718450,-0.223120,0.790555,11.657780,-0.183590,0.392555,11.346940,-0.193480,0.153514,11.383090,-0.179290,0.017825,11.733120,-0.411850,0.805605,11.932420,-0.413960,0.448925,11.958970,-0.407130,0.065174,12.098030,-0.425150,0.017424
1521.000000,11.717370,-0.315880,0.908374,11.726820,-0.224480,0.790385,11.672200,-0.183440,0.391225,11.356440,-0.192910,0.158944,11.386890,-0.179400,0.021295,11.741050,-0.413170,0.806354,11.939510,-0.414610,0.449125,11.959670,-0.407120,0.064944,12.098350,-0.425330,0.016064
1522.000000,11.725180,-0.316750,0.908714,11.735080,-0.225840,0.790295,11.686770,-0.183370,0.390065,11.366420,-0.192340,0.164394,11.391440,-0.179530,0.025074,11.748910,-0.414480,0.807154,11.946200,-0.415200,0.449215,11.960280,-0.407010,0.064754,12.098590,-0.425480,0.014944
1523.000000,11.732910,-0.317630,0.909125,11.743230,-0.227190,0.790295,11.701450,-0.183370,0.389105,11.376850,-0.191770,0.169815,11.396840,-0.179700,0.029115,11.756710,-0.415780,0.807995,11.952460,-0.415730,0.449205,11.960840,-0.406820,0.064594,12.098750,-0.425580,0.014035
1524.000000,11.740550,-0.318520,0.909605,11.751270,-0.228520,0.790385,11.716180,-0.183450,0.388405,11.387730,-0.191210,0.175165,11.403150,-0.179910,0.033384,11.764440,-0.417050,0.808864,11.958320,-0.416200,0.449095,11.961360,-0.406560,0.064454,12.098850,-0.425650,0.013295
1525.000000,11.748120,-0.319410,0.910154,11.759180,-0.229820,0.790585,11.730900,-0.183610,0.387985,11.399040,-0.190680,0.180385,11.410450,-0.180150,0.037804,11.772130,-0.418300,0.809755,11.963770,-0.416600,0.448914,11.961870,-0.406250,0.064324,12.098890,-0.425690,0.012685
1526.000000,11.755610,-0.320310,0.910784,11.766960,-0.231080,0.790905,11.745590,-0.183850,0.387875,11.410760,-0.190180,0.185444,11.418770,-0.180450,0.042294,11.779770,-0.419500,0.810685,11.968860,-0.416950,0.448685,11.962360,-0.405930,0.064204,12.098890,-0.425700,0.012195
1527.000000,11.763030,-0.321200,0.911515,11.774630,-0.232280,0.791355,11.760210,-0.184160,0.388105,11.422880,-0.189730,0.190295,11.428140,-0.180790,0.046784,11.787370,-0.420660,0.811644,11.973590,-0.417250,0.448425,11.962840,-0.405600,0.064084,12.098850,-0.425700,0.011804
1528.000000,11.770400,-0.322090,0.912335,11.782170,-0.233430,0.791945,11.774750,-0.184520,0.388665,11.435380,-0.189320,0.194884,11.438530,-0.181170,0.051174,11.794930,-0.421760,0.812644,11.978020,-0.417500,0.448145,11.963300,-0.405280,0.063984,12.098770,-0.425690,0.011474
1529.000000,11.777710,-0.322960,0.913265,11.789610,-0.234510,0.792675,11.789180,-0.184940,0.389565,11.448260,-0.188970,0.199175,11.449900,-0.181600,0.055394,11.802450,-0.422810,0.813694,11.982170,-0.417730,0.447855,11.963720,-0.404990,0.063894,12.098680,-0.425660,0.011194
1530.000000,11.784960,-0.323810,0.914305,11.796940,-0.235530,0.793555,11.803530,-0.185390,0.390785,11.461510,-0.188680,0.203115,11.462200,-0.182070,0.059364,11.809930,-0.423780,0.814794,11.986060,-0.417940,0.447584,11.964100,-0.404730,0.063814,12.098560,-0.425630,0.010964
1531.000000,11.792170,-0.324630,0.915455,11.804170,-0.236460,0.794585,11.817800,-0.185860,0.392305,11.475110,-0.188440,0.206684,11.475350,-0.182570,0.063024,11.817360,-0.424690,0.815955,11.989720,-0.418140,0.447335,11.964420,-0.404510,0.063764,12.098420,-0.425590,0.010764
1532.000000,11.799340,-0.325430,0.916714,11.811320,-0.237330,0.795755,11.832010,-0.186350,0.394085,11.489050,-0.188260,0.209844,11.489270,-0.183090,0.066324,11.824740,-0.425530,0.817195,11.993170,-0.418340,0.447095,11.964690,-0.404340,0.063734,12.098280,-0.425550,0.010594
1533.000000,11.806470,-0.326190,0.918095,11.818400,-0.238120,0.797084,11.846170,-0.186830,0.396115,11.503300,-0.188140,0.212584,11.503890,-0.183620,0.069214,11.832070,-0.426300,0.818495,11.996400,-0.418550,0.446895,11.964890,-0.404210,0.063734,12.098120,-0.425520,0.010434
1534.000000,11.813570,-0.326920,0.919575,11.825400,-0.238830,0.798544,11.860290,-0.187310,0.398355,11.517860,-0.188070,0.214904,11.519160,-0.184150,0.071674,11.839340,-0.427010,0.819885,11.999430,-0.418780,0.446705,11.965040,-0.404120,0.063764,12.097950,-0.425480,0.010284
1535.000000,11.820650,-0.327600,0.921154,11.832350,-0.239480,0.800125,11.874370,-0.187780,0.400794,11.532690,-0.188070,0.216804,11.535010,-0.184650,0.073704,11.846550,-0.427650,0.821345,12.002270,-0.419040,0.446545,11.965140,-0.404080,0.063824,12.097770,-0.425440,0.010155
1536.000000,11.827710,-0.328250,0.922825,11.839250,-0.240060,0.801835,11.888420,-0.188250,0.403395,11.547760,-0.188130,0.218295,11.551400,-0.185120,0.075294,11.853690,-0.428230,0.822875,12.004910,-0.419320,0.446415,11.965190,-0.404080,0.063924,12.097580,-0.425410,0.010024
1537.000000,11.834750,-0.328860,0.924585,11.846110,-0.240570,0.803635,11.902420,-0.188710,0.406155,11.563070,-0.188250,0.219384,11.568290,-0.185540,0.076444,11.860770,-0.428750,0.824465,12.007380,-0.419620,0.446295,11.965180,-0.404100,0.064044,12.097390,-0.425390,0.009895
1538.000000,11.841790,-0.329440,0.926405,11.852950,-0.241020,0.805535,11.916350,-0.189150,0.409064,11.578580,-0.188440,0.220064,11.585660,-0.185890,0.077184,11.867790,-0.429220,0.826114,12.009670,-0.419950,0.446205,11.965130,-0.404160,0.064194,12.097200,-0.425360,0.009774
1539.000000,11.848810,-0.329980,0.928275,11.859760,-0.241410,0.807505,11.930200,-0.189580,0.412085,11.594290,-0.188690,0.220364,11.603470,-0.186170,0.077534,11.874740,-0.429630,0.827794,12.011790,-0.420280,0.446144,11.965040,-0.404230,0.064374,12.097000,-0.425350,0.009654
1540.000000,11.855840,-0.330490,0.930195,11.866570,-0.241740,0.809545,11.943960,-0.189990,0.415224,11.610170,-0.188980,0.220265,11.621700,-0.186370,0.077515,11.881630,-0.429980,0.829504,12.013780,-0.420620,0.446095,11.964930,-0.404320,0.064574,12.096800,-0.425340,0.009534
1541.000000,11.862870,-0.330970,0.932145,11.873370,-0.242010,0.811624,11.957620,-0.190380,0.418455,11.626210,-0.189310,0.219804,11.640320,-0.186480,0.077144,11.888460,-0.430290,0.831234,12.015630,-0.420970,0.446075,11.964790,-0.404420,0.064804,12.096600,-0.425330,0.009424
1542.000000,11.869900,-0.331440,0.934095,11.880180,-0.242240,0.813725,11.971150,-0.190740,0.421774,11.642400,-0.189660,0.218974,11.659320,-0.186500,0.076464,11.895240,-0.430550,0.832955,12.017350,-0.421310,0.446075,11.964630,-0.404530,0.065044,12.096400,-0.425330,0.009305
1543.000000,11.876940,-0.331880,0.936055,11.886990,-0.242410,0.815835,11.984550,-0.191090,0.425145,11.658730,-0.190020,0.217804,11.678680,-0.186420,0.075484,11.901970,-0.430780,0.834665,12.018980,-0.421640,0.446075,11.964470,-0.404640,0.065304,12.096200,-0.425340,0.009184
1544.000000,11.883980,-0.332300,0.937984,11.893820,-0.242550,0.817935,11.997810,-0.191420,0.428565,11.675200,-0.190370,0.216314,11.698370,-0.186240,0.074254,11.908650,-0.430970,0.836345,12.020510,-0.421970,0.446095,11.964310,-0.404740,0.065584,12.096010,-0.425350,0.009064
1545.000000,11.891010,-0.332710,0.939885,11.900660,-0.242650,0.820014,12.010910,-0.191730,0.432005,11.691790,-0.190700,0.214504,11.718380,-0.185980,0.072794,11.915290,-0.431130,0.837985,12.021960,-0.422290,0.446115,11.964150,-0.404830,0.065864,12.095820,-0.425370,0.008945
1546.000000,11.898050,-0.333110,0.941744,11.907520,-0.242730,0.822045,12.023870,-0.192020,0.435455,11.708520,-0.191000,0.212415,11.738710,-0.185630,0.071144,11.921890,-0.431270,0.839565,12.023350,-0.422590,0.446144,11.964000,-0.404920,0.066164,12.095640,-0.425380,0.008814
1547.000000,11.905080,-0.333490,0.943545,11.914400,-0.242790,0.824014,12.036660,-0.192300,0.438905,11.725380,-0.191260,0.210034,11.759330,-0.185200,0.069314,11.928460,-0.431390,0.841085,12.024690,-0.422880,0.446175,11.963870,-0.405000,0.066464,12.095470,-0.425400,0.008695
1548.000000,11.912090,-0.333870,0.945275,11.921300,-0.242820,0.825914,12.049280,-0.192560,0.442314,11.742390,-0.191470,0.207364,11.780240,-0.184710,0.067334,11.934990,-0.431500,0.842535,12.026010,-0.423160,0.446215,11.963760,-0.405060,0.066764,12.095300,-0.425410,0.008564
1549.000000,11.919100,-0.334230,0.946925,11.928220,-0.242850,0.827724,12.061740,-0.192790,0.445694,11.759570,-0.191620,0.204414,11.801420,-0.184170,0.065254,11.941500,-0.431590,0.843905,12.027300,-0.423420,0.446254,11.963680,-0.405100,0.067054,12.095150,-0.425420,0.008435
1550.000000,11.926090,-0.334590,0.948485,11.935160,-0.242870,0.829445,12.074020,-0.193010,0.449025,11.776930,-0.191700,0.201194,11.822880,-0.183560,0.063074,11.948000,-0.431680,0.845175,12.028590,-0.423670,0.446305,11.963630,-0.405130,0.067344,12.095010,-0.425430,0.008304
1551.000000,11.933070,-0.334930,0.949955,11.942120,-0.242880,0.831064,12.086130,-0.193210,0.452285,11.794500,-0.191690,0.197694,11.844590,-0.182910,0.060845,11.954470,-0.431760,0.846345,12.029880,-0.423900,0.446355,11.963610,-0.405140,0.067635,12.094870,-0.425430,0.008174
1552.000000,11.940030,-0.335260,0.951304,11.949100,-0.242880,0.832574,12.098050,-0.193410,0.455475,11.812260,-0.191610,0.193964,11.866550,-0.182210,0.058585,11.960920,-0.431830,0.847415,12.031180,-0.424130,0.446425,11.963620,-0.405140,0.067904,12.094750,-0.425420,0.008044
1553.000000,11.946970,-0.335570,0.952554,11.956090,-0.242880,0.833964,12.109800,-0.193590,0.458585,11.830240,-0.191460,0.190015,11.888750,-0.181460,0.056315,11.967360,-0.431890,0.848364,12.032500,-0.424330,0.446485,11.963650,-0.405120,0.068174,12.094640,-0.425410,0.007914
1554.000000,11.953890,-0.335880,0.953674,11.963090,-0.242870,0.835245,12.121350,-0.193780,0.461595,11.848410,-0.191220,0.185874,11.911180,-0.180680,0.054074,11.973780,-0.431950,0.849195,12.033840,-0.424530,0.446545,11.963710,-0.405100,0.068434,12.094530,-0.425400,0.007784
1555.000000,11.960790,-0.336160,0.954674,11.970090,-0.242860,0.836384,12.132720,-0.193960,0.464495,11.866790,-0.190920,0.181584,11.933830,-0.179870,0.051865,11.980190,-0.432000,0.849915,12.035210,-0.424710,0.446595,11.963780,-0.405070,0.068684,12.094430,-0.425390,0.007654
1556.000000,11.967670,-0.336430,0.955545,11.977090,-0.242840,0.837415,12.143900,-0.194150,0.467265,11.885400,-0.190550,0.177124,11.956690,-0.179030,0.049724,11.986580,-0.432040,0.850504,12.036620,-0.424890,0.446625,11.963870,-0.405040,0.068914,12.094330,-0.425370,0.007524
1557.000000,11.974530,-0.336680,0.956295,11.984090,-0.242810,0.838305,12.154880,-0.194350,0.469915,11.904260,-0.190130,0.172534,11.979760,-0.178160,0.047655,11.992960,-0.432070,0.850974,12.038050,-0.425050,0.446635,11.963960,-0.405010,0.069144,12.094240,-0.425360,0.007404
1558.000000,11.981370,-0.336910,0.956915,11.991070,-0.242770,0.839075,12.165670,-0.194550,0.472415,11.923390,-0.189660,0.167804,12.003020,-0.177260,0.045694,11.999310,-0.432090,0.851325,12.039530,-0.425200,0.446625,11.964060,-0.404990,0.069364,12.094140,-0.425350,0.007274
1559.000000,11.988200,-0.337120,0.957404,11.998050,-0.242720,0.839724,12.176250,-0.194760,0.474755,11.942810,-0.189160,0.162974,12.026460,-0.176350,0.043865,12.005640,-0.432090,0.851554,12.041030,-0.425350,0.446584,11.964160,-0.404960,0.069564,12.094050,-0.425350,0.007154
1560.000000,11.995020,-0.337300,0.957774,12.005010,-0.242660,0.840245,12.186630,-0.194970,0.476935,11.962530,-0.188630,0.158054,12.050070,-0.175410,0.042165,12.011960,-0.432080,0.851685,12.042570,-0.425490,0.446515,11.964260,-0.404940,0.069754,12.093950,-0.425340,0.007024
1561.000000,12.001820,-0.337460,0.958035,12.011960,-0.242580,0.840654,12.196800,-0.195190,0.478925,11.982540,-0.188090,0.153084,12.073830,-0.174470,0.040614,12.018270,-0.432050,0.851715,12.044150,-0.425620,0.446415,11.964350,-0.404920,0.069934,12.093840,-0.425340,0.006905
1562.000000,12.008630,-0.337590,0.958175,12.018880,-0.242500,0.840944,12.206770,-0.195420,0.480735,12.002840,-0.187560,0.148105,12.097730,-0.173510,0.039245,12.024560,-0.432010,0.851654,12.045750,-0.425750,0.446285,11.964440,-0.404900,0.070105,12.093740,-0.425340,0.006775
1563.000000,12.015420,-0.337680,0.958214,12.025790,-0.242400,0.841114,12.216530,-0.195640,0.482334,12.023390,-0.187040,0.143165,12.121750,-0.172540,0.038065,12.030840,-0.431950,0.851515,12.047390,-0.425880,0.446125,11.964520,-0.404880,0.070274,12.093630,-0.425340,0.006644
1564.000000,12.022220,-0.337740,0.958145,12.032680,-0.242290,0.841175,12.226090,-0.195870,0.483735,12.044150,-0.186560,0.138294,12.145860,-0.171560,0.037095,12.037120,-0.431870,0.851305,12.049070,-0.426010,0.445935,11.964590,-0.404850,0.070424,12.093530,-0.425330,0.006514
1565.000000,12.029010,-0.337770,0.957975,12.039560,-0.242160,0.841135,12.235450,-0.196090,0.484925,12.065080,-0.186110,0.133554,12.170050,-0.170590,0.036354,12.043380,-0.431760,0.851015,12.050780,-0.426150,0.445725,11.964660,-0.404820,0.070574,12.093430,-0.425320,0.006384
1566.000000,12.035800,-0.337760,0.957715,12.046420,-0.242010,0.840975,12.244600,-0.196310,0.485884,12.086120,-0.185690,0.128974,12.194310,-0.169610,0.035854,12.049650,-0.431630,0.850654,12.052530,-0.426290,0.445474,11.964730,-0.404780,0.070724,12.093330,-0.425320,0.006244
1567.000000,12.042590,-0.337710,0.957345,12.053290,-0.241840,0.840704,12.253560,-0.196530,0.486635,12.107220,-0.185280,0.124554,12.218600,-0.168660,0.035634,12.055910,-0.431480,0.850205,12.054320,-0.426440,0.445195,11.964800,-0.404720,0.070884,12.093230,-0.425320,0.006114
1568.000000,12.049380,-0.337630,0.956894,12.060170,-0.241670,0.840325,12.262320,-0.196750,0.487145,12.128360,-0.184850,0.120325,12.242900,-0.167720,0.035715,12.062200,-0.431320,0.849685,12.056150,-0.426580,0.444895,11.964870,-0.404660,0.071044,12.093130,-0.425320,0.005974
1569.000000,12.056190,-0.337510,0.956345,12.067090,-0.241480,0.839824,12.270880,-0.196970,0.487435,12.149520,-0.184380,0.116294,12.267200,-0.166830,0.036124,12.068530,-0.431150,0.849094,12.058020,-0.426710,0.444565,11.964940,-0.404570,0.071224,12.093040,-0.425330,0.005854
1570.000000,12.063020,-0.337360,0.955715,12.074050,-0.241300,0.839214,12.279240,-0.197180,0.487494,12.170680,-0.183880,0.112464,12.291460,-0.165980,0.036865,12.074910,-0.430970,0.848415,12.059930,-0.426840,0.444235,11.965010,-0.404480,0.071414,12.092950,-0.425360,0.005724
1571.000000,12.069870,-0.337180,0.954994,12.081080,-0.241120,0.838504,12.287390,-0.197370,0.487335,12.191840,-0.183340,0.108864,12.315640,-0.165200,0.037984,12.081340,-0.430790,0.847674,12.061880,-0.426960,0.443885,11.965080,-0.404370,0.071624,12.092870,-0.425390,0.005604
1572.000000,12.076750,-0.336970,0.954195,12.088150,-0.240930,0.837685,12.295330,-0.197550,0.486935,12.212980,-0.182750,0.105494,12.339720,-0.164490,0.039484,12.087840,-0.430610,0.846855,12.063890,-0.427050,0.443525,11.965160,-0.404240,0.071854,12.092790,-0.425430,0.005494
1573.000000,12.083670,-0.336730,0.953315,12.095280,-0.240750,0.836785,12.303040,-0.197720,0.486305,12.234110,-0.182110,0.102394,12.363640,-0.163870,0.041375,12.094400,-0.430420,0.845975,12.065950,-0.427130,0.443165,11.965250,-0.404110,0.072094,12.092710,-0.425470,0.005384
1574.000000,12.090620,-0.336470,0.952375,12.102470,-0.240550,0.835794,12.310540,-0.197870,0.485455,12.255200,-0.181450,0.099584,12.387360,-0.163340,0.043685,12.101030,-0.430220,0.845025,12.068090,-0.427180,0.442795,11.965340,-0.403970,0.072354,12.092630,-0.425520,0.005264
1575.000000,12.097610,-0.336180,0.951354,12.109700,-0.240360,0.834724,12.317820,-0.198000,0.484375,12.276230,-0.180760,0.097074,12.410830,-0.162920,0.046414,12.107730,-0.430010,0.844015,12.070310,-0.427210,0.442415,11.965450,-0.403820,0.072634,12.092550,-0.425580,0.005154
1576.000000,12.104640,-0.335870,0.950284,12.116990,-0.240150,0.833574,12.324900,-0.198130,0.483095,12.297170,-0.180070,0.094904,12.433980,-0.162590,0.049544,12.114500,-0.429800,0.842955,12.072620,-0.427210,0.442034,11.965570,-0.403670,0.072934,12.092480,-0.425630,0.005034
1577.000000,12.111720,-0.335540,0.949145,12.124330,-0.239940,0.832365,12.331790,-0.198250,0.481615,12.317950,-0.179380,0.093084,12.456760,-0.162360,0.053075,12.121340,-0.429580,0.841824,12.075050,-0.427190,0.441644,11.965720,-0.403520,0.073255,12.092400,-0.425680,0.004905
1578.000000,12.118840,-0.335190,0.947944,12.131730,-0.239730,0.831095,12.338510,-0.198370,0.479955,12.338540,-0.178720,0.091624,12.479080,-0.162240,0.056975,12.128240,-0.429350,0.840645,12.077600,-0.427140,0.441235,11.965880,-0.403360,0.073594,12.092330,-0.425730,0.004764
1579.000000,12.126000,-0.334830,0.946694,12.139180,-0.239500,0.829765,12.345090,-0.198470,0.478155,12.358870,-0.178110,0.090534,12.500890,-0.162230,0.061195,12.135200,-0.429110,0.839404,12.080300,-0.427070,0.440805,11.966070,-0.403210,0.073944,12.092250,-0.425780,0.004624
1580.000000,12.133210,-0.334460,0.945385,12.146680,-0.239260,0.828384,12.351540,-0.198570,0.476224,12.378850,-0.177590,0.089804,12.522110,-0.162320,0.065694,12.142220,-0.428860,0.838105,12.083160,-0.426970,0.440355,11.966290,-0.403070,0.074324,12.092190,-0.425830,0.004464
1581.000000,12.140460,-0.334060,0.944034,12.154240,-0.239010,0.826955,12.357910,-0.198650,0.474205,12.398400,-0.177190,0.089414,12.542680,-0.162540,0.070404,12.149290,-0.428590,0.836755,12.086200,-0.426860,0.439875,11.966530,-0.402940,0.074724,12.092120,-0.425870,0.004305
1582.000000,12.147750,-0.333660,0.942644,12.161860,-0.238750,0.825495,12.364230,-0.198720,0.472115,12.417440,-0.176930,0.089354,12.562520,-0.162870,0.075234,12.156410,-0.428310,0.835354,12.089430,-0.426730,0.439365,11.966810,-0.402820,0.075154,12.092070,-0.425920,0.004135
1583.000000,12.155080,-0.333230,0.941204,12.169530,-0.238470,0.823995,12.370540,-0.198780,0.469985,12.435870,-0.176840,0.089554,12.581570,-0.163320,0.080114,12.163590,-0.428010,0.833925,12.092850,-0.426580,0.438814,11.967120,-0.402720,0.075604,12.092020,-0.425970,0.003965
1584.000000,12.162460,-0.332790,0.939744,12.177270,-0.238170,0.822474,12.376890,-0.198830,0.467855,12.453590,-0.176970,0.089974,12.599780,-0.163900,0.084924,12.170810,-0.427700,0.832445,12.096480,-0.426410,0.438235,11.967450,-0.402630,0.076104,12.091980,-0.426020,0.003784
1585.000000,12.169880,-0.332330,0.938245,12.185060,-0.237850,0.820925,12.383310,-0.198870,0.465734,12.470500,-0.177340,0.090534,12.617080,-0.164600,0.089564,12.178080,-0.427350,0.830944,12.100320,-0.426220,0.437615,11.967830,-0.402560,0.076654,12.091960,-0.426080,0.003604
1586.000000,12.177340,-0.331840,0.936735,12.192900,-0.237500,0.819354,12.389860,-0.198910,0.463675,12.486540,-0.177970,0.091154,12.633430,-0.165430,0.093904,12.185390,-0.426990,0.829425,12.104380,-0.426020,0.436965,11.968240,-0.402510,0.077254,12.091940,-0.426130,0.003415
1587.000000,12.184850,-0.331330,0.935195,12.200790,-0.237130,0.817775,12.396570,-0.198970,0.461675,12.501630,-0.178860,0.091754,12.648780,-0.166380,0.097844,12.192750,-0.426590,0.827885,12.108660,-0.425800,0.436275,11.968690,-0.402490,0.077904,12.091940,-0.426190,0.003214
1588.000000,12.192400,-0.330790,0.933644,12.208730,-0.236720,0.816184,12.403470,-0.199070,0.459775,12.515720,-0.180020,0.092254,12.663090,-0.167470,0.101264,12.200130,-0.426150,0.826345,12.113150,-0.425560,0.435555,11.969180,-0.402500,0.078624,12.091950,-0.426260,0.003024
1589.000000,12.199990,-0.330220,0.932095,12.216710,-0.236270,0.814605,12.410600,-0.199210,0.457985,12.528780,-0.181420,0.092564,12.676350,-0.168680,0.104044,12.207560,-0.425670,0.824805,12.117860,-0.425310,0.434815,11.969730,-0.402550,0.079414,12.091960,-0.426330,0.002824
1590.000000,12.207630,-0.329610,0.930544,12.224730,-0.235770,0.813034,12.417980,-0.199410,0.456325,12.540800,-0.183050,0.092624,12.688530,-0.170040,0.106084,12.215010,-0.425140,0.823265,12.122790,-0.425050,0.434035,11.970340,-0.402640,0.080274,12.091990,-0.426400,0.002634
1591.000000,12.215320,-0.328960,0.929005,12.232780,-0.235220,0.811485,12.425610,-0.199700,0.454795,12.551780,-0.184840,0.092374,12.699650,-0.171550,0.107304,12.222510,-0.424560,0.821735,12.127930,-0.424790,0.433215,11.971020,-0.402770,0.081224,12.092030,-0.426490,0.002435
1592.000000,12.223050,-0.328280,0.927485,12.240860,-0.234600,0.809964,12.433500,-0.200090,0.453414,12.561760,-0.186750,0.091784,12.709700,-0.173210,0.107634,12.230050,-0.423910,0.820234,12.133300,-0.424510,0.432374,11.971770,-0.402950,0.082254,12.092070,-0.426590,0.002234
1593.000000,12.230840,-0.327550,0.925984,12.248970,-0.233930,0.808485,12.441650,-0.200580,0.452194,12.570770,-0.188710,0.090844,12.718730,-0.175030,0.107044,12.237640,-0.423210,0.818744,12.138890,-0.424220,0.431505,11.972590,-0.403170,0.083374,12.092120,-0.426690,0.002024
1594.000000,12.238680,-0.326790,0.924524,12.257110,-0.233180,0.807065,12.450050,-0.201170,0.451134,12.578860,-0.190670,0.089554,12.726780,-0.177010,0.105514,12.245290,-0.422440,0.817284,12.144710,-0.423930,0.430605,11.973490,-0.403460,0.084614,12.092170,-0.426820,0.001814
1595.000000,12.246590,-0.325980,0.923095,12.265280,-0.232370,0.805694,12.458680,-0.201870,0.450255,12.586090,-0.192590,0.087934,12.733910,-0.179140,0.103074,12.253010,-0.421600,0.815855,12.150770,-0.423630,0.429675,11.974480,-0.403790,0.085954,12.092230,-0.426960,0.001604
1596.000000,12.254550,-0.325140,0.921725,12.273490,-0.231490,0.804415,12.467510,-0.202660,0.449535,12.592530,-0.194420,0.086054,12.740190,-0.181380,0.099794,12.260810,-0.420700,0.814465,12.157060,-0.423330,0.428714,11.975570,-0.404180,0.087434,12.092310,-0.427110,0.001374
1597.000000,12.262560,-0.324260,0.920415,12.281720,-0.230540,0.803215,12.476510,-0.203530,0.448995,12.598270,-0.196150,0.083954,12.745710,-0.183700,0.095764,12.268690,-0.419730,0.813115,12.163610,-0.423030,0.427735,11.976780,-0.404630,0.089044,12.092400,-0.427280,0.001134
1598.000000,12.270640,-0.323350,0.919185,12.289970,-0.229530,0.802115,12.485650,-0.204440,0.448615,12.603390,-0.197720,0.081734,12.750560,-0.186050,0.091124,12.276670,-0.418710,0.811825,12.170430,-0.422750,0.426735,11.978130,-0.405130,0.090814,12.092500,-0.427450,0.000874
1599.000000,12.278770,-0.322420,0.918034,12.298230,-0.228460,0.801134,12.494890,-0.205370,0.448395,12.608000,-0.199130,0.079474,12.754840,-0.188360,0.086014,12.284730,-0.417640,0.810594,12.177530,-0.422480,0.425705,11.979650,-0.405680,0.092754,12.092620,-0.427630,0.000604
1600.000000,12.286940,-0.321480,0.916984,12.306510,-0.227330,0.800274,12.504190,-0.206280,0.448325,12.612200,-0.200340,0.077234,12.758640,-0.190570,0.080594,12.292870,-0.416510,0.809435,12.184940,-0.422230,0.424655,11.981380,-0.406280,0.094874,12.092760,-0.427790,0.000324
1601.000000,12.295160,-0.320520,0.916034,12.314790,-0.226160,0.799535,12.513530,-0.207130,0.448405,12.616070,-0.201340,0.075104,12.762020,-0.192600,0.074984,12.301090,-0.415350,0.808365,12.192670,-0.422010,0.423585,11.983350,-0.406910,0.097174,12.092910,-0.427950,0.000044
1602.000000,12.303430,-0.319570,0.915185,12.323080,-0.224950,0.798934,12.522870,-0.207890,0.448605,12.619680,-0.202110,0.073114,12.765060,-0.194400,0.069324,12.309390,-0.414170,0.807374,12.200750,-0.421830,0.422505,11.985620,-0.407580,0.099684,12.093070,-0.428080,-0.000226
1603.000000,12.311720,-0.318610,0.914465,12.331380,-0.223720,0.798465,12.532220,-0.208530,0.448935,12.623070,-0.202650,0.071314,12.767800,-0.195910,0.063704,12.317760,-0.412960,0.806474,12.209210,-0.421680,0.421405,11.988230,-0.408260,0.102384,12.093230,-0.428180,-0.000466
1604.000000,12.320040,-0.317670,0.913855,12.339700,-0.222480,0.798125,12.541550,-0.209030,0.449345,12.626240,-0.202960,0.069694,12.770280,-0.197100,0.058204,12.326190,-0.411740,0.805685,12.218060,-0.421580,0.420305,11.991240,-0.408940,0.105284,12.093390,-0.428250,-0.000656
1605.000000,12.328380,-0.316740,0.913355,12.348050,-0.221240,0.797925,12.550880,-0.209370,0.449835,12.629190,-0.203070,0.068274,12.772530,-0.197980,0.052905,12.334680,-0.410530,0.804984,12.227340,-0.421530,0.419185,11.994700,-0.409610,0.108394,12.093560,-0.428290,-0.000786
1606.000000,12.336740,-0.315820,0.912975,12.356440,-0.219990,0.797835,12.560200,-0.209560,0.450375,12.631930,-0.202990,0.067024,12.774560,-0.198550,0.047844,12.343220,-0.409320,0.804374,12.237070,-0.421540,0.418054,11.998640,-0.410260,0.111684,12.093740,-0.428300,-0.000796
1607.000000,12.345110,-0.314920,0.912695,12.364870,-0.218760,0.797864,12.569500,-0.209590,0.450914,12.634450,-0.202760,0.065934,12.776380,-0.198840,0.043064,12.351810,-0.408120,0.803845,12.247270,-0.421600,0.416905,12.003090,-0.410900,0.115174,12.093950,-0.428270,-0.000666
1608.000000,12.353480,-0.314030,0.912515,12.373360,-0.217550,0.797995,12.578760,-0.209480,0.451435,12.636760,-0.202400,0.064974,12.778020,-0.198900,0.038585,12.360450,-0.406930,0.803404,12.257940,-0.421710,0.415735,12.008070,-0.411520,0.118854,12.094230,-0.428210,-0.000356
1609.000000,12.361860,-0.313140,0.912424,12.381910,-0.216340,0.798225,12.587960,-0.209240,0.451905,12.638900,-0.201950,0.064134,12.779490,-0.198770,0.034415,12.369120,-0.405750,0.803034,12.269110,-0.421880,0.414525,12.013590,-0.412120,0.122704,12.094590,-0.428130,0.000174
1610.000000,12.370230,-0.312260,0.912405,12.390520,-0.215160,0.798515,12.597070,-0.208890,0.452285,12.640870,-0.201440,0.063374,12.780800,-0.198510,0.030565,12.377820,-0.404580,0.802725,12.280760,-0.422080,0.413275,12.019650,-0.412690,0.126724,12.095090,-0.428040,0.000974
1611.000000,12.378580,-0.311370,0.912444,12.399180,-0.213990,0.798864,12.606030,-0.208450,0.452545,12.642690,-0.200910,0.062684,12.781960,-0.198170,0.027035,12.386520,-0.403430,0.802474,12.292870,-0.422310,0.411985,12.026250,-0.413240,0.130884,12.095780,-0.427950,0.002054
1612.000000,12.386920,-0.310470,0.912544,12.407890,-0.212830,0.799265,12.614790,-0.207950,0.452675,12.644370,-0.200390,0.062025,12.782970,-0.197810,0.023855,12.395210,-0.402280,0.802295,12.305440,-0.422530,0.410645,12.033380,-0.413750,0.135175,12.096730,-0.427860,0.003444
1613.000000,12.395240,-0.309560,0.912685,12.416630,-0.211690,0.799705,12.623310,-0.207410,0.452665,12.645930,-0.199930,0.061404,12.783860,-0.197450,0.021015,12.403870,-0.401140,0.802175,12.318420,-0.422740,0.409265,12.041030,-0.414210,0.139574,12.097990,-0.427810,0.005174
1614.000000,12.403530,-0.308640,0.912875,12.425370,-0.210570,0.800154,12.631540,-0.206860,0.452505,12.647350,-0.199570,0.060815,12.784620,-0.197130,0.018524,12.412470,-0.400010,0.802115,12.331770,-0.422910,0.407855,12.049180,-0.414610,0.144074,12.099640,-0.427780,0.007234
1615.000000,12.411780,-0.307700,0.913084,12.434100,-0.209460,0.800625,12.639440,-0.206320,0.452215,12.648630,-0.199340,0.060254,12.785270,-0.196850,0.016394,12.421000,-0.398890,0.802125,12.345440,-0.423010,0.406445,12.057810,-0.414950,0.148644,12.101750,-0.427790,0.009635
1616.000000,12.419990,-0.306750,0.913335,12.442780,-0.208370,0.801115,12.646990,-0.205810,0.451795,12.649780,-0.199240,0.059735,12.785810,-0.196620,0.014594,12.429430,-0.397790,0.802215,12.359400,-0.423030,0.405045,12.066880,-0.415230,0.153274,12.104400,-0.427850,0.012375
1617.000000,12.428150,-0.305790,0.913625,12.451400,-0.207300,0.801605,12.654180,-0.205350,0.451295,12.650810,-0.199280,0.059265,12.786240,-0.196460,0.013115,12.437760,-0.396700,0.802374,12.373570,-0.422950,0.403695,12.076380,-0.415440,0.157944,12.107660,-0.427950,0.015425
1618.000000,12.436250,-0.304830,0.913945,12.459940,-0.206250,0.802115,12.661010,-0.204950,0.450715,12.651720,-0.199440,0.058865,12.786590,-0.196340,0.011905,12.445960,-0.395630,0.802625,12.387900,-0.422780,0.402445,12.086280,-0.415590,0.162634,12.111630,-0.428100,0.018784
1619.000000,12.444290,-0.303870,0.914324,12.468380,-0.205240,0.802655,12.667470,-0.204610,0.450105,12.652530,-0.199680,0.058534,12.786860,-0.196270,0.010944,12.454020,-0.394590,0.802964,12.402360,-0.422520,0.401325,12.096560,-0.415680,0.167334,12.116390,-0.428290,0.022405
1620.000000,12.452270,-0.302920,0.914755,12.476700,-0.204260,0.803225,12.673580,-0.204340,0.449485,12.653250,-0.199980,0.058284,12.787060,-0.196240,0.010184,12.461960,-0.393580,0.803415,12.416870,-0.422170,0.400395,12.107200,-0.415710,0.172014,12.122030,-0.428540,0.026255
1621.000000,12.460180,-0.301990,0.915254,12.484890,-0.203320,0.803855,12.679350,-0.204110,0.448885,12.653900,-0.200320,0.058104,12.787200,-0.196240,0.009584,12.469780,-0.392610,0.803955,12.431400,-0.421750,0.399695,12.118200,-0.415710,0.176654,12.128640,-0.428830,0.030275
1622.000000,12.468030,-0.301080,0.915825,12.492970,-0.202430,0.804544,12.684790,-0.203930,0.448295,12.654480,-0.200660,0.058015,12.787290,-0.196270,0.009115,12.477470,-0.391690,0.804615,12.445900,-0.421290,0.399265,12.129540,-0.415660,0.181224,12.136290,-0.429170,0.034384
1623.000000,12.475810,-0.300220,0.916494,12.500910,-0.201580,0.805315,12.689900,-0.203760,0.447745,12.654990,-0.201010,0.057985,12.787330,-0.196310,0.008754,12.485060,-0.390810,0.805385,12.460340,-0.420810,0.399155,12.141220,-0.415590,0.185685,12.145030,-0.429550,0.038495
1624.000000,12.483530,-0.299390,0.917265,12.508740,-0.200780,0.806175,12.694710,-0.203600,0.447225,12.655450,-0.201340,0.058015,12.787330,-0.196370,0.008474,12.492550,-0.389980,0.806254,12.474700,-0.420330,0.399355,12.153240,-0.415480,0.189994,12.154870,-0.429980,0.042524
1625.000000,12.491180,-0.298610,0.918145,12.516460,-0.200030,0.807134,12.699230,-0.203440,0.446735,12.655840,-0.201660,0.058104,12.787300,-0.196430,0.008244,12.499960,-0.389210,0.807254,12.488970,-0.419850,0.399895,12.165620,-0.415350,0.194074,12.165800,-0.430440,0.046385
1626.000000,12.498780,-0.297890,0.919125,12.524070,-0.199340,0.808195,12.703480,-0.203260,0.446275,12.656170,-0.201960,0.058225,12.787240,-0.196490,0.008064,12.507300,-0.388500,0.808354,12.503150,-0.419410,0.400755,12.178370,-0.415210,0.197895,12.177770,-0.430920,0.049994
1627.000000,12.506320,-0.297220,0.920215,12.531590,-0.198710,0.809365,12.707470,-0.203060,0.445845,12.656430,-0.202260,0.058375,12.787150,-0.196550,0.007925,12.514570,-0.387840,0.809555,12.517230,-0.419020,0.401925,12.191510,-0.415050,0.201354,12.190720,-0.431400,0.053284
1628.000000,12.513810,-0.296610,0.921424,12.539030,-0.198140,0.810644,12.711230,-0.202850,0.445435,12.656610,-0.202540,0.058555,12.787050,-0.196590,0.007794,12.521790,-0.387250,0.810864,12.531210,-0.418680,0.403395,12.205030,-0.414890,0.204424,12.204540,-0.431880,0.056195
1629.000000,12.521260,-0.296050,0.922735,12.546410,-0.197630,0.812005,12.714770,-0.202630,0.445045,12.656720,-0.202810,0.058754,12.786930,-0.196630,0.007684,12.528980,-0.386730,0.812265,12.545110,-0.418400,0.405135,12.218940,-0.414730,0.207014,12.219180,-0.432330,0.058684
1630.000000,12.528660,-0.295550,0.924145,12.553750,-0.197190,0.813454,12.718110,-0.202410,0.444695,12.656760,-0.203060,0.058964,12.786800,-0.196660,0.007585,12.536140,-0.386270,0.813765,12.558930,-0.418180,0.407105,12.233240,-0.414580,0.209104,12.234530,-0.432750,0.060735
1631.000000,12.536030,-0.295090,0.925644,12.561040,-0.196810,0.814964,12.721250,-0.202180,0.444364,12.656730,-0.203280,0.059195,12.786670,-0.196680,0.007494,12.543290,-0.385880,0.815345,12.572680,-0.418000,0.409275,12.247900,-0.414450,0.210654,12.250520,-0.433140,0.062324
1632.000000,12.543380,-0.294670,0.927235,12.568310,-0.196490,0.816535,12.724210,-0.201940,0.444075,12.656650,-0.203480,0.059434,12.786520,-0.196680,0.007404,12.550440,-0.385540,0.817005,12.586370,-0.417860,0.411605,12.262910,-0.414310,0.211654,12.267100,-0.433480,0.063454
1633.000000,12.550710,-0.294280,0.928895,12.575560,-0.196220,0.818155,12.726980,-0.201700,0.443805,12.656530,-0.203640,0.059684,12.786380,-0.196680,0.007324,12.557590,-0.385260,0.818735,12.600010,-0.417740,0.414065,12.278260,-0.414170,0.212094,12.284220,-0.433770,0.064144
1634.000000,12.558030,-0.293920,0.930615,12.582780,-0.196000,0.819805,12.729570,-0.201450,0.443575,12.656390,-0.203770,0.059955,12.786230,-0.196670,0.007234,12.564760,-0.385030,0.820535,12.613600,-0.417630,0.416635,12.293930,-0.414000,0.212004,12.301830,-0.434020,0.064414
1635.000000,12.565340,-0.293580,0.932395,12.590000,-0.195820,0.821465,12.731990,-0.201180,0.443364,12.656230,-0.203860,0.060235,12.786070,-0.196660,0.007144,12.571940,-0.384850,0.822385,12.627120,-0.417520,0.419295,12.309880,-0.413810,0.211404,12.319910,-0.434210,0.064274
1636.000000,12.572640,-0.293250,0.934215,12.597200,-0.195670,0.823145,12.734240,-0.200900,0.443185,12.656080,-0.203930,0.060525,12.785920,-0.196640,0.007054,12.579130,-0.384700,0.824275,12.640590,-0.417420,0.422015,12.326090,-0.413600,0.210354,12.338440,-0.434350,0.063774
1637.000000,12.579940,-0.292950,0.936055,12.604380,-0.195560,0.824815,12.736330,-0.200610,0.443034,12.655930,-0.203980,0.060824,12.785760,-0.196610,0.006954,12.586330,-0.384590,0.826205,12.653980,-0.417320,0.424785,12.342530,-0.413380,0.208904,12.357380,-0.434440,0.062934
1638.000000,12.587230,-0.292650,0.937914,12.611550,-0.195470,0.826475,12.738270,-0.200310,0.442905,12.655810,-0.204010,0.061144,12.785610,-0.196580,0.006864,12.593540,-0.384500,0.828164,12.667280,-0.417220,0.427595,12.359160,-0.413160,0.207104,12.376730,-0.434490,0.061784
1639.000000,12.594520,-0.292360,0.939785,12.618690,-0.195410,0.828114,12.740070,-0.200010,0.442795,12.655720,-0.204030,0.061455,12.785460,-0.196550,0.006764,12.600760,-0.384450,0.830134,12.680500,-0.417130,0.430434,12.375980,-0.412940,0.204994,12.396470,-0.434520,0.060375
1640.000000,12.601810,-0.292080,0.941644,12.625800,-0.195370,0.829724,12.741760,-0.199700,0.442705,12.655670,-0.204030,0.061775,12.785320,-0.196520,0.006664,12.607990,-0.384420,0.832114,12.693620,-0.417050,0.433285,12.392970,-0.412740,0.202604,12.416580,-0.434520,0.058725
1641.000000,12.609100,-0.291820,0.943485,12.632870,-0.195350,0.831305,12.743340,-0.199400,0.442644,12.655650,-0.204040,0.062104,12.785190,-0.196490,0.006574,12.615220,-0.384400,0.834105,12.706620,-0.416970,0.436155,12.410110,-0.412560,0.199964,12.437050,-0.434500,0.056875
1642.000000,12.616370,-0.291570,0.945295,12.639900,-0.195340,0.832844,12.744820,-0.199100,0.442605,12.655680,-0.204040,0.062434,12.785060,-0.196470,0.006474,12.622440,-0.384410,0.836085,12.719480,-0.416900,0.439015,12.427420,-0.412420,0.197084,12.457870,-0.434500,0.054855
1643.000000,12.623640,-0.291340,0.947055,12.646870,-0.195350,0.834325,12.746220,-0.198800,0.442575,12.655740,-0.204050,0.062764,12.784940,-0.196440,0.006384,12.629660,-0.384430,0.838035,12.732200,-0.416840,0.441875,12.444870,-0.412310,0.194004,12.479010,-0.434500,0.052694
1644.000000,12.630880,-0.291120,0.948755,12.653790,-0.195360,0.835765,12.747560,-0.198500,0.442565,12.655840,-0.204080,0.063104,12.784830,-0.196430,0.006305,12.636870,-0.384450,0.839935,12.744750,-0.416780,0.444725,12.462490,-0.412250,0.190724,12.500470,-0.434540,0.050424
1645.000000,12.638100,-0.290920,0.950395,12.660650,-0.195370,0.837135,12.748850,-0.198200,0.442575,12.655960,-0.204130,0.063444,12.784730,-0.196410,0.006214,12.644050,-0.384480,0.841774,12.757130,-0.416730,0.447535,12.480280,-0.412230,0.187265,12.522230,-0.434620,0.048085
1646.000000,12.645300,-0.290740,0.951944,12.667450,-0.195390,0.838445,12.750090,-0.197890,0.442605,12.656090,-0.204210,0.063814,12.784630,-0.196410,0.006135,12.651210,-0.384520,0.843535,12.769330,-0.416690,0.450325,12.498230,-0.412260,0.183654,12.544280,-0.434740,0.045685
1647.000000,12.652460,-0.290580,0.953395,12.674200,-0.195410,0.839674,12.751310,-0.197580,0.442655,12.656240,-0.204330,0.064184,12.784540,-0.196400,0.006064,12.658350,-0.384560,0.845205,12.781340,-0.416650,0.453055,12.516360,-0.412330,0.179904,12.566610,-0.434920,0.043275
1648.000000,12.659600,-0.290440,0.954755,12.680910,-0.195440,0.840835,12.752500,-0.197260,0.442715,12.656380,-0.204480,0.064574,12.784450,-0.196410,0.005984,12.665470,-0.384610,0.846754,12.793150,-0.416630,0.455735,12.534670,-0.412460,0.176025,12.589190,-0.435160,0.040864
1649.000000,12.666710,-0.290320,0.956005,12.687570,-0.195470,0.841905,12.753690,-0.196950,0.442805,12.656510,-0.204650,0.064984,12.784370,-0.196410,0.005914,12.672580,-0.384660,0.848195,12.804780,-0.416610,0.458345,12.553160,-0.412620,0.172035,12.612020,-0.435460,0.038495
1650.000000,12.673790,-0.290220,0.957145,12.694190,-0.195500,0.842894,12.754870,-0.196630,0.442915,12.656620,-0.204840,0.065394,12.784290,-0.196420,0.005844,12.679670,-0.384720,0.849504,12.816210,-0.416600,0.460885,12.571850,-0.412830,0.167944,12.635070,-0.435830,0.036174
1651.000000,12.680840,-0.290150,0.958164,12.700770,-0.195530,0.843774,12.756070,-0.196300,0.443034,12.656720,-0.205030,0.065824,12.784210,-0.196430,0.005774,12.686760,-0.384780,0.850685,12.827440,-0.416600,0.463325,12.590730,-0.413070,0.163764,12.658340,-0.436270,0.033934
1652.000000,12.687860,-0.290090,0.959055,12.707320,-0.195570,0.844554,12.757290,-0.195950,0.443144,12.656810,-0.205230,0.066254,12.784130,-0.196450,0.005704,12.693830,-0.384850,0.851724,12.838470,-0.416600,0.465665,12.609800,-0.413350,0.159504,12.681810,-0.436780,0.031795
1653.000000,12.694850,-0.290050,0.959815,12.713840,-0.195610,0.845214,12.758550,-0.195600,0.443254,12.656890,-0.205410,0.066684,12.784050,-0.196460,0.005634,12.700890,-0.384920,0.852625,12.849320,-0.416610,0.467895,12.629090,-0.413650,0.155185,12.705470,-0.437350,0.029775
1654.000000,12.701800,-0.290040,0.960454,12.720320,-0.195670,0.845765,12.759860,-0.195230,0.443355,12.656960,-0.205590,0.067124,12.783960,-0.196480,0.005554,12.707940,-0.385010,0.853384,12.859970,-0.416610,0.470005,12.648600,-0.413970,0.150814,12.729310,-0.437970,0.027915
1655.000000,12.708730,-0.290050,0.960955,12.726780,-0.195730,0.846205,12.761220,-0.194850,0.443424,12.657020,-0.205760,0.067554,12.783870,-0.196490,0.005464,12.714980,-0.385100,0.853994,12.870430,-0.416630,0.471965,12.668340,-0.414300,0.146404,12.753320,-0.438640,0.026215
1656.000000,12.715630,-0.290090,0.961334,12.733200,-0.195800,0.846515,12.762640,-0.194480,0.443465,12.657080,-0.205920,0.067984,12.783770,-0.196490,0.005374,12.722020,-0.385200,0.854465,12.880680,-0.416640,0.473775,12.688310,-0.414640,0.141975,12.777480,-0.439360,0.024724
1657.000000,12.722500,-0.290150,0.961585,12.739590,-0.195890,0.846704,12.764130,-0.194110,0.443474,12.657140,-0.206060,0.068404,12.783680,-0.196490,0.005285,12.729040,-0.385320,0.854795,12.890740,-0.416670,0.475405,12.708510,-0.415000,0.137554,12.801790,-0.440100,0.023464
1658.000000,12.729350,-0.290240,0.961715,12.745960,-0.195990,0.846785,12.765680,-0.193760,0.443435,12.657210,-0.206190,0.068834,12.783590,-0.196490,0.005174,12.736060,-0.385450,0.854994,12.900580,-0.416710,0.476855,12.728930,-0.415390,0.133154,12.826230,-0.440880,0.022454
1659.000000,12.736170,-0.290370,0.961735,12.752300,-0.196120,0.846745,12.767300,-0.193420,0.443355,12.657300,-0.206310,0.069254,12.783500,-0.196480,0.005075,12.743080,-0.385610,0.855055,12.910230,-0.416750,0.478105,12.749540,-0.415810,0.128824,12.850780,-0.441670,0.021715
1660.000000,12.742980,-0.290520,0.961635,12.758640,-0.196270,0.846604,12.768990,-0.193110,0.443245,12.657400,-0.206420,0.069674,12.783410,-0.196470,0.004954,12.750090,-0.385780,0.855005,12.919690,-0.416810,0.479145,12.770330,-0.416290,0.124584,12.875430,-0.442480,0.021295
1661.000000,12.749780,-0.290710,0.961425,12.764960,-0.196440,0.846365,12.770740,-0.192810,0.443085,12.657530,-0.206520,0.070084,12.783320,-0.196460,0.004844,12.757110,-0.385980,0.854824,12.928960,-0.416870,0.479965,12.791290,-0.416820,0.120465,12.900160,-0.443280,0.021185
1662.000000,12.756570,-0.290940,0.961114,12.771290,-0.196640,0.846035,12.772570,-0.192530,0.442885,12.657670,-0.206630,0.070504,12.783240,-0.196440,0.004724,12.764130,-0.386210,0.854534,12.938040,-0.416930,0.480575,12.812380,-0.417420,0.116514,12.924940,-0.444070,0.021424
1663.000000,12.763360,-0.291200,0.960705,12.777620,-0.196870,0.845615,12.774460,-0.192260,0.442655,12.657830,-0.206730,0.070924,12.783160,-0.196430,0.004594,12.771160,-0.386460,0.854135,12.946940,-0.416990,0.480965,12.833590,-0.418080,0.112744,12.949740,-0.444830,0.022034
1664.000000,12.770150,-0.291490,0.960195,12.783970,-0.197120,0.845114,12.776420,-0.192000,0.442385,12.658010,-0.206840,0.071334,12.783080,-0.196420,0.004475,12.778200,-0.386740,0.853635,12.955660,-0.417050,0.481135,12.854900,-0.418800,0.109194,12.974540,-0.445550,0.023015
1665.000000,12.776960,-0.291820,0.959615,12.790340,-0.197400,0.844545,12.778450,-0.191750,0.442075,12.658200,-0.206950,0.071754,12.783000,-0.196410,0.004354,12.785270,-0.387040,0.853044,12.964200,-0.417100,0.481075,12.876260,-0.419580,0.105894,12.999290,-0.446230,0.024394
1666.000000,12.783770,-0.292180,0.958944,12.796740,-0.197710,0.843905,12.780560,-0.191500,0.441745,12.658420,-0.207070,0.072174,12.782930,-0.196400,0.004244,12.792360,-0.387370,0.852355,12.972580,-0.417130,0.480805,12.897650,-0.420420,0.102864,13.023950,-0.446850,0.026175
1667.000000,12.790610,-0.292570,0.958195,12.803180,-0.198040,0.843214,12.782730,-0.191270,0.441385,12.658660,-0.207200,0.072594,12.782860,-0.196390,0.004135,12.799490,-0.387710,0.851584,12.980790,-0.417150,0.480325,12.919030,-0.421310,0.100134,13.048490,-0.447410,0.028385
1668.000000,12.797470,-0.292990,0.957375,12.809660,-0.198380,0.842465,12.784990,-0.191030,0.441005,12.658920,-0.207340,0.073024,12.782800,-0.196380,0.004024,12.806660,-0.388070,0.850724,12.988830,-0.417160,0.479635,12.940380,-0.422250,0.097724,13.072850,-0.447920,0.031025
1669.000000,12.804360,-0.293450,0.956495,12.816190,-0.198740,0.841665,12.787320,-0.190800,0.440595,12.659210,-0.207490,0.073444,12.782740,-0.196370,0.003925,12.813880,-0.388450,0.849774,12.996730,-0.417140,0.478745,12.961640,-0.423240,0.095634,13.096980,-0.448380,0.034105
1670.000000,12.811280,-0.293930,0.955545,12.822770,-0.199110,0.840824,12.789750,-0.190570,0.440165,12.659530,-0.207640,0.073874,12.782690,-0.196350,0.003824,12.821160,-0.388830,0.848754,13.004490,-0.417120,0.477675,12.982790,-0.424270,0.093894,13.120830,-0.448790,0.037624
1671.000000,12.818240,-0.294430,0.954524,12.829420,-0.199490,0.839925,12.792260,-0.190350,0.439715,12.659870,-0.207810,0.074314,12.782630,-0.196320,0.003734,12.828490,-0.389230,0.847645,13.012120,-0.417090,0.476425,13.003780,-0.425310,0.092494,13.144340,-0.449160,0.041575
1672.000000,12.825240,-0.294960,0.953445,12.836120,-0.199870,0.838994,12.794860,-0.190130,0.439255,12.660220,-0.207980,0.074764,12.782580,-0.196300,0.003654,12.835890,-0.389620,0.846465,13.019650,-0.417050,0.475025,13.024570,-0.426370,0.091434,13.167470,-0.449490,0.045935
1673.000000,12.832290,-0.295500,0.952304,12.842890,-0.200250,0.838005,12.797550,-0.189940,0.438785,12.660590,-0.208160,0.075224,12.782530,-0.196270,0.003564,12.843360,-0.390010,0.845214,13.027080,-0.417030,0.473475,13.045120,-0.427410,0.090724,13.190130,-0.449790,0.050674
1674.000000,12.839380,-0.296060,0.951105,12.849710,-0.200630,0.836965,12.800330,-0.189770,0.438295,12.660970,-0.208340,0.075704,12.782470,-0.196250,0.003484,12.850880,-0.390400,0.843885,13.034440,-0.417020,0.471805,13.065380,-0.428420,0.090344,13.212280,-0.450050,0.055745
1675.000000,12.846530,-0.296620,0.949844,12.856580,-0.201010,0.835875,12.803200,-0.189640,0.437814,12.661350,-0.208520,0.076194,12.782410,-0.196220,0.003404,12.858480,-0.390780,0.842504,13.041760,-0.417050,0.470045,13.085300,-0.429370,0.090284,13.233860,-0.450290,0.061074
1676.000000,12.853740,-0.297190,0.948524,12.863510,-0.201380,0.834745,12.806170,-0.189550,0.437325,12.661740,-0.208700,0.076724,12.782350,-0.196200,0.003314,12.866130,-0.391160,0.841055,13.049040,-0.417130,0.468215,13.104820,-0.430230,0.090504,13.254790,-0.450490,0.066614
1677.000000,12.860990,-0.297760,0.947155,12.870490,-0.201750,0.833554,12.809230,-0.189510,0.436825,12.662120,-0.208880,0.077264,12.782280,-0.196190,0.003234,12.873850,-0.391520,0.839554,13.056320,-0.417250,0.466325,13.123890,-0.430980,0.090994,13.275020,-0.450670,0.072264
1678.000000,12.868300,-0.298330,0.945724,12.877500,-0.202100,0.832315,12.812400,-0.189510,0.436325,12.662490,-0.209060,0.077844,12.782210,-0.196180,0.003144,12.881620,-0.391870,0.838014,13.063630,-0.417440,0.464415,13.142440,-0.431590,0.091694,13.294490,-0.450810,0.077924
1679.000000,12.875660,-0.298890,0.944254,12.884550,-0.202440,0.831025,12.815700,-0.189560,0.435805,12.662860,-0.209230,0.078464,12.782140,-0.196160,0.003044,12.889440,-0.392200,0.836425,13.070990,-0.417680,0.462495,13.160400,-0.432050,0.092564,13.313130,-0.450930,0.083494
1680.000000,12.883080,-0.299450,0.942735,12.891640,-0.202780,0.829695,12.819120,-0.189640,0.435264,12.663230,-0.209380,0.079104,12.782060,-0.196150,0.002945,12.897310,-0.392520,0.834815,13.078440,-0.417970,0.460605,13.177700,-0.432320,0.093534,13.330900,-0.451010,0.088864
1681.000000,12.890540,-0.300010,0.941175,12.898750,-0.203110,0.828315,12.822700,-0.189760,0.434704,12.663610,-0.209510,0.079794,12.781980,-0.196140,0.002834,12.905230,-0.392830,0.833175,13.086000,-0.418290,0.458765,13.194270,-0.432410,0.094544,13.347750,-0.451070,0.093924
1682.000000,12.898060,-0.300560,0.939585,12.905900,-0.203440,0.826894,12.826430,-0.189920,0.434094,12.664000,-0.209610,0.080534,12.781910,-0.196120,0.002724,12.913190,-0.393140,0.831515,13.093710,-0.418620,0.456985,13.210040,-0.432300,0.095514,13.363620,-0.451090,0.098554
1683.000000,12.905620,-0.301120,0.937955,12.913090,-0.203790,0.825435,12.830350,-0.190100,0.433445,12.664430,-0.209690,0.081314,12.781830,-0.196100,0.002594,12.921200,-0.393460,0.829844,13.101600,-0.418930,0.455295,13.224960,-0.432010,0.096364,13.378500,-0.451080,0.102644
1684.000000,12.913230,-0.301680,0.936304,12.920330,-0.204160,0.823935,12.834460,-0.190310,0.432745,12.664890,-0.209730,0.082154,12.781750,-0.196070,0.002464,12.929260,-0.393790,0.828164,13.109700,-0.419200,0.453725,13.238980,-0.431530,0.097034,13.392350,-0.451020,0.106084
1685.000000,12.920900,-0.302250,0.934624,12.927650,-0.204560,0.822385,12.838790,-0.190550,0.431975,12.665410,-0.209730,0.083054,12.781670,-0.196050,0.002334,12.937390,-0.394160,0.826475,13.118030,-0.419410,0.452275,13.252090,-0.430890,0.097444,13.405170,-0.450880,0.108774
1686.000000,12.928620,-0.302830,0.932934,12.935060,-0.205020,0.820794,12.843340,-0.190810,0.431154,12.665990,-0.209700,0.084014,12.781600,-0.196040,0.002194,12.945580,-0.394580,0.824774,13.126600,-0.419530,0.450975,13.264250,-0.430100,0.097534,13.416960,-0.450650,0.110624
1687.000000,12.936400,-0.303430,0.931225,12.942610,-0.205530,0.819155,12.848120,-0.191090,0.430264,12.666660,-0.209640,0.085054,12.781530,-0.196020,0.002044,12.953860,-0.395060,0.823064,13.135430,-0.419560,0.449835,13.275450,-0.429180,0.097274,13.427740,-0.450310,0.111574
1688.000000,12.944250,-0.304050,0.929515,12.950290,-0.206120,0.817495,12.853160,-0.191400,0.429305,12.667400,-0.209550,0.086184,12.781470,-0.196020,0.001894,12.962220,-0.395600,0.821354,13.144500,-0.419490,0.448845,13.285710,-0.428130,0.096624,13.437530,-0.449830,0.111574
1689.000000,12.952160,-0.304690,0.927805,12.958130,-0.206780,0.815794,12.858470,-0.191720,0.428295,12.668250,-0.209440,0.087404,12.781400,-0.196010,0.001744,12.970670,-0.396220,0.819655,13.153810,-0.419310,0.448005,13.295040,-0.426970,0.095584,13.446400,-0.449200,0.110604
1690.000000,12.960140,-0.305360,0.926115,12.966130,-0.207510,0.814084,12.864050,-0.192070,0.427214,12.669210,-0.209310,0.088724,12.781350,-0.196020,0.001594,12.979200,-0.396920,0.817975,13.163320,-0.419040,0.447304,13.303470,-0.425710,0.094174,13.454400,-0.448390,0.108664
1691.000000,12.968200,-0.306060,0.924445,12.974270,-0.208320,0.812365,12.869910,-0.192430,0.426085,12.670310,-0.209170,0.090154,12.781290,-0.196020,0.001444,12.987820,-0.397690,0.816325,13.172990,-0.418680,0.446745,13.311070,-0.424370,0.092434,13.461590,-0.447390,0.105804
1692.000000,12.976340,-0.306790,0.922814,12.982550,-0.209200,0.810655,12.876070,-0.192810,0.424905,12.671560,-0.209010,0.091704,12.781240,-0.196030,0.001294,12.996490,-0.398540,0.814725,13.182780,-0.418260,0.446295,13.317910,-0.422960,0.090424,13.468060,-0.446210,0.102104
1693.000000,12.984540,-0.307550,0.921235,12.990940,-0.210140,0.808964,12.882530,-0.193210,0.423675,12.672980,-0.208850,0.093374,12.781190,-0.196030,0.001154,13.005210,-0.399460,0.813195,13.192640,-0.417810,0.445955,13.324070,-0.421520,0.088214,13.473880,-0.444860,0.097644
1694.000000,12.992810,-0.308330,0.919714,12.999410,-0.211130,0.807335,12.889310,-0.193610,0.422415,12.674610,-0.208680,0.095184,12.781140,-0.196040,0.001024,13.013950,-0.400420,0.811744,13.202520,-0.417340,0.445694,13.329650,-0.420090,0.085894,13.479120,-0.443380,0.092554
1695.000000,13.001140,-0.309140,0.918274,13.007920,-0.212160,0.805755,12.896430,-0.194030,0.421125,12.676460,-0.208500,0.097134,12.781100,-0.196060,0.000914,13.022680,-0.401420,0.810395,13.212380,-0.416890,0.445505,13.334730,-0.418710,0.083544,13.483860,-0.441800,0.086994
1696.000000,13.009520,-0.309970,0.916914,13.016450,-0.213190,0.804265,12.903890,-0.194450,0.419795,12.678560,-0.208320,0.099234,12.781060,-0.196070,0.000824,13.031390,-0.402440,0.809145,13.222190,-0.416490,0.445395,13.339420,-0.417440,0.081234,13.488150,-0.440180,0.081094
1697.000000,13.017930,-0.310800,0.915664,13.024980,-0.214240,0.802864,12.911720,-0.194860,0.418455,12.680950,-0.208140,0.101504,12.781020,-0.196090,0.000774,13.040050,-0.403470,0.808014,13.231910,-0.416160,0.445345,13.343790,-0.416320,0.079054,13.492050,-0.438580,0.075014
1698.000000,13.026370,-0.311640,0.914525,13.033490,-0.215280,0.801565,12.919920,-0.195270,0.417095,12.683650,-0.207950,0.103944,12.780990,-0.196110,0.000784,13.048660,-0.404490,0.807025,13.241540,-0.415920,0.445364,13.347910,-0.415400,0.077024,13.495590,-0.437060,0.068874
1699.000000,13.034830,-0.312470,0.913505,13.041980,-0.216300,0.800374,12.928530,-0.195680,0.415724,12.686700,-0.207780,0.106564,12.780980,-0.196140,0.000864,13.057200,-0.405490,0.806165,13.251060,-0.415780,0.445455,13.351800,-0.414710,0.075204,13.498790,-0.435690,0.062804
1700.000000,13.043290,-0.313290,0.912605,13.050420,-0.217300,0.799295,12.937540,-0.196060,0.414345,12.690120,-0.207610,0.109384,12.780990,-0.196190,0.001044,13.065670,-0.406480,0.805445,13.260490,-0.415740,0.445625,13.355460,-0.414260,0.073584,13.501680,-0.434510,0.056914
1701.000000,13.051750,-0.314100,0.911834,13.058830,-0.218270,0.798335,12.946990,-0.196420,0.412955,12.693950,-0.207460,0.112394,12.781050,-0.196250,0.001354,13.074070,-0.407440,0.804885,13.269830,-0.415810,0.445864,13.358880,-0.414040,0.072164,13.504250,-0.433560,0.051275
1702.000000,13.060200,-0.314880,0.911195,13.067200,-0.219220,0.797494,12.956880,-0.196770,0.411545,12.698220,-0.207320,0.115614,12.781180,-0.196320,0.001814,13.082390,-0.408370,0.804485,13.279090,-0.415980,0.446185,13.362010,-0.414020,0.070934,13.506540,-0.432840,0.045964
1703.000000,13.068630,-0.315640,0.910675,13.075530,-0.220150,0.796764,12.967230,-0.197080,0.410125,12.702940,-0.207210,0.119034,12.781420,-0.196410,0.002475,13.090640,-0.409290,0.804245,13.288270,-0.416250,0.446565,13.364830,-0.414190,0.069864,13.508550,-0.432370,0.041035
1704.000000,13.077030,-0.316380,0.910285,13.083860,-0.221070,0.796145,12.978050,-0.197370,0.408674,12.708150,-0.207120,0.122664,12.781810,-0.196520,0.003354,13.098850,-0.410200,0.804154,13.297370,-0.416590,0.447005,13.367310,-0.414490,0.068944,13.510300,-0.432100,0.036514
1705.000000,13.085400,-0.317110,0.910004,13.092190,-0.221990,0.795605,12.989340,-0.197620,0.407205,12.713850,-0.207050,0.126494,12.782390,-0.196640,0.004494,13.107020,-0.411110,0.804225,13.306390,-0.417000,0.447465,13.369470,-0.414870,0.068154,13.511800,-0.432020,0.032425
1706.000000,13.093740,-0.317820,0.909834,13.100540,-0.222940,0.795165,13.001090,-0.197850,0.405705,12.720060,-0.207000,0.130524,12.783210,-0.196780,0.005904,13.115170,-0.412040,0.804435,13.315280,-0.417470,0.447945,13.371340,-0.415300,0.067474,13.513080,-0.432090,0.028784
1707.000000,13.102030,-0.318520,0.909764,13.108930,-0.223910,0.794795,13.013300,-0.198050,0.404185,12.726770,-0.206960,0.134754,12.784340,-0.196930,0.007604,13.123320,-0.412990,0.804785,13.324030,-0.417980,0.448395,13.372950,-0.415720,0.066894,13.514150,-0.432250,0.025585
1708.000000,13.110290,-0.319220,0.909795,13.117350,-0.224910,0.794494,13.025930,-0.198240,0.402655,12.733970,-0.206930,0.139164,12.785820,-0.197090,0.009614,13.131470,-0.413970,0.805254,13.332580,-0.418520,0.448795,13.374340,-0.416080,0.066394,13.515040,-0.432480,0.022815
1709.000000,13.118500,-0.319920,0.909915,13.125780,-0.225940,0.794265,13.038960,-0.198410,0.401115,12.741650,-0.206910,0.143754,12.787720,-0.197270,0.011945,13.139620,-0.414980,0.805825,13.340890,-0.419080,0.449125,13.375560,-0.416370,0.065974,13.515750,-0.432740,0.020445
1710.000000,13.126660,-0.320640,0.910115,13.134220,-0.227010,0.794104,13.052350,-0.198580,0.399595,12.749810,-0.206880,0.148504,12.790100,-0.197470,0.014594,13.147770,-0.416020,0.806485,13.348900,-0.419630,0.449375,13.376640,-0.416550,0.065624,13.516310,-0.433000,0.018465
1711.000000,13.134760,-0.321360,0.910385,13.142640,-0.228110,0.794005,13.066060,-0.198760,0.398115,12.758420,-0.206860,0.153414,12.793010,-0.197680,0.017574,13.155920,-0.417080,0.807225,13.356570,-0.420170,0.449524,13.377610,-0.416620,0.065314,13.516740,-0.433230,0.016824
1712.000000,13.142800,-0.322100,0.910735,13.151040,-0.229220,0.793984,13.080020,-0.198980,0.396705,12.767480,-0.206850,0.158424,12.796530,-0.197930,0.020865,13.164060,-0.418150,0.808025,13.363890,-0.420690,0.449575,13.378480,-0.416580,0.065064,13.517060,-0.433440,0.015474
1713.000000,13.150770,-0.322850,0.911145,13.159390,-0.230340,0.794034,13.094190,-0.199230,0.395405,12.776990,-0.206860,0.163524,12.800720,-0.198200,0.024465,13.172190,-0.419230,0.808875,13.370810,-0.421190,0.449535,13.379290,-0.416440,0.064854,13.517280,-0.433600,0.014375
1714.000000,13.158680,-0.323610,0.911635,13.167690,-0.231470,0.794175,13.108510,-0.199520,0.394255,12.786930,-0.206900,0.168675,12.805650,-0.198510,0.028345,13.180310,-0.420300,0.809755,13.377340,-0.421660,0.449425,13.380060,-0.416240,0.064684,13.517430,-0.433720,0.013475
1715.000000,13.166520,-0.324380,0.912185,13.175920,-0.232570,0.794395,13.122920,-0.199870,0.393295,12.797310,-0.206990,0.173824,12.811410,-0.198860,0.032465,13.188410,-0.421360,0.810665,13.383480,-0.422100,0.449245,13.380790,-0.415990,0.064534,13.517520,-0.433800,0.012744
1716.000000,13.174300,-0.325150,0.912805,13.184090,-0.233660,0.794705,13.137390,-0.200270,0.392565,12.808100,-0.207120,0.178945,12.818060,-0.199240,0.036775,13.196480,-0.422400,0.811594,13.389220,-0.422510,0.449005,13.381480,-0.415710,0.064414,13.517560,-0.433850,0.012134
1717.000000,13.182020,-0.325920,0.913494,13.192190,-0.234710,0.795125,13.151870,-0.200710,0.392095,12.819300,-0.207310,0.183974,12.825650,-0.199670,0.041195,13.204540,-0.423400,0.812535,13.394600,-0.422880,0.448725,13.382130,-0.415430,0.064304,13.517560,-0.433860,0.011644
1718.000000,13.189680,-0.326680,0.914265,13.200220,-0.235720,0.795644,13.166330,-0.201180,0.391905,12.830900,-0.207550,0.188864,12.834240,-0.200130,0.045655,13.212560,-0.424370,0.813485,13.399640,-0.423230,0.448425,13.382740,-0.415150,0.064204,13.517530,-0.433850,0.011225
1719.000000,13.197280,-0.327430,0.915104,13.208180,-0.236680,0.796274,13.180740,-0.201680,0.392024,12.842900,-0.207830,0.193574,12.843820,-0.200640,0.050075,13.220560,-0.425290,0.814454,13.404360,-0.423550,0.448105,13.383280,-0.414900,0.064124,13.517480,-0.433820,0.010874
1720.000000,13.204820,-0.328160,0.916034,13.216070,-0.237580,0.797025,13.195100,-0.202170,0.392455,12.855270,-0.208160,0.198044,12.854390,-0.201190,0.054374,13.228510,-0.426170,0.815435,13.408800,-0.423860,0.447775,13.383760,-0.414680,0.064044,13.517400,-0.433780,0.010575
1721.000000,13.212320,-0.328860,0.917054,13.223900,-0.238420,0.797905,13.209390,-0.202660,0.393185,12.868020,-0.208510,0.202204,12.865900,-0.201780,0.058494,13.236420,-0.426990,0.816435,13.412970,-0.424140,0.447445,13.384170,-0.414490,0.063984,13.517310,-0.433740,0.010305
1722.000000,13.219760,-0.329540,0.918154,13.231650,-0.239200,0.798905,13.223630,-0.203120,0.394215,12.881130,-0.208890,0.206024,12.878290,-0.202430,0.062345,13.244270,-0.427760,0.817474,13.416890,-0.424420,0.447125,13.384520,-0.414350,0.063934,13.517200,-0.433700,0.010075
1723.000000,13.227170,-0.330180,0.919365,13.239340,-0.239920,0.800034,13.237810,-0.203550,0.395525,12.894590,-0.209280,0.209474,12.891500,-0.203120,0.065884,13.252070,-0.428480,0.818565,13.420600,-0.424690,0.446815,13.384810,-0.414250,0.063904,13.517080,-0.433660,0.009865
1724.000000,13.234540,-0.330810,0.920664,13.246950,-0.240580,0.801304,13.251950,-0.203940,0.397074,12.908390,-0.209680,0.212504,12.905450,-0.203860,0.069054,13.259790,-0.429140,0.819715,13.424080,-0.424960,0.446525,13.385040,-0.414180,0.063904,13.516940,-0.433630,0.009674
1725.000000,13.241870,-0.331400,0.922065,13.254470,-0.241170,0.802694,13.266060,-0.204280,0.398855,12.922510,-0.210090,0.215124,12.920070,-0.204650,0.071824,13.267420,-0.429740,0.820935,13.427360,-0.425230,0.446245,13.385210,-0.414150,0.063934,13.516800,-0.433610,0.009494
1726.000000,13.249180,-0.331960,0.923555,13.261910,-0.241690,0.804204,13.280140,-0.204560,0.400835,12.936920,-0.210520,0.217325,12.935310,-0.205460,0.074174,13.274950,-0.430280,0.822225,13.430430,-0.425510,0.445995,13.385330,-0.414140,0.063994,13.516660,-0.433590,0.009324
1727.000000,13.256450,-0.332490,0.925145,13.269260,-0.242150,0.805835,13.294200,-0.204790,0.402985,12.951620,-0.210980,0.219104,12.951100,-0.206290,0.076084,13.282370,-0.430760,0.823605,13.433310,-0.425800,0.445765,13.385400,-0.414160,0.064084,13.516500,-0.433590,0.009164
1728.000000,13.263710,-0.332990,0.926805,13.276530,-0.242550,0.807555,13.308230,-0.204960,0.405295,12.966560,-0.211450,0.220464,12.967400,-0.207130,0.077554,13.289690,-0.431180,0.825064,13.435990,-0.426090,0.445565,13.385420,-0.414190,0.064224,13.516340,-0.433590,0.009014
1729.000000,13.270940,-0.333470,0.928544,13.283720,-0.242900,0.809374,13.322230,-0.205070,0.407734,12.981740,-0.211970,0.221435,12.984190,-0.207960,0.078594,13.296900,-0.431550,0.826595,13.438480,-0.426380,0.445405,13.385400,-0.414240,0.064394,13.516180,-0.433590,0.008865
1730.000000,13.278150,-0.333930,0.930335,13.290840,-0.243190,0.811265,13.336170,-0.205120,0.410305,12.997130,-0.212520,0.222015,13.001430,-0.208760,0.079224,13.304020,-0.431870,0.828175,13.440790,-0.426680,0.445265,13.385330,-0.414300,0.064604,13.516010,-0.433600,0.008724
1731.000000,13.285350,-0.334360,0.932175,13.297910,-0.243440,0.813204,13.350060,-0.205120,0.412985,13.012720,-0.213100,0.222224,13.019100,-0.209530,0.079454,13.311050,-0.432150,0.829805,13.442940,-0.426960,0.445165,13.385240,-0.414360,0.064844,13.515840,-0.433620,0.008594
1732.000000,13.292540,-0.334780,0.934045,13.304940,-0.243630,0.815204,13.363880,-0.205070,0.415765,13.028490,-0.213710,0.222054,13.037190,-0.210230,0.079314,13.317990,-0.432380,0.831454,13.444940,-0.427230,0.445105,13.385110,-0.414430,0.065124,13.515670,-0.433630,0.008464
1733.000000,13.299710,-0.335170,0.935935,13.311920,-0.243790,0.817215,13.377600,-0.204960,0.418635,13.044420,-0.214340,0.221524,13.055670,-0.210870,0.078834,13.324870,-0.432580,0.833125,13.446810,-0.427490,0.445065,13.384970,-0.414490,0.065414,13.515500,-0.433650,0.008344
1734.000000,13.306870,-0.335550,0.937825,13.318880,-0.243910,0.819254,13.391230,-0.204810,0.421575,13.060520,-0.214970,0.220664,13.074540,-0.211400,0.078044,13.331680,-0.432740,0.834794,13.448570,-0.427730,0.445055,13.384830,-0.414560,0.065734,13.515340,-0.433670,0.008224
1735.000000,13.314030,-0.335920,0.939715,13.325820,-0.244000,0.821275,13.404760,-0.204610,0.424585,13.076760,-0.215610,0.219474,13.093780,-0.211830,0.076964,13.338450,-0.432860,0.836445,13.450220,-0.427960,0.445075,13.384690,-0.414620,0.066064,13.515170,-0.433690,0.008105
1736.000000,13.321180,-0.336270,0.941574,13.332740,-0.244050,0.823284,13.418160,-0.204380,0.427635,13.093150,-0.216220,0.217965,13.113360,-0.212140,0.075624,13.345180,-0.432960,0.838064,13.451790,-0.428170,0.445095,13.384570,-0.414670,0.066404,13.515020,-0.433710,0.007984
1737.000000,13.328320,-0.336600,0.943404,13.339660,-0.244070,0.825265,13.431440,-0.204120,0.430735,13.109680,-0.216810,0.216164,13.133280,-0.212300,0.074064,13.351880,-0.433030,0.839635,13.453290,-0.428380,0.445135,13.384460,-0.414710,0.066754,13.514870,-0.433720,0.007874
1738.000000,13.335450,-0.336930,0.945184,13.346580,-0.244070,0.827205,13.444590,-0.203830,0.433855,13.126350,-0.217360,0.214075,13.153520,-0.212320,0.072304,13.358560,-0.433070,0.841145,13.454720,-0.428570,0.445185,13.384380,-0.414750,0.067104,13.514730,-0.433730,0.007764
1739.000000,13.342560,-0.337240,0.946905,13.353510,-0.244050,0.829085,13.457600,-0.203520,0.436995,13.143180,-0.217840,0.211694,13.174080,-0.212190,0.070364,13.365230,-0.433100,0.842595,13.456110,-0.428750,0.445245,13.384330,-0.414780,0.067444,13.514600,-0.433740,0.007644
1740.000000,13.349670,-0.337530,0.948554,13.360440,-0.244010,0.830885,13.470460,-0.203190,0.440125,13.160160,-0.218260,0.209034,13.194930,-0.211900,0.068284,13.371890,-0.433110,0.843965,13.457460,-0.428930,0.445315,13.384300,-0.414790,0.067794,13.514480,-0.433750,0.007534
1741.000000,13.356760,-0.337820,0.950114,13.367380,-0.243960,0.832615,13.483160,-0.202840,0.443254,13.177330,-0.218590,0.206085,13.216070,-0.211470,0.066084,13.378540,-0.433100,0.845245,13.458790,-0.429090,0.445405,13.384300,-0.414790,0.068144,13.514360,-0.433750,0.007424
1742.000000,13.363830,-0.338090,0.951585,13.374330,-0.243900,0.834255,13.495710,-0.202490,0.446355,13.194700,-0.218810,0.202844,13.237510,-0.210890,0.063784,13.385200,-0.433090,0.846434,13.460100,-0.429260,0.445505,13.384310,-0.414780,0.068484,13.514250,-0.433750,0.007304
1743.000000,13.370880,-0.338350,0.952964,13.381280,-0.243830,0.835805,13.508090,-0.202120,0.449435,13.212280,-0.218940,0.199334,13.259230,-0.210180,0.061434,13.391850,-0.433070,0.847525,13.461410,-0.429410,0.445605,13.384350,-0.414760,0.068824,13.514150,-0.433750,0.007194
1744.000000,13.377900,-0.338600,0.954245,13.388250,-0.243760,0.837245,13.520300,-0.201760,0.452455,13.230070,-0.218960,0.195565,13.281240,-0.209330,0.059045,13.398510,-0.433040,0.848515,13.462730,-0.429560,0.445725,13.384400,-0.414720,0.069164,13.514050,-0.433740,0.007084
1745.000000,13.384900,-0.338830,0.955404,13.395210,-0.243680,0.838575,13.532330,-0.201410,0.455425,13.248080,-0.218870,0.191574,13.303520,-0.208360,0.056655,13.405170,-0.433000,0.849395,13.464050,-0.429710,0.445845,13.384470,-0.414680,0.069494,13.513960,-0.433740,0.006964
1746.000000,13.391880,-0.339050,0.956465,13.402180,-0.243590,0.839794,13.544180,-0.201060,0.458325,13.266310,-0.218690,0.187394,13.326090,-0.207280,0.054304,13.411820,-0.432960,0.850155,13.465390,-0.429850,0.445945,13.384540,-0.414620,0.069834,13.513870,-0.433730,0.006854
1747.000000,13.398830,-0.339250,0.957395,13.409150,-0.243490,0.840905,13.555840,-0.200740,0.461135,13.284760,-0.218420,0.183054,13.348920,-0.206090,0.052005,13.418460,-0.432900,0.850805,13.466750,-0.429980,0.446045,13.384630,-0.414550,0.070164,13.513780,-0.433730,0.006735
1748.000000,13.405750,-0.339440,0.958214,13.416110,-0.243390,0.841885,13.567320,-0.200440,0.463855,13.303430,-0.218050,0.178555,13.372020,-0.204810,0.049785,13.425090,-0.432840,0.851325,13.468140,-0.430110,0.446125,13.384730,-0.414470,0.070484,13.513700,-0.433730,0.006624
1749.000000,13.412660,-0.339610,0.958915,13.423060,-0.243280,0.842745,13.578600,-0.200160,0.466465,13.322340,-0.217590,0.173924,13.395370,-0.203440,0.047675,13.431710,-0.432760,0.851735,13.469550,-0.430220,0.446185,13.384830,-0.414380,0.070804,13.513620,-0.433730,0.006514
1750.000000,13.419530,-0.339750,0.959495,13.430000,-0.243150,0.843484,13.589680,-0.199910,0.468954,13.341500,-0.217050,0.169175,13.418950,-0.201990,0.045694,13.438310,-0.432670,0.852025,13.470990,-0.430340,0.446215,13.384940,-0.414280,0.071124,13.513540,-0.433730,0.006395
1751.000000,13.426390,-0.339880,0.959944,13.436930,-0.243010,0.844094,13.600560,-0.199690,0.471305,13.360940,-0.216420,0.164324,13.442740,-0.200480,0.043854,13.444890,-0.432560,0.852194,13.472460,-0.430440,0.446225,13.385050,-0.414160,0.071444,13.513470,-0.433730,0.006284
1752.000000,13.433230,-0.339970,0.960284,13.443860,-0.242850,0.844585,13.611240,-0.199500,0.473525,13.380660,-0.215710,0.159384,13.466710,-0.198900,0.042154,13.451440,-0.432440,0.852255,13.473970,-0.430530,0.446215,13.385160,-0.414040,0.071754,13.513400,-0.433730,0.006164
1753.000000,13.440060,-0.340040,0.960504,13.450770,-0.242680,0.844955,13.621710,-0.199340,0.475595,13.400660,-0.214930,0.154394,13.490850,-0.197270,0.040625,13.457970,-0.432300,0.852205,13.475510,-0.430610,0.446175,13.385280,-0.413910,0.072064,13.513330,-0.433730,0.006044
1754.000000,13.446880,-0.340080,0.960604,13.457670,-0.242500,0.845214,13.631980,-0.199200,0.477515,13.420940,-0.214100,0.149394,13.515130,-0.195600,0.039265,13.464480,-0.432150,0.852055,13.477090,-0.430680,0.446115,13.385390,-0.413770,0.072374,13.513260,-0.433720,0.005914
1755.000000,13.453680,-0.340090,0.960604,13.464570,-0.242290,0.845355,13.642030,-0.199080,0.479255,13.441490,-0.213220,0.144415,13.539530,-0.193880,0.038085,13.470980,-0.431970,0.851805,13.478720,-0.430750,0.446025,13.385520,-0.413630,0.072674,13.513200,-0.433710,0.005795
1756.000000,13.460490,-0.340070,0.960504,13.471460,-0.242080,0.845384,13.651880,-0.198980,0.480825,13.462280,-0.212310,0.139494,13.564040,-0.192140,0.037115,13.477460,-0.431780,0.851475,13.480390,-0.430800,0.445905,13.385650,-0.413490,0.072974,13.513130,-0.433700,0.005654
1757.000000,13.467300,-0.340010,0.960305,13.478360,-0.241850,0.845305,13.661530,-0.198900,0.482215,13.483290,-0.211370,0.134664,13.588630,-0.190370,0.036374,13.483950,-0.431580,0.851085,13.482110,-0.430840,0.445765,13.385800,-0.413370,0.073274,13.513060,-0.433680,0.005524
1758.000000,13.474120,-0.339920,0.960025,13.485260,-0.241610,0.845125,13.670970,-0.198840,0.483405,13.504510,-0.210410,0.129955,13.613280,-0.188600,0.035884,13.490450,-0.431360,0.850625,13.483880,-0.430880,0.445605,13.385960,-0.413260,0.073564,13.512990,-0.433670,0.005384
1759.000000,13.480950,-0.339800,0.959654,13.492160,-0.241360,0.844855,13.680200,-0.198800,0.484395,13.525910,-0.209420,0.125384,13.637990,-0.186840,0.035665,13.496950,-0.431120,0.850114,13.485700,-0.430900,0.445415,13.386130,-0.413170,0.073854,13.512910,-0.433650,0.005245
1760.000000,13.487790,-0.339640,0.959205,13.499060,-0.241100,0.844475,13.689220,-0.198770,0.485185,13.547460,-0.208390,0.120995,13.662730,-0.185090,0.035764,13.503470,-0.430870,0.849565,13.487570,-0.430930,0.445215,13.386310,-0.413090,0.074144,13.512830,-0.433650,0.005104
1761.000000,13.494640,-0.339440,0.958665,13.505940,-0.240810,0.844015,13.698040,-0.198760,0.485755,13.569120,-0.207300,0.116794,13.687470,-0.183370,0.036194,13.509990,-0.430600,0.848955,13.489480,-0.430940,0.445005,13.386480,-0.413020,0.074444,13.512740,-0.433640,0.004974
1762.000000,13.501500,-0.339200,0.958055,13.512810,-0.240510,0.843454,13.706650,-0.198770,0.486115,13.590850,-0.206140,0.112824,13.712200,-0.181710,0.036994,13.516520,-0.430310,0.848284,13.491450,-0.430940,0.444775,13.386640,-0.412950,0.074754,13.512650,-0.433650,0.004844
1763.000000,13.508370,-0.338930,0.957375,13.519670,-0.240180,0.842805,13.715040,-0.198800,0.486255,13.612620,-0.204900,0.109094,13.736870,-0.180100,0.038185,13.523050,-0.429980,0.847575,13.493470,-0.430940,0.444545,13.386800,-0.412870,0.075084,13.512560,-0.433670,0.004724
1764.000000,13.515250,-0.338630,0.956604,13.526510,-0.239820,0.842075,13.723220,-0.198840,0.486175,13.634400,-0.203580,0.105624,13.761450,-0.178560,0.039785,13.529590,-0.429630,0.846795,13.495540,-0.430920,0.444305,13.386950,-0.412780,0.075434,13.512460,-0.433690,0.004614
1765.000000,13.522140,-0.338290,0.955774,13.533340,-0.239430,0.841264,13.731170,-0.198910,0.485875,13.656150,-0.202190,0.102454,13.785900,-0.177100,0.041825,13.536150,-0.429240,0.845965,13.497680,-0.430890,0.444055,13.387100,-0.412680,0.075804,13.512370,-0.433720,0.004504
1766.000000,13.529060,-0.337920,0.954875,13.540170,-0.239010,0.840384,13.738890,-0.198990,0.485345,13.677860,-0.200720,0.099584,13.810160,-0.175720,0.044314,13.542740,-0.428830,0.845075,13.499880,-0.430850,0.443795,13.387250,-0.412580,0.076194,13.512280,-0.433760,0.004404
1767.000000,13.536010,-0.337520,0.953905,13.547030,-0.238570,0.839425,13.746390,-0.199080,0.484595,13.699490,-0.199200,0.097064,13.834170,-0.174430,0.047245,13.549370,-0.428390,0.844125,13.502170,-0.430800,0.443525,13.387400,-0.412460,0.076614,13.512190,-0.433800,0.004294
1768.000000,13.542990,-0.337100,0.952865,13.553930,-0.238110,0.838384,13.753690,-0.199200,0.483615,13.721000,-0.197640,0.094884,13.857880,-0.173240,0.050614,13.556060,-0.427940,0.843114,13.504550,-0.430730,0.443245,13.387570,-0.412340,0.077054,13.512110,-0.433840,0.004174
1769.000000,13.550010,-0.336660,0.951755,13.560900,-0.237650,0.837275,13.760780,-0.199320,0.482435,13.742350,-0.196060,0.093094,13.881220,-0.172160,0.054405,13.562830,-0.427480,0.842035,13.507050,-0.430640,0.442945,13.387750,-0.412210,0.077515,13.512040,-0.433890,0.004054
1770.000000,13.557080,-0.336200,0.950595,13.567940,-0.237190,0.836095,13.767690,-0.199460,0.481054,13.763480,-0.194490,0.091684,13.904110,-0.171190,0.058574,13.569690,-0.427010,0.840885,13.509680,-0.430540,0.442615,13.387950,-0.412080,0.077994,13.511970,-0.433930,0.003925
1771.000000,13.564210,-0.335720,0.949375,13.575070,-0.236720,0.834844,13.774450,-0.199590,0.479505,13.784310,-0.192960,0.090664,13.926480,-0.170340,0.063084,13.576630,-0.426550,0.839674,13.512460,-0.430430,0.442265,13.388170,-0.411950,0.078494,13.511900,-0.433970,0.003784
1772.000000,13.571380,-0.335220,0.948095,13.582290,-0.236250,0.833545,13.781090,-0.199710,0.477815,13.804780,-0.191510,0.090024,13.948250,-0.169620,0.067874,13.583670,-0.426080,0.838404,13.515400,-0.430300,0.441885,13.388420,-0.411810,0.079014,13.511850,-0.434010,0.003644
1773.000000,13.578610,-0.334710,0.946765,13.589600,-0.235770,0.832184,13.787650,-0.199800,0.475995,13.824800,-0.190180,0.089754,13.969350,-0.169050,0.072864,13.590790,-0.425600,0.837075,13.518530,-0.430150,0.441455,13.388700,-0.411670,0.079564,13.511800,-0.434050,0.003494
1774.000000,13.585890,-0.334190,0.945385,13.597000,-0.235290,0.830774,13.794150,-0.199860,0.474095,13.844270,-0.189000,0.089804,13.989700,-0.168630,0.077974,13.597990,-0.425120,0.835695,13.521850,-0.429990,0.440995,13.389000,-0.411540,0.080134,13.511750,-0.434100,0.003344
1775.000000,13.593220,-0.333640,0.943955,13.604490,-0.234800,0.829325,13.800650,-0.199860,0.472135,13.863100,-0.188000,0.090134,14.009240,-0.168380,0.083094,13.605260,-0.424630,0.834275,13.525390,-0.429810,0.440485,13.389340,-0.411410,0.080744,13.511710,-0.434140,0.003184
1776.000000,13.600610,-0.333090,0.942485,13.612060,-0.234290,0.827835,13.807190,-0.199810,0.470145,13.881210,-0.187220,0.090684,14.027900,-0.168300,0.088134,13.612580,-0.424120,0.832794,13.529150,-0.429610,0.439924,13.389720,-0.411280,0.081384,13.511660,-0.434190,0.003014
1777.000000,13.608040,-0.332510,0.940975,13.619710,-0.233770,0.826315,13.813810,-0.199710,0.468165,13.898510,-0.186670,0.091364,14.045610,-0.168410,0.092964,13.619950,-0.423600,0.831284,13.533140,-0.429380,0.439314,13.390150,-0.411180,0.082074,13.511620,-0.434240,0.002854
1778.000000,13.615510,-0.331920,0.939435,13.627440,-0.233230,0.824755,13.820560,-0.199550,0.466215,13.914920,-0.186380,0.092104,14.062340,-0.168700,0.097474,13.627350,-0.423060,0.829735,13.537370,-0.429130,0.438645,13.390630,-0.411100,0.082814,13.511580,-0.434290,0.002684
1779.000000,13.623040,-0.331310,0.937844,13.635240,-0.232670,0.823164,13.827480,-0.199370,0.464315,13.930390,-0.186360,0.092814,14.078030,-0.169170,0.101534,13.634770,-0.422500,0.828145,13.541840,-0.428850,0.437935,13.391160,-0.411050,0.083604,13.511530,-0.434360,0.002514
1780.000000,13.630600,-0.330680,0.936245,13.643110,-0.232080,0.821565,13.834610,-0.199160,0.462505,13.944860,-0.186600,0.093414,14.092640,-0.169830,0.105054,13.642200,-0.421910,0.826524,13.546550,-0.428540,0.437175,13.391750,-0.411040,0.084454,13.511490,-0.434430,0.002344
1781.000000,13.638210,-0.330020,0.934605,13.651050,-0.231460,0.819945,13.841980,-0.198970,0.460794,13.958280,-0.187100,0.093814,14.106170,-0.170660,0.107904,13.649650,-0.421290,0.824885,13.551500,-0.428200,0.436365,13.392410,-0.411070,0.085374,13.511450,-0.434510,0.002174
1782.000000,13.645870,-0.329330,0.932964,13.659050,-0.230810,0.818315,13.849600,-0.198800,0.459205,13.970630,-0.187850,0.093944,14.118590,-0.171660,0.109994,13.657130,-0.420630,0.823234,13.556700,-0.427830,0.435505,13.393130,-0.411160,0.086354,13.511420,-0.434610,0.001994
1783.000000,13.653580,-0.328600,0.931315,13.667120,-0.230110,0.816694,13.857500,-0.198690,0.457744,13.981920,-0.188820,0.093764,14.129910,-0.172810,0.111254,13.664650,-0.419930,0.821574,13.562140,-0.427430,0.434594,13.393920,-0.411290,0.087414,13.511410,-0.434710,0.001804
1784.000000,13.661350,-0.327830,0.929665,13.675250,-0.229360,0.815084,13.865670,-0.198650,0.456425,13.992160,-0.189970,0.093204,14.140160,-0.174120,0.111614,13.672210,-0.419170,0.819925,13.567830,-0.427030,0.433635,13.394790,-0.411480,0.088554,13.511410,-0.434830,0.001614
1785.000000,13.669180,-0.327010,0.928025,13.683440,-0.228550,0.813495,13.874100,-0.198690,0.455244,14.001370,-0.191270,0.092274,14.149360,-0.175560,0.111054,13.679850,-0.418350,0.818275,13.573780,-0.426610,0.432615,13.395750,-0.411720,0.089804,13.511440,-0.434950,0.001404
1786.000000,13.677070,-0.326150,0.926405,13.691680,-0.227680,0.811945,13.882780,-0.198830,0.454215,14.009600,-0.192650,0.090954,14.157580,-0.177130,0.109554,13.687560,-0.417470,0.816644,13.580000,-0.426190,0.431535,13.396810,-0.412020,0.091144,13.511500,-0.435080,0.001174
1787.000000,13.685030,-0.325230,0.924814,13.699990,-0.226740,0.810435,13.891670,-0.199060,0.453325,14.016930,-0.194090,0.089284,14.164880,-0.178810,0.107154,13.695350,-0.416520,0.815025,13.586490,-0.425780,0.430405,13.397980,-0.412370,0.092614,13.511570,-0.435210,0.000924
1788.000000,13.693050,-0.324280,0.923274,13.708340,-0.225730,0.808995,13.900760,-0.199380,0.452575,14.023430,-0.195540,0.087314,14.171340,-0.180570,0.103914,13.703240,-0.415510,0.813445,13.593280,-0.425370,0.429205,13.399290,-0.412770,0.094214,13.511670,-0.435340,0.000664
1789.000000,13.701140,-0.323270,0.921775,13.716740,-0.224660,0.807624,13.909980,-0.199770,0.451955,14.029220,-0.196970,0.085124,14.177060,-0.182390,0.099924,13.711220,-0.414420,0.811895,13.600370,-0.424970,0.427955,13.400760,-0.413200,0.095974,13.511770,-0.435460,0.000394
1790.000000,13.709280,-0.322240,0.920335,13.725180,-0.223520,0.806324,13.919310,-0.200200,0.451455,14.034400,-0.198330,0.082774,14.182130,-0.184230,0.095314,13.719290,-0.413290,0.810404,13.607790,-0.424590,0.426635,13.402430,-0.413680,0.097884,13.511890,-0.435570,0.000104
1791.000000,13.717480,-0.321170,0.918975,13.733630,-0.222340,0.805125,13.928700,-0.200660,0.451055,14.039100,-0.199570,0.080374,14.186650,-0.186050,0.090214,13.727440,-0.412100,0.808964,13.615560,-0.424220,0.425265,13.404340,-0.414170,0.099974,13.512010,-0.435670,-0.000186
1792.000000,13.725720,-0.320090,0.917694,13.742100,-0.221120,0.804025,13.938100,-0.201120,0.450755,14.043440,-0.200670,0.077994,14.190700,-0.187820,0.084774,13.735680,-0.410870,0.807594,13.623710,-0.423860,0.423835,13.406540,-0.414670,0.102244,13.512130,-0.435750,-0.000456
1793.000000,13.734000,-0.319000,0.916505,13.750560,-0.219860,0.803034,13.947500,-0.201530,0.450535,14.047510,-0.201590,0.075704,14.194380,-0.189480,0.079104,13.743980,-0.409620,0.806304,13.632250,-0.423520,0.422355,13.409080,-0.415160,0.104704,13.512250,-0.435800,-0.000706
1794.000000,13.742300,-0.317910,0.915415,13.759010,-0.218590,0.802154,13.956870,-0.201880,0.450405,14.051390,-0.202290,0.073564,14.197730,-0.190990,0.073334,13.752330,-0.408350,0.805105,13.641220,-0.423210,0.420815,13.412030,-0.415620,0.107354,13.512370,-0.435820,-0.000896
1795.000000,13.750610,-0.316830,0.914435,13.767440,-0.217320,0.801385,13.966190,-0.202140,0.450345,14.055120,-0.202760,0.071614,14.200800,-0.192320,0.067564,13.760730,-0.407080,0.804015,13.650630,-0.422910,0.419235,13.415420,-0.416040,0.110194,13.512500,-0.435810,-0.001016
1796.000000,13.758930,-0.315770,0.913555,13.775850,-0.216040,0.800744,13.975470,-0.202280,0.450355,14.058690,-0.203000,0.069844,14.203600,-0.193440,0.061885,13.769170,-0.405810,0.803015,13.660500,-0.422650,0.417614,13.419290,-0.416420,0.113234,13.512660,-0.435770,-0.001016
1797.000000,13.767230,-0.314720,0.912795,13.784230,-0.214780,0.800235,13.984720,-0.202310,0.450435,14.062090,-0.203030,0.068274,14.206160,-0.194340,0.056375,13.777630,-0.404560,0.802125,13.670860,-0.422410,0.415944,13.423690,-0.416740,0.116454,13.512850,-0.435700,-0.000876
1798.000000,13.775520,-0.313700,0.912135,13.792590,-0.213540,0.799835,13.993920,-0.202200,0.450575,14.065280,-0.202880,0.066904,14.208480,-0.195010,0.051104,13.786110,-0.403320,0.801324,13.681710,-0.422210,0.414235,13.428640,-0.417010,0.119874,13.513120,-0.435590,-0.000546
1799.000000,13.783790,-0.312700,0.911585,13.800940,-0.212300,0.799555,14.003100,-0.201950,0.450775,14.068240,-0.202560,0.065694,14.210570,-0.195480,0.046124,13.794610,-0.402090,0.800625,13.693050,-0.422040,0.412485,13.434140,-0.417220,0.123484,13.513500,-0.435450,0.000004
1800.000000,13.792020,-0.311710,0.911145,13.809270,-0.211080,0.799385,14.012230,-0.201570,0.450995,14.070960,-0.202140,0.064654,14.212430,-0.195750,0.041465,13.803110,-0.400880,0.800015,13.704880,-0.421890,0.410705,13.440200,-0.417380,0.127265,13.514030,-0.435280,0.000824
1801.000000,13.800220,-0.310740,0.910784,13.817590,-0.209870,0.799315,14.021300,-0.201050,0.451235,14.073430,-0.201640,0.063764,14.214080,-0.195870,0.037165,13.811610,-0.399670,0.799474,13.717180,-0.421770,0.408894,13.446830,-0.417480,0.131235,13.514780,-0.435110,0.001934
1802.000000,13.808380,-0.309770,0.910515,13.825900,-0.208660,0.799354,14.030280,-0.200420,0.451465,14.075670,-0.201100,0.062994,14.215520,-0.195860,0.033224,13.820100,-0.398470,0.799005,13.729920,-0.421640,0.407064,13.454010,-0.417510,0.135354,13.515810,-0.434940,0.003384
1803.000000,13.816490,-0.308810,0.910324,13.834200,-0.207450,0.799465,14.039110,-0.199680,0.451645,14.077680,-0.200570,0.062334,14.216780,-0.195770,0.029665,13.828570,-0.397260,0.798615,13.743060,-0.421500,0.405215,13.461720,-0.417470,0.139624,13.517190,-0.434780,0.005174
1804.000000,13.824550,-0.307840,0.910215,13.842480,-0.206240,0.799665,14.047760,-0.198860,0.451765,14.079500,-0.200100,0.061775,14.217850,-0.195630,0.026485,13.837010,-0.396050,0.798285,13.756570,-0.421330,0.403375,13.469930,-0.417370,0.144024,13.519000,-0.434640,0.007324
1805.000000,13.832570,-0.306870,0.910165,13.850740,-0.205030,0.799925,14.056150,-0.197990,0.451804,14.081110,-0.199690,0.061284,14.218750,-0.195470,0.023685,13.845410,-0.394840,0.798034,13.770410,-0.421120,0.401555,13.478630,-0.417190,0.148544,13.521310,-0.434530,0.009844
1806.000000,13.840530,-0.305890,0.910185,13.858960,-0.203810,0.800245,14.064250,-0.197090,0.451744,14.082540,-0.199390,0.060854,14.219490,-0.195310,0.021254,13.853740,-0.393620,0.797855,13.784510,-0.420840,0.399785,13.487780,-0.416950,0.153144,13.524200,-0.434460,0.012724
1807.000000,13.848430,-0.304900,0.910265,13.867150,-0.202600,0.800625,14.072010,-0.196200,0.451595,14.083780,-0.199200,0.060485,14.220090,-0.195160,0.019175,13.861990,-0.392400,0.797755,13.798820,-0.420500,0.398105,13.497370,-0.416630,0.157825,13.527750,-0.434420,0.015945
1808.000000,13.856280,-0.303890,0.910415,13.875280,-0.201390,0.801065,14.079410,-0.195340,0.451345,14.084840,-0.199120,0.060144,14.220550,-0.195040,0.017424,13.870160,-0.391190,0.797755,13.813280,-0.420080,0.396555,13.507350,-0.416250,0.162544,13.532050,-0.434410,0.019505
1809.000000,13.864060,-0.302880,0.910644,13.883360,-0.200210,0.801544,14.086420,-0.194550,0.451024,14.085740,-0.199160,0.059864,14.220880,-0.194950,0.015964,13.878220,-0.390000,0.797845,13.827840,-0.419600,0.395184,13.517720,-0.415810,0.167274,13.537160,-0.434450,0.023345
1810.000000,13.871780,-0.301860,0.910945,13.891380,-0.199050,0.802084,14.093040,-0.193840,0.450634,14.086470,-0.199300,0.059625,14.221120,-0.194890,0.014755,13.886160,-0.388830,0.798045,13.842440,-0.419040,0.394045,13.528460,-0.415310,0.171984,13.543180,-0.434520,0.027424
1811.000000,13.879440,-0.300840,0.911324,13.899320,-0.197930,0.802675,14.099270,-0.193230,0.450194,14.087080,-0.199520,0.059434,14.221270,-0.194870,0.013754,13.893970,-0.387700,0.798354,13.857030,-0.418440,0.393185,13.539560,-0.414760,0.176624,13.550170,-0.434630,0.031675
1812.000000,13.887020,-0.299830,0.911784,13.907200,-0.196860,0.803335,14.105120,-0.192730,0.449735,14.087560,-0.199790,0.059295,14.221350,-0.194870,0.012935,13.901650,-0.386620,0.798795,13.871560,-0.417800,0.392634,13.551000,-0.414160,0.181165,13.558170,-0.434780,0.036005
1813.000000,13.894550,-0.298830,0.912345,13.915000,-0.195840,0.804055,14.110610,-0.192320,0.449255,14.087940,-0.200110,0.059184,14.221370,-0.194900,0.012255,13.909200,-0.385590,0.799345,13.886010,-0.417140,0.392445,13.562780,-0.413520,0.185554,13.567190,-0.434960,0.040324
1814.000000,13.902010,-0.297860,0.913015,13.922730,-0.194900,0.804845,14.115740,-0.192010,0.448775,14.088240,-0.200440,0.059104,14.221340,-0.194950,0.011685,13.916630,-0.384630,0.800025,13.900360,-0.416470,0.392615,13.574910,-0.412850,0.189724,13.577220,-0.435140,0.044534
1815.000000,13.909420,-0.296910,0.913784,13.930400,-0.194020,0.805705,14.120550,-0.191790,0.448304,14.088470,-0.200780,0.059064,14.221280,-0.195020,0.011214,13.923960,-0.383740,0.800835,13.914590,-0.415820,0.393165,13.587390,-0.412160,0.193644,13.588220,-0.435300,0.048555
1816.000000,13.916780,-0.296000,0.914664,13.938010,-0.193220,0.806655,14.125060,-0.191630,0.447835,14.088640,-0.201130,0.059055,14.221200,-0.195100,0.010815,13.931200,-0.382930,0.801785,13.928700,-0.415190,0.394074,13.600240,-0.411440,0.197235,13.600130,-0.435430,0.052304
1817.000000,13.924090,-0.295130,0.915675,13.945570,-0.192510,0.807675,14.129290,-0.191540,0.447385,14.088770,-0.201470,0.059064,14.221100,-0.195190,0.010475,13.938380,-0.382200,0.802885,13.942700,-0.414610,0.395335,13.613460,-0.410720,0.200454,13.612880,-0.435490,0.055715
1818.000000,13.931370,-0.294290,0.916795,13.953090,-0.191870,0.808785,14.133280,-0.191500,0.446965,14.088870,-0.201790,0.059104,14.220990,-0.195280,0.010174,13.945510,-0.381560,0.804115,13.956600,-0.414090,0.396904,13.627060,-0.410010,0.203274,13.626400,-0.435480,0.058744
1819.000000,13.938610,-0.293500,0.918034,13.960560,-0.191320,0.809975,14.137030,-0.191500,0.446555,14.088950,-0.202090,0.059165,14.220880,-0.195370,0.009924,13.952600,-0.380990,0.805474,13.970410,-0.413620,0.398755,13.641030,-0.409290,0.205665,13.640610,-0.435360,0.061354
1820.000000,13.945830,-0.292760,0.919385,13.967990,-0.190840,0.811245,14.140570,-0.191520,0.446175,14.089020,-0.202350,0.059244,14.220760,-0.195450,0.009694,13.959670,-0.380500,0.806964,13.984140,-0.413200,0.400865,13.655340,-0.408590,0.207614,13.655470,-0.435120,0.063534
1821.000000,13.953020,-0.292060,0.920845,13.975370,-0.190420,0.812605,14.143900,-0.191540,0.445825,14.089080,-0.202580,0.059335,14.220650,-0.195530,0.009494,13.966700,-0.380080,0.808565,13.997800,-0.412830,0.403175,13.669970,-0.407890,0.209135,13.670920,-0.434760,0.065274
1822.000000,13.960190,-0.291410,0.922415,13.982710,-0.190070,0.814034,14.147030,-0.191560,0.445505,14.089130,-0.202760,0.059455,14.220530,-0.195590,0.009314,13.973720,-0.379720,0.810275,14.011390,-0.412480,0.405655,13.684880,-0.407190,0.210224,13.686920,-0.434280,0.066584
1823.000000,13.967340,-0.290790,0.924065,13.989990,-0.189760,0.815535,14.149960,-0.191560,0.445205,14.089170,-0.202890,0.059585,14.220400,-0.195650,0.009154,13.980700,-0.379400,0.812075,14.024930,-0.412150,0.408275,13.700060,-0.406500,0.210904,13.703440,-0.433670,0.067464
1824.000000,13.974470,-0.290220,0.925805,13.997220,-0.189490,0.817105,14.152690,-0.191540,0.444945,14.089210,-0.202980,0.059725,14.220280,-0.195700,0.009004,13.987660,-0.379120,0.813955,14.038410,-0.411840,0.411015,13.715460,-0.405800,0.211204,13.720450,-0.432930,0.067944
1825.000000,13.981570,-0.289680,0.927615,14.004380,-0.189240,0.818735,14.155240,-0.191480,0.444705,14.089230,-0.203020,0.059885,14.220150,-0.195740,0.008875,13.994590,-0.378860,0.815894,14.051830,-0.411520,0.413845,13.731080,-0.405090,0.211124,13.737930,-0.432080,0.068044
1826.000000,13.988670,-0.289170,0.929485,14.011490,-0.189000,0.820395,14.157590,-0.191380,0.444485,14.089230,-0.203040,0.060064,14.220020,-0.195770,0.008744,14.001500,-0.378620,0.817905,14.065180,-0.411210,0.416745,13.746880,-0.404370,0.210695,13.755840,-0.431130,0.067784
1827.000000,13.995750,-0.288700,0.931395,14.018540,-0.188790,0.822095,14.159770,-0.191250,0.444305,14.089230,-0.203020,0.060265,14.219890,-0.195790,0.008625,14.008390,-0.378400,0.819964,14.078470,-0.410910,0.419705,13.762860,-0.403640,0.209924,13.774170,-0.430090,0.067194
1828.000000,14.002820,-0.288250,0.933345,14.025540,-0.188600,0.823805,14.161790,-0.191100,0.444144,14.089210,-0.202980,0.060485,14.219750,-0.195810,0.008525,14.015270,-0.378210,0.822064,14.091680,-0.410620,0.422725,13.779000,-0.402900,0.208835,13.792910,-0.428980,0.066294
1829.000000,14.009880,-0.287840,0.935315,14.032480,-0.188430,0.825535,14.163640,-0.190910,0.444015,14.089180,-0.202920,0.060714,14.219600,-0.195820,0.008414,14.022140,-0.378040,0.824205,14.104820,-0.410330,0.425765,13.795320,-0.402150,0.207434,13.812030,-0.427810,0.065134
1830.000000,14.016940,-0.287450,0.937295,14.039380,-0.188280,0.827245,14.165350,-0.190700,0.443905,14.089140,-0.202840,0.060964,14.219450,-0.195820,0.008314,14.029020,-0.377900,0.826365,14.117880,-0.410070,0.428845,13.811800,-0.401410,0.205725,13.831510,-0.426620,0.063724
1831.000000,14.023990,-0.287090,0.939275,14.046230,-0.188170,0.828955,14.166920,-0.190470,0.443825,14.089100,-0.202760,0.061224,14.219300,-0.195820,0.008224,14.035900,-0.377780,0.828554,14.130820,-0.409810,0.431945,13.828450,-0.400670,0.203734,13.851340,-0.425400,0.062104
1832.000000,14.031040,-0.286750,0.941234,14.053040,-0.188070,0.830635,14.168380,-0.190240,0.443775,14.089060,-0.202680,0.061504,14.219150,-0.195820,0.008134,14.042790,-0.377690,0.830724,14.143650,-0.409580,0.435055,13.845270,-0.399960,0.201475,13.871520,-0.424200,0.060305
1833.000000,14.038080,-0.286440,0.943165,14.059820,-0.187990,0.832284,14.169730,-0.189990,0.443745,14.089020,-0.202610,0.061794,14.218990,-0.195820,0.008044,14.049690,-0.377610,0.832875,14.156320,-0.409350,0.438175,13.862250,-0.399270,0.198964,13.892020,-0.423020,0.058345
1834.000000,14.045100,-0.286140,0.945045,14.066560,-0.187930,0.833905,14.170980,-0.189740,0.443735,14.089000,-0.202570,0.062104,14.218840,-0.195820,0.007954,14.056600,-0.377560,0.834985,14.168820,-0.409130,0.441285,13.879390,-0.398610,0.196224,13.912830,-0.421880,0.056265
1835.000000,14.052110,-0.285860,0.946864,14.073270,-0.187870,0.835475,14.172160,-0.189490,0.443745,14.088980,-0.202560,0.062415,14.218690,-0.195820,0.007874,14.063510,-0.377510,0.837025,14.181160,-0.408920,0.444385,13.896710,-0.397980,0.193274,13.933950,-0.420810,0.054094
1836.000000,14.059110,-0.285600,0.948615,14.079950,-0.187830,0.836985,14.173280,-0.189240,0.443785,14.088980,-0.202580,0.062754,14.218550,-0.195820,0.007804,14.070440,-0.377480,0.838985,14.193310,-0.408720,0.447445,13.914190,-0.397380,0.190134,13.955370,-0.419820,0.051845
1837.000000,14.066090,-0.285350,0.950275,14.086590,-0.187800,0.838425,14.174350,-0.188990,0.443835,14.088980,-0.202630,0.063094,14.218410,-0.195820,0.007724,14.077380,-0.377450,0.840865,14.205280,-0.408540,0.450474,13.931850,-0.396810,0.186814,13.977070,-0.418920,0.049555
1838.000000,14.073040,-0.285110,0.951844,14.093210,-0.187770,0.839785,14.175380,-0.188730,0.443905,14.088980,-0.202700,0.063434,14.218280,-0.195820,0.007664,14.084320,-0.377430,0.842635,14.217060,-0.408380,0.453445,13.949690,-0.396280,0.183334,13.999040,-0.418120,0.047245
1839.000000,14.079980,-0.284890,0.953315,14.099800,-0.187740,0.841064,14.176390,-0.188470,0.443985,14.088970,-0.202780,0.063784,14.218150,-0.195820,0.007594,14.091280,-0.377420,0.844295,14.228670,-0.408220,0.456345,13.967720,-0.395790,0.179704,14.021250,-0.417440,0.044935
1840.000000,14.086890,-0.284680,0.954674,14.106360,-0.187720,0.842234,14.177380,-0.188210,0.444075,14.088960,-0.202870,0.064124,14.218030,-0.195810,0.007534,14.098260,-0.377410,0.845835,14.240080,-0.408080,0.459184,13.985950,-0.395330,0.175934,14.043700,-0.416880,0.042654
1841.000000,14.093770,-0.284480,0.955905,14.112880,-0.187710,0.843305,14.178380,-0.187940,0.444155,14.088940,-0.202950,0.064454,14.217920,-0.195800,0.007474,14.105240,-0.377410,0.847245,14.251320,-0.407950,0.461925,14.004380,-0.394920,0.172044,14.066370,-0.416440,0.040414
1842.000000,14.100630,-0.284290,0.957025,14.119380,-0.187690,0.844264,14.179400,-0.187670,0.444235,14.088910,-0.203030,0.064774,14.217800,-0.195780,0.007424,14.112230,-0.377400,0.848515,14.262370,-0.407830,0.464575,14.023020,-0.394550,0.168044,14.089230,-0.416130,0.038234
1843.000000,14.107460,-0.284110,0.958005,14.125830,-0.187680,0.845094,14.180440,-0.187400,0.444285,14.088860,-0.203120,0.065094,14.217680,-0.195750,0.007364,14.119220,-0.377400,0.849645,14.273250,-0.407710,0.467115,14.041860,-0.394240,0.163955,14.112280,-0.415940,0.036145
1844.000000,14.114270,-0.283950,0.958855,14.132240,-0.187660,0.845795,14.181530,-0.187140,0.444315,14.088800,-0.203200,0.065404,14.217550,-0.195720,0.007294,14.126220,-0.377400,0.850645,14.283960,-0.407610,0.469535,14.060900,-0.393990,0.159795,14.135500,-0.415870,0.034145
1845.000000,14.121040,-0.283800,0.959565,14.138620,-0.187650,0.846365,14.182670,-0.186880,0.444305,14.088730,-0.203290,0.065704,14.217420,-0.195690,0.007224,14.133210,-0.377400,0.851484,14.294490,-0.407500,0.471815,14.080150,-0.393800,0.155564,14.158890,-0.415920,0.032254
1846.000000,14.127800,-0.283670,0.960145,14.144950,-0.187640,0.846805,14.183860,-0.186620,0.444265,14.088650,-0.203380,0.065984,14.217280,-0.195660,0.007144,14.140200,-0.377400,0.852194,14.304830,-0.407400,0.473935,14.099600,-0.393690,0.151294,14.182430,-0.416090,0.030504
1847.000000,14.134520,-0.283550,0.960585,14.151230,-0.187640,0.847105,14.185100,-0.186380,0.444175,14.088550,-0.203480,0.066264,14.217130,-0.195630,0.007064,14.147180,-0.377410,0.852745,14.314990,-0.407310,0.475885,14.119250,-0.393660,0.146995,14.206120,-0.416380,0.028904
1848.000000,14.141230,-0.283450,0.960885,14.157480,-0.187640,0.847275,14.186390,-0.186140,0.444055,14.088460,-0.203590,0.066534,14.216980,-0.195600,0.006974,14.154160,-0.377410,0.853155,14.324960,-0.407220,0.477645,14.139100,-0.393710,0.142684,14.229940,-0.416770,0.027485
1849.000000,14.147920,-0.283370,0.961044,14.163700,-0.187640,0.847325,14.187740,-0.185920,0.443895,14.088360,-0.203710,0.066784,14.216830,-0.195570,0.006874,14.161120,-0.377420,0.853415,14.334750,-0.407130,0.479205,14.159150,-0.393860,0.138374,14.253890,-0.417260,0.026274
1850.000000,14.154600,-0.283310,0.961075,14.169880,-0.187660,0.847235,14.189140,-0.185700,0.443685,14.088280,-0.203840,0.067024,14.216680,-0.195550,0.006775,14.168070,-0.377440,0.853534,14.344370,-0.407030,0.480565,14.179400,-0.394090,0.134095,14.277950,-0.417860,0.025285
1851.000000,14.161270,-0.283280,0.960975,14.176050,-0.187680,0.847035,14.190590,-0.185500,0.443445,14.088200,-0.203980,0.067254,14.216540,-0.195540,0.006674,14.175010,-0.377460,0.853515,14.353810,-0.406940,0.481695,14.199840,-0.394410,0.129875,14.302120,-0.418540,0.024554
1852.000000,14.167930,-0.283260,0.960735,14.182190,-0.187720,0.846724,14.192090,-0.185310,0.443165,14.088140,-0.204130,0.067464,14.216410,-0.195530,0.006584,14.181940,-0.377500,0.853355,14.363070,-0.406830,0.482605,14.220450,-0.394840,0.125734,14.326380,-0.419310,0.024105
1853.000000,14.174590,-0.283280,0.960384,14.188330,-0.187760,0.846314,14.193630,-0.185130,0.442845,14.088100,-0.204280,0.067664,14.216270,-0.195520,0.006484,14.188870,-0.377540,0.853065,14.372170,-0.406700,0.483295,14.241230,-0.395350,0.121715,14.350710,-0.420150,0.023955
1854.000000,14.181260,-0.283320,0.959915,14.194470,-0.187820,0.845795,14.195220,-0.184950,0.442485,14.088080,-0.204440,0.067854,14.216140,-0.195520,0.006374,14.195790,-0.377590,0.852645,14.381100,-0.406560,0.483745,14.262150,-0.395960,0.117844,14.375090,-0.421030,0.024125
1855.000000,14.187920,-0.283390,0.959334,14.200610,-0.187890,0.845185,14.196860,-0.184780,0.442095,14.088070,-0.204600,0.068024,14.216010,-0.195530,0.006274,14.202720,-0.377650,0.852094,14.389860,-0.406390,0.483975,14.283180,-0.396660,0.114154,14.399500,-0.421950,0.024635
1856.000000,14.194590,-0.283490,0.958645,14.206780,-0.187980,0.844504,14.198540,-0.184610,0.441675,14.088090,-0.204770,0.068194,14.215880,-0.195530,0.006174,14.209650,-0.377730,0.851425,14.398470,-0.406190,0.483975,14.304290,-0.397450,0.110664,14.423900,-0.422890,0.025504
1857.000000,14.201280,-0.283620,0.957855,14.212970,-0.188090,0.843735,14.200270,-0.184440,0.441225,14.088130,-0.204940,0.068354,14.215750,-0.195540,0.006074,14.216600,-0.377820,0.850645,14.406910,-0.405950,0.483755,14.325450,-0.398320,0.107424,14.448260,-0.423820,0.026755
1858.000000,14.207970,-0.283790,0.956964,14.219190,-0.188200,0.842894,14.202060,-0.184250,0.440745,14.088190,-0.205110,0.068514,14.215620,-0.195550,0.005974,14.223560,-0.377930,0.849745,14.415180,-0.405680,0.483305,14.346620,-0.399260,0.104454,14.472550,-0.424740,0.028404
1859.000000,14.214690,-0.283990,0.955994,14.225450,-0.188340,0.841994,14.203890,-0.184060,0.440235,14.088270,-0.205280,0.068674,14.215500,-0.195550,0.005874,14.230550,-0.378050,0.848745,14.423300,-0.405370,0.482655,14.367780,-0.400290,0.101754,14.496710,-0.425640,0.030444
1860.000000,14.221420,-0.284230,0.954935,14.231760,-0.188490,0.841025,14.205790,-0.183860,0.439704,14.088350,-0.205450,0.068844,14.215370,-0.195540,0.005774,14.237570,-0.378180,0.847635,14.431260,-0.405030,0.481795,14.388880,-0.401380,0.099364,14.520720,-0.426500,0.032914
1861.000000,14.228180,-0.284500,0.953794,14.238130,-0.188660,0.840005,14.207750,-0.183660,0.439145,14.088450,-0.205620,0.069024,14.215250,-0.195520,0.005664,14.244620,-0.378330,0.846445,14.439070,-0.404660,0.480735,14.409900,-0.402540,0.097294,14.544510,-0.427320,0.035805
1862.000000,14.234970,-0.284810,0.952574,14.244550,-0.188840,0.838925,14.209770,-0.183460,0.438575,14.088550,-0.205780,0.069224,14.215140,-0.195500,0.005564,14.251710,-0.378500,0.845155,14.446730,-0.404270,0.479495,14.430800,-0.403750,0.095544,14.568030,-0.428100,0.039115
1863.000000,14.241790,-0.285150,0.951295,14.251030,-0.189050,0.837794,14.211860,-0.183270,0.438005,14.088650,-0.205940,0.069434,14.215020,-0.195460,0.005455,14.258850,-0.378690,0.843785,14.454250,-0.403860,0.478075,14.451540,-0.404990,0.094144,14.591240,-0.428820,0.042854
1864.000000,14.248650,-0.285520,0.949944,14.257570,-0.189270,0.836615,14.214020,-0.183090,0.437415,14.088760,-0.206080,0.069664,14.214910,-0.195430,0.005344,14.266030,-0.378890,0.842345,14.461650,-0.403460,0.476515,14.472080,-0.406250,0.093084,14.614070,-0.429480,0.046984
1865.000000,14.255550,-0.285920,0.948524,14.264180,-0.189520,0.835375,14.216260,-0.182930,0.436825,14.088860,-0.206230,0.069914,14.214810,-0.195380,0.005234,14.273260,-0.379120,0.840835,14.468950,-0.403080,0.474815,14.492360,-0.407500,0.092364,14.636450,-0.430070,0.051505
1866.000000,14.262490,-0.286360,0.947055,14.270840,-0.189790,0.834075,14.218600,-0.182790,0.436235,14.088960,-0.206360,0.070194,14.214700,-0.195340,0.005115,14.280530,-0.379370,0.839255,14.476150,-0.402730,0.472995,14.512340,-0.408720,0.091974,14.658320,-0.430600,0.056355
1867.000000,14.269480,-0.286810,0.945524,14.277570,-0.190090,0.832715,14.221050,-0.182680,0.435635,14.089060,-0.206480,0.070494,14.214600,-0.195290,0.004994,14.287860,-0.379650,0.837635,14.483290,-0.402440,0.471095,14.531950,-0.409870,0.091905,14.679620,-0.431040,0.061485
1868.000000,14.276520,-0.287290,0.943935,14.284360,-0.190410,0.831305,14.223630,-0.182600,0.435025,14.089170,-0.206600,0.070824,14.214510,-0.195240,0.004864,14.295230,-0.379940,0.835955,14.490370,-0.402210,0.469115,14.551140,-0.410920,0.092124,14.700280,-0.431410,0.066834
1869.000000,14.283620,-0.287780,0.942315,14.291210,-0.190750,0.829835,14.226350,-0.182550,0.434395,14.089290,-0.206710,0.071174,14.214430,-0.195190,0.004724,14.302650,-0.380250,0.834245,14.497440,-0.402050,0.467105,14.569860,-0.411830,0.092604,14.720230,-0.431690,0.072324
1870.000000,14.290770,-0.288290,0.940644,14.298120,-0.191110,0.828325,14.229230,-0.182540,0.433745,14.089450,-0.206800,0.071554,14.214350,-0.195140,0.004584,14.310130,-0.380580,0.832495,14.504510,-0.401980,0.465075,14.588030,-0.412590,0.093294,14.739410,-0.431890,0.077864
1871.000000,14.297990,-0.288800,0.938945,14.305100,-0.191480,0.826765,14.232290,-0.182560,0.433065,14.089650,-0.206890,0.071974,14.214290,-0.195080,0.004435,14.317670,-0.380920,0.830705,14.511610,-0.401980,0.463045,14.605600,-0.413150,0.094144,14.757760,-0.432010,0.083344
1872.000000,14.305270,-0.289320,0.937215,14.312140,-0.191860,0.825164,14.235560,-0.182620,0.432355,14.089910,-0.206960,0.072424,14.214240,-0.195030,0.004284,14.325260,-0.381270,0.828905,14.518780,-0.402060,0.461045,14.622500,-0.413500,0.095094,14.775220,-0.432060,0.088664
1873.000000,14.312630,-0.289850,0.935454,14.319240,-0.192250,0.823535,14.239040,-0.182710,0.431615,14.090220,-0.207030,0.072924,14.214200,-0.194970,0.004124,14.332920,-0.381620,0.827095,14.526040,-0.402190,0.459095,14.638660,-0.413610,0.096074,14.791740,-0.432020,0.093704
1874.000000,14.320050,-0.290370,0.933694,14.326400,-0.192660,0.821864,14.242750,-0.182830,0.430835,14.090590,-0.207080,0.073464,14.214180,-0.194920,0.003954,14.340650,-0.381990,0.825275,14.533410,-0.402360,0.457215,14.654010,-0.413480,0.097014,14.807290,-0.431920,0.098344
1875.000000,14.327540,-0.290900,0.931914,14.333630,-0.193090,0.820184,14.246700,-0.182980,0.430015,14.091030,-0.207130,0.074054,14.214170,-0.194870,0.003784,14.348450,-0.382380,0.823465,14.540930,-0.402530,0.455414,14.668520,-0.413120,0.097834,14.821820,-0.431750,0.102484
1876.000000,14.335110,-0.291430,0.930145,14.340920,-0.193530,0.818474,14.250900,-0.183150,0.429165,14.091530,-0.207150,0.074704,14.214180,-0.194830,0.003604,14.356330,-0.382780,0.821674,14.548620,-0.402680,0.453725,14.682130,-0.412520,0.098464,14.835330,-0.431500,0.105994
1877.000000,14.342750,-0.291960,0.928385,14.348280,-0.194010,0.816755,14.255350,-0.183350,0.428255,14.092100,-0.207170,0.075414,14.214200,-0.194790,0.003424,14.364280,-0.383200,0.819914,14.556500,-0.402790,0.452145,14.694820,-0.411710,0.098834,14.847790,-0.431170,0.108774
1878.000000,14.350460,-0.292500,0.926635,14.355710,-0.194510,0.815034,14.260050,-0.183580,0.427315,14.092720,-0.207160,0.076214,14.214230,-0.194760,0.003234,14.372310,-0.383650,0.818184,14.564570,-0.402830,0.450685,14.706580,-0.410710,0.098894,14.859230,-0.430750,0.110754
1879.000000,14.358240,-0.293040,0.924914,14.363220,-0.195050,0.813304,14.265010,-0.183830,0.426335,14.093410,-0.207130,0.077084,14.214270,-0.194740,0.003054,14.380420,-0.384140,0.816495,14.572840,-0.402780,0.449375,14.717390,-0.409530,0.098604,14.869650,-0.430230,0.111854
1880.000000,14.366090,-0.293590,0.923215,14.370810,-0.195630,0.811594,14.270210,-0.184110,0.425315,14.094160,-0.207080,0.078054,14.214320,-0.194730,0.002854,14.388610,-0.384660,0.814844,14.581310,-0.402640,0.448185,14.727260,-0.408210,0.097924,14.879090,-0.429590,0.112034
1881.000000,14.374010,-0.294150,0.921565,14.378490,-0.196240,0.809905,14.275670,-0.184420,0.424255,14.094990,-0.207000,0.079124,14.214360,-0.194720,0.002654,14.396870,-0.385220,0.813254,14.589970,-0.402400,0.447145,14.736210,-0.406760,0.096854,14.887600,-0.428810,0.111264
1882.000000,14.382010,-0.294730,0.919955,14.386260,-0.196910,0.808225,14.281370,-0.184740,0.423155,14.095890,-0.206900,0.080304,14.214410,-0.194720,0.002454,14.405210,-0.385820,0.811715,14.598800,-0.402070,0.446235,14.744290,-0.405210,0.095414,14.895260,-0.427900,0.109564
1883.000000,14.390080,-0.295310,0.918395,14.394120,-0.197620,0.806585,14.287330,-0.185090,0.422035,14.096890,-0.206760,0.081614,14.214450,-0.194720,0.002244,14.413630,-0.386480,0.810254,14.607750,-0.401650,0.445445,14.751560,-0.403570,0.093644,14.902120,-0.426850,0.106964
1884.000000,14.398230,-0.295910,0.916905,14.402090,-0.198380,0.804984,14.293540,-0.185460,0.420875,14.098000,-0.206600,0.083054,14.214490,-0.194730,0.002024,14.422110,-0.387180,0.808875,14.616810,-0.401170,0.444775,14.758110,-0.401870,0.091594,14.908300,-0.425660,0.103534
1885.000000,14.406460,-0.296530,0.915474,14.410160,-0.199180,0.803435,14.300020,-0.185840,0.419695,14.099230,-0.206410,0.084644,14.214530,-0.194750,0.001804,14.430650,-0.387920,0.807585,14.625930,-0.400650,0.444195,14.764020,-0.400160,0.089354,14.913860,-0.424330,0.099344
1886.000000,14.414760,-0.297160,0.914125,14.418330,-0.200010,0.801934,14.306770,-0.186220,0.418495,14.100620,-0.206190,0.086374,14.214570,-0.194770,0.001574,14.439240,-0.388700,0.806374,14.635060,-0.400120,0.443715,14.769390,-0.398470,0.086984,14.918920,-0.422910,0.094504
1887.000000,14.423120,-0.297800,0.912864,14.426590,-0.200870,0.800505,14.313810,-0.186610,0.417265,14.102200,-0.205940,0.088274,14.214610,-0.194790,0.001344,14.447860,-0.389510,0.805265,14.644180,-0.399620,0.443315,14.774330,-0.396850,0.084594,14.923540,-0.421410,0.089154
1888.000000,14.431560,-0.298450,0.911685,14.434930,-0.201740,0.799145,14.321150,-0.187000,0.416025,14.103990,-0.205660,0.090334,14.214640,-0.194820,0.001124,14.456490,-0.390340,0.804245,14.653250,-0.399160,0.443005,14.778940,-0.395360,0.082234,14.927790,-0.419890,0.083424
1889.000000,14.440040,-0.299110,0.910605,14.443350,-0.202620,0.797864,14.328810,-0.187380,0.414775,14.106020,-0.205340,0.092574,14.214660,-0.194840,0.000914,14.465130,-0.391180,0.803335,14.662260,-0.398790,0.442775,14.783290,-0.394040,0.079985,14.931730,-0.418400,0.077454
1890.000000,14.448570,-0.299760,0.909635,14.451820,-0.203480,0.796675,14.336820,-0.187740,0.413515,14.108340,-0.204990,0.094994,14.214680,-0.194860,0.000734,14.473750,-0.392020,0.802535,14.671200,-0.398510,0.442635,14.787440,-0.392950,0.077894,14.935370,-0.416980,0.071354
1891.000000,14.457140,-0.300410,0.908764,14.460350,-0.204340,0.795585,14.345180,-0.188080,0.412245,14.110970,-0.204610,0.097594,14.214700,-0.194880,0.000594,14.482350,-0.392850,0.801845,14.680060,-0.398350,0.442605,14.791410,-0.392100,0.075984,14.938720,-0.415680,0.065264
1892.000000,14.465720,-0.301050,0.908004,14.468900,-0.205180,0.794585,14.353930,-0.188390,0.410975,14.113950,-0.204200,0.100394,14.214710,-0.194890,0.000504,14.490900,-0.393680,0.801275,14.688870,-0.398320,0.442665,14.795180,-0.391530,0.074264,14.941780,-0.414560,0.059295
1893.000000,14.474310,-0.301670,0.907365,14.477490,-0.206000,0.793675,14.363090,-0.188670,0.409695,14.117320,-0.203760,0.103384,14.214730,-0.194910,0.000504,14.499400,-0.394490,0.800835,14.697630,-0.398420,0.442845,14.798730,-0.391210,0.072744,14.944560,-0.413630,0.053534
1894.000000,14.482890,-0.302280,0.906834,14.486080,-0.206800,0.792875,14.372660,-0.188900,0.408394,14.121100,-0.203300,0.106574,14.214780,-0.194920,0.000624,14.507830,-0.395290,0.800524,14.706370,-0.398650,0.443135,14.802010,-0.391130,0.071404,14.947040,-0.412920,0.048065
1895.000000,14.491440,-0.302870,0.906424,14.494680,-0.207590,0.792165,14.382680,-0.189090,0.407085,14.125320,-0.202820,0.109974,14.214870,-0.194940,0.000884,14.516200,-0.396090,0.800365,14.715110,-0.398980,0.443534,14.805000,-0.391260,0.070234,14.949230,-0.412430,0.042954
1896.000000,14.499970,-0.303450,0.906115,14.503280,-0.208390,0.791544,14.393140,-0.189240,0.405755,14.130010,-0.202330,0.113564,14.215050,-0.194960,0.001314,14.524500,-0.396890,0.800365,14.723860,-0.399410,0.444025,14.807670,-0.391540,0.069214,14.951150,-0.412150,0.038234
1897.000000,14.508450,-0.304010,0.905915,14.511860,-0.209190,0.791015,14.404070,-0.189330,0.404395,14.135190,-0.201830,0.117364,14.215340,-0.194990,0.001974,14.532720,-0.397700,0.800505,14.732610,-0.399910,0.444595,14.810010,-0.391940,0.068334,14.952790,-0.412060,0.033954
1898.000000,14.516880,-0.304570,0.905814,14.520450,-0.210010,0.790565,14.415440,-0.189380,0.403014,14.140860,-0.201330,0.121355,14.215800,-0.195020,0.002884,14.540870,-0.398520,0.800795,14.741350,-0.400460,0.445215,14.812040,-0.392390,0.067584,14.954180,-0.412100,0.030104
1899.000000,14.525250,-0.305120,0.905814,14.529030,-0.210860,0.790204,14.427280,-0.189370,0.401595,14.147040,-0.200820,0.125545,14.216480,-0.195040,0.004074,14.548970,-0.399390,0.801215,14.750050,-0.401020,0.445864,14.813780,-0.392850,0.066934,14.955340,-0.412250,0.026715
1900.000000,14.533550,-0.305680,0.905895,14.537620,-0.211760,0.789905,14.439550,-0.189310,0.400155,14.153720,-0.200310,0.129924,14.217430,-0.195050,0.005564,14.557030,-0.400290,0.801764,14.758650,-0.401590,0.446505,14.815240,-0.393280,0.066394,14.956290,-0.412460,0.023755
1901.000000,14.541790,-0.306260,0.906054,14.546220,-0.212720,0.789664,14.452250,-0.189220,0.398695,14.160880,-0.199790,0.134494,14.218720,-0.195050,0.007384,14.565060,-0.401250,0.802405,14.767110,-0.402140,0.447115,14.816470,-0.393620,0.065934,14.957060,-0.412690,0.021225
1902.000000,14.549960,-0.306870,0.906285,14.554820,-0.213730,0.789505,14.465330,-0.189110,0.397235,14.168520,-0.199260,0.139255,14.220400,-0.195030,0.009555,14.573080,-0.402250,0.803125,14.775340,-0.402640,0.447655,14.817500,-0.393860,0.065554,14.957660,-0.412910,0.019095
1903.000000,14.558060,-0.307500,0.906585,14.563420,-0.214790,0.789405,14.478770,-0.188980,0.395785,14.176610,-0.198730,0.144184,14.222530,-0.195000,0.012064,14.581100,-0.403310,0.803895,14.783310,-0.403090,0.448115,14.818370,-0.393970,0.065254,14.958130,-0.413100,0.017324
1904.000000,14.566080,-0.308170,0.906945,14.571990,-0.215900,0.789385,14.492500,-0.188880,0.394395,14.185140,-0.198180,0.149275,14.225170,-0.194950,0.014934,14.589110,-0.404410,0.804714,14.790940,-0.403470,0.448474,14.819110,-0.393950,0.065004,14.958470,-0.413240,0.015855
1905.000000,14.574030,-0.308880,0.907365,14.580520,-0.217050,0.789444,14.506490,-0.188810,0.393074,14.194120,-0.197620,0.154495,14.228400,-0.194900,0.018155,14.597100,-0.405530,0.805544,14.798200,-0.403800,0.448725,14.819780,-0.393820,0.064804,14.958730,-0.413340,0.014665
1906.000000,14.581890,-0.309610,0.907855,14.588970,-0.218200,0.789594,14.520660,-0.188780,0.391885,14.203530,-0.197070,0.159814,14.232290,-0.194840,0.021705,14.605090,-0.406660,0.806395,14.805070,-0.404060,0.448875,14.820400,-0.393600,0.064644,14.958900,-0.413390,0.013705
1907.000000,14.589670,-0.310380,0.908405,14.597320,-0.219340,0.789845,14.534980,-0.188820,0.390845,14.213390,-0.196530,0.165175,14.236910,-0.194780,0.025564,14.613050,-0.407780,0.807254,14.811520,-0.404270,0.448925,14.821000,-0.393300,0.064514,14.959000,-0.413400,0.012924
1908.000000,14.597370,-0.311170,0.909025,14.605560,-0.220460,0.790204,14.549380,-0.188930,0.390015,14.223680,-0.196020,0.170524,14.242350,-0.194740,0.029674,14.620980,-0.408880,0.808115,14.817560,-0.404430,0.448885,14.821600,-0.392950,0.064414,14.959060,-0.413370,0.012294
1909.000000,14.605000,-0.311990,0.909725,14.613660,-0.221540,0.790685,14.563820,-0.189100,0.389414,14.234410,-0.195540,0.175814,14.248690,-0.194710,0.033994,14.628870,-0.409940,0.808995,14.823210,-0.404560,0.448785,14.822200,-0.392580,0.064314,14.959070,-0.413320,0.011775
1910.000000,14.612560,-0.312810,0.910505,14.621640,-0.222560,0.791295,14.578260,-0.189330,0.389084,14.245570,-0.195110,0.181004,14.255990,-0.194700,0.038444,14.636720,-0.410940,0.809885,14.828480,-0.404670,0.448625,14.822810,-0.392200,0.064224,14.959040,-0.413260,0.011364
1911.000000,14.620050,-0.313630,0.911365,14.629480,-0.223520,0.792025,14.592670,-0.189610,0.389045,14.257160,-0.194740,0.186024,14.264290,-0.194710,0.042935,14.644520,-0.411890,0.810794,14.833410,-0.404770,0.448414,14.823400,-0.391850,0.064144,14.958980,-0.413190,0.011024
1912.000000,14.627480,-0.314430,0.912324,14.637190,-0.224400,0.792884,14.607020,-0.189930,0.389325,14.269150,-0.194420,0.190834,14.273630,-0.194730,0.047374,14.652270,-0.412760,0.811735,14.838030,-0.404880,0.448194,14.823950,-0.391530,0.064074,14.958900,-0.413130,0.010735
1913.000000,14.634850,-0.315220,0.913374,14.644780,-0.225210,0.793884,14.621310,-0.190250,0.389914,14.281530,-0.194160,0.195375,14.283980,-0.194770,0.051705,14.659960,-0.413550,0.812715,14.842370,-0.404990,0.447955,14.824460,-0.391250,0.064004,14.958790,-0.413060,0.010495
1914.000000,14.642170,-0.315980,0.914535,14.652270,-0.225930,0.795015,14.635530,-0.190580,0.390815,14.294300,-0.193950,0.199604,14.295320,-0.194820,0.055815,14.667590,-0.414270,0.813744,14.846450,-0.405140,0.447715,14.824900,-0.391030,0.063954,14.958660,-0.413000,0.010284
1915.000000,14.649440,-0.316700,0.915785,14.659650,-0.226570,0.796274,14.649680,-0.190880,0.392015,14.307430,-0.193790,0.203464,14.307590,-0.194890,0.059665,14.675150,-0.414920,0.814835,14.850300,-0.405310,0.447474,14.825280,-0.390880,0.063924,14.958510,-0.412950,0.010104
1916.000000,14.656670,-0.317370,0.917145,14.666950,-0.227130,0.797664,14.663780,-0.191160,0.393485,14.320920,-0.193680,0.206915,14.320710,-0.194970,0.063164,14.682630,-0.415490,0.816005,14.853920,-0.405520,0.447254,14.825590,-0.390790,0.063904,14.958350,-0.412910,0.009944
1917.000000,14.663850,-0.318000,0.918605,14.674170,-0.227620,0.799175,14.677820,-0.191400,0.395205,14.334740,-0.193600,0.209945,14.334620,-0.195050,0.066284,14.690020,-0.415990,0.817245,14.857330,-0.405770,0.447035,14.825830,-0.390770,0.063914,14.958170,-0.412880,0.009805
1918.000000,14.671000,-0.318590,0.920165,14.681330,-0.228040,0.800805,14.691830,-0.191590,0.397135,14.348880,-0.193570,0.212514,14.349230,-0.195140,0.068974,14.697330,-0.416430,0.818574,14.860530,-0.406060,0.446835,14.826010,-0.390800,0.063954,14.957980,-0.412860,0.009674
1919.000000,14.678110,-0.319120,0.921814,14.688440,-0.228400,0.802544,14.705800,-0.191750,0.399265,14.363320,-0.193560,0.214624,14.364470,-0.195220,0.071215,14.704550,-0.416810,0.819995,14.863510,-0.406390,0.446655,14.826130,-0.390880,0.064014,14.957780,-0.412860,0.009555
1920.000000,14.685200,-0.319620,0.923555,14.695510,-0.228710,0.804385,14.719740,-0.191870,0.401555,14.378040,-0.193590,0.216274,14.380300,-0.195280,0.073004,14.711690,-0.417140,0.821495,14.866280,-0.406750,0.446495,14.826190,-0.390990,0.064114,14.957580,-0.412870,0.009434
1921.000000,14.692260,-0.320070,0.925374,14.702550,-0.228970,0.806315,14.733650,-0.191940,0.403995,14.393020,-0.193660,0.217474,14.396650,-0.195330,0.074324,14.718730,-0.417430,0.823075,14.868840,-0.407150,0.446355,14.826180,-0.391140,0.064234,14.957370,-0.412890,0.009324
1922.000000,14.699300,-0.320490,0.927265,14.709580,-0.229180,0.808325,14.747510,-0.191980,0.406555,14.408220,-0.193770,0.218234,14.413490,-0.195340,0.075194,14.725680,-0.417680,0.824724,14.871180,-0.407570,0.446245,14.826120,-0.391310,0.064394,14.957160,-0.412930,0.009225
1923.000000,14.706330,-0.320880,0.929215,14.716590,-0.229350,0.810404,14.761330,-0.191980,0.409225,14.423640,-0.193920,0.218564,14.430800,-0.195310,0.075644,14.732550,-0.417900,0.826435,14.873320,-0.408010,0.446155,14.826000,-0.391500,0.064584,14.956950,-0.412970,0.009125
1924.000000,14.713340,-0.321240,0.931195,14.723580,-0.229490,0.812545,14.775070,-0.191960,0.412004,14.439260,-0.194110,0.218484,14.448540,-0.195230,0.075674,14.739330,-0.418090,0.828195,14.875270,-0.408460,0.446084,14.825820,-0.391690,0.064804,14.956740,-0.413020,0.009035
1925.000000,14.720350,-0.321590,0.933215,14.730580,-0.229600,0.814715,14.788720,-0.191910,0.414875,14.455050,-0.194340,0.218014,14.466700,-0.195090,0.075334,14.746030,-0.418250,0.829985,14.877040,-0.408900,0.446055,14.825610,-0.391890,0.065054,14.956530,-0.413080,0.008945
1926.000000,14.727350,-0.321920,0.935245,14.737570,-0.229680,0.816914,14.802270,-0.191850,0.417825,14.471010,-0.194590,0.217164,14.485260,-0.194900,0.074634,14.752650,-0.418390,0.831785,14.878640,-0.409330,0.446045,14.825360,-0.392090,0.065324,14.956330,-0.413150,0.008854
1927.000000,14.734350,-0.322240,0.937265,14.744550,-0.229740,0.819114,14.815700,-0.191770,0.420845,14.487120,-0.194860,0.215965,14.504180,-0.194650,0.073624,14.759200,-0.418520,0.833585,14.880110,-0.409730,0.446075,14.825100,-0.392290,0.065614,14.956130,-0.413220,0.008775
1928.000000,14.741340,-0.322550,0.939284,14.751540,-0.229780,0.821315,14.829000,-0.191670,0.423915,14.503380,-0.195140,0.214424,14.523460,-0.194340,0.072324,14.765690,-0.418630,0.835375,14.881460,-0.410110,0.446135,14.824820,-0.392480,0.065934,14.955930,-0.413290,0.008695
1929.000000,14.748320,-0.322860,0.941265,14.758540,-0.229800,0.823485,14.842170,-0.191560,0.427035,14.519790,-0.195410,0.212564,14.543080,-0.193970,0.070774,14.772120,-0.418720,0.837125,14.882690,-0.410460,0.446225,14.824540,-0.392660,0.066254,14.955730,-0.413360,0.008615
1930.000000,14.755290,-0.323150,0.943205,14.765530,-0.229810,0.825615,14.855200,-0.191450,0.430165,14.536330,-0.195670,0.210415,14.563010,-0.193550,0.068994,14.778510,-0.418800,0.838835,14.883840,-0.410780,0.446345,14.824280,-0.392830,0.066584,14.955540,-0.413430,0.008535
1931.000000,14.762250,-0.323450,0.945084,14.772540,-0.229800,0.827685,14.868080,-0.191320,0.433315,14.553010,-0.195890,0.207994,14.583250,-0.193070,0.067014,14.784850,-0.418860,0.840475,14.884910,-0.411070,0.446485,14.824050,-0.392990,0.066924,14.955350,-0.413490,0.008455
1932.000000,14.769200,-0.323740,0.946894,14.779550,-0.229780,0.829695,14.880810,-0.191190,0.436455,14.569830,-0.196080,0.205314,14.603780,-0.192550,0.064874,14.791170,-0.418920,0.842044,14.885920,-0.411340,0.446644,14.823840,-0.393140,0.067254,14.955170,-0.413550,0.008384
1933.000000,14.776130,-0.324020,0.948635,14.786580,-0.229750,0.831624,14.893400,-0.191060,0.439565,14.586810,-0.196210,0.202384,14.624610,-0.191990,0.062584,14.797460,-0.418960,0.843535,14.886890,-0.411600,0.446815,14.823650,-0.393270,0.067584,14.954980,-0.413600,0.008304
1934.000000,14.783030,-0.324290,0.950284,14.793610,-0.229710,0.833465,14.905830,-0.190920,0.442655,14.603950,-0.196290,0.199205,14.645720,-0.191390,0.060195,14.803730,-0.418990,0.844924,14.887850,-0.411840,0.446995,14.823500,-0.393380,0.067904,14.954810,-0.413650,0.008224
1935.000000,14.789910,-0.324560,0.951844,14.800640,-0.229660,0.835205,14.918110,-0.190790,0.445685,14.621290,-0.196290,0.195785,14.667110,-0.190770,0.057725,14.810000,-0.419010,0.846214,14.888820,-0.412080,0.447155,14.823370,-0.393480,0.068214,14.954630,-0.413680,0.008134
1936.000000,14.796760,-0.324820,0.953304,14.807680,-0.229610,0.836835,14.930240,-0.190650,0.448675,14.638830,-0.196220,0.192114,14.688780,-0.190110,0.055195,14.816250,-0.419020,0.847395,14.889830,-0.412340,0.447295,14.823280,-0.393560,0.068514,14.954460,-0.413710,0.008054
1937.000000,14.803590,-0.325070,0.954655,14.814710,-0.229540,0.838355,14.942200,-0.190530,0.451584,14.656610,-0.196060,0.188224,14.710710,-0.189430,0.052644,14.822500,-0.419010,0.848455,14.890890,-0.412590,0.447415,14.823200,-0.393630,0.068814,14.954290,-0.413730,0.007974
1938.000000,14.810390,-0.325300,0.955885,14.821740,-0.229470,0.839765,14.954010,-0.190410,0.454414,14.674620,-0.195830,0.184114,14.732910,-0.188720,0.050095,14.828750,-0.419000,0.849405,14.891990,-0.412850,0.447515,14.823150,-0.393700,0.069094,14.954130,-0.413740,0.007884
1939.000000,14.817160,-0.325520,0.957005,14.828760,-0.229390,0.841044,14.965650,-0.190310,0.457165,14.692870,-0.195540,0.179834,14.755370,-0.187970,0.047574,14.834990,-0.418970,0.850225,14.893120,-0.413100,0.447584,14.823110,-0.393750,0.069364,14.953980,-0.413750,0.007804
1940.000000,14.823910,-0.325720,0.958005,14.835770,-0.229310,0.842214,14.977120,-0.190240,0.459815,14.711370,-0.195170,0.175394,14.778070,-0.187190,0.045104,14.841220,-0.418920,0.850924,14.894280,-0.413340,0.447645,14.823100,-0.393790,0.069634,14.953830,-0.413760,0.007715
1941.000000,14.830640,-0.325900,0.958885,14.842750,-0.229210,0.843245,14.988430,-0.190180,0.462365,14.730140,-0.194760,0.170824,14.801020,-0.186390,0.042715,14.847450,-0.418870,0.851515,14.895460,-0.413560,0.447685,14.823090,-0.393830,0.069884,14.953690,-0.413770,0.007634
1942.000000,14.837350,-0.326050,0.959635,14.849720,-0.229100,0.844164,14.999560,-0.190150,0.464794,14.749170,-0.194290,0.166134,14.824200,-0.185560,0.040434,14.853660,-0.418790,0.851974,14.896650,-0.413760,0.447705,14.823100,-0.393860,0.070124,14.953560,-0.413780,0.007554
1943.000000,14.844040,-0.326190,0.960265,14.856660,-0.228980,0.844944,15.010520,-0.190150,0.467105,14.768490,-0.193780,0.161345,14.847600,-0.184690,0.038284,14.859860,-0.418710,0.852334,14.897860,-0.413950,0.447705,14.823110,-0.393870,0.070364,14.953430,-0.413790,0.007474
1944.000000,14.850720,-0.326290,0.960774,14.863580,-0.228850,0.845604,15.021300,-0.190180,0.469275,14.788100,-0.193230,0.156484,14.871220,-0.183810,0.036284,14.866050,-0.418610,0.852584,14.899090,-0.414110,0.447685,14.823140,-0.393890,0.070584,14.953300,-0.413810,0.007384
1945.000000,14.857390,-0.326370,0.961164,14.870460,-0.228720,0.846135,15.031890,-0.190240,0.471315,14.808010,-0.192650,0.151584,14.895030,-0.182890,0.034465,14.872230,-0.418490,0.852745,14.900340,-0.414250,0.447625,14.823160,-0.393890,0.070804,14.953170,-0.413830,0.007304
1946.000000,14.864050,-0.326410,0.961434,14.877330,-0.228570,0.846534,15.042300,-0.190310,0.473195,14.828220,-0.192040,0.146654,14.919030,-0.181940,0.032835,14.878400,-0.418360,0.852815,14.901610,-0.414380,0.447535,14.823190,-0.393880,0.071014,14.953030,-0.413850,0.007214
1947.000000,14.870700,-0.326420,0.961595,14.884160,-0.228410,0.846805,15.052530,-0.190410,0.474935,14.848720,-0.191390,0.141744,14.943190,-0.180960,0.031425,14.884550,-0.418220,0.852795,14.902890,-0.414490,0.447415,14.823210,-0.393860,0.071215,14.952890,-0.413860,0.007124
1948.000000,14.877340,-0.326400,0.961645,14.890970,-0.228240,0.846955,15.062570,-0.190520,0.476495,14.869480,-0.190720,0.136884,14.967500,-0.179930,0.030234,14.890690,-0.418050,0.852675,14.904200,-0.414590,0.447265,14.823230,-0.393830,0.071404,14.952750,-0.413880,0.007034
1949.000000,14.883970,-0.326330,0.961574,14.897760,-0.228040,0.846985,15.072430,-0.190650,0.477894,14.890450,-0.190020,0.132125,14.991920,-0.178870,0.029284,14.896820,-0.417860,0.852475,14.905520,-0.414670,0.447084,14.823240,-0.393790,0.071594,14.952610,-0.413900,0.006934
1950.000000,14.890580,-0.326230,0.961395,14.904520,-0.227830,0.846885,15.082120,-0.190780,0.479114,14.911590,-0.189290,0.127494,15.016450,-0.177770,0.028604,14.902920,-0.417650,0.852185,14.906860,-0.414750,0.446895,14.823240,-0.393740,0.071764,14.952470,-0.413910,0.006834
1951.000000,14.897200,-0.326090,0.961105,14.911260,-0.227600,0.846654,15.091630,-0.190910,0.480155,14.932840,-0.188540,0.123045,15.041050,-0.176640,0.028205,14.909020,-0.417420,0.851815,14.908210,-0.414830,0.446685,14.823240,-0.393680,0.071914,14.952320,-0.413920,0.006724
1952.000000,14.903800,-0.325910,0.960705,14.918000,-0.227370,0.846295,15.100960,-0.191040,0.481005,14.954170,-0.187770,0.118774,15.065710,-0.175470,0.028104,14.915120,-0.417170,0.851355,14.909590,-0.414900,0.446465,14.823230,-0.393610,0.072064,14.952180,-0.413930,0.006614
1953.000000,14.910410,-0.325700,0.960195,14.924740,-0.227120,0.845805,15.110120,-0.191170,0.481664,14.975560,-0.187000,0.114714,15.090400,-0.174280,0.028325,14.921230,-0.416920,0.850815,14.910990,-0.414960,0.446235,14.823210,-0.393530,0.072214,14.952040,-0.413940,0.006504
1954.000000,14.917030,-0.325460,0.959585,14.931500,-0.226880,0.845195,15.119110,-0.191280,0.482135,14.997020,-0.186230,0.110864,15.115090,-0.173070,0.028895,14.927370,-0.416670,0.850185,14.912410,-0.415020,0.445995,14.823180,-0.393440,0.072354,14.951900,-0.413950,0.006384
1955.000000,14.923660,-0.325190,0.958875,14.938290,-0.226640,0.844445,15.127900,-0.191370,0.482405,15.018530,-0.185480,0.107244,15.139750,-0.171850,0.029824,14.933560,-0.416410,0.849475,14.913870,-0.415060,0.445754,14.823150,-0.393330,0.072504,14.951760,-0.413970,0.006274
1956.000000,14.930300,-0.324900,0.958064,14.945130,-0.226410,0.843575,15.136500,-0.191430,0.482465,15.040100,-0.184740,0.103864,15.164350,-0.170640,0.031155,14.939810,-0.416170,0.848674,14.915380,-0.415090,0.445495,14.823120,-0.393200,0.072664,14.951630,-0.413990,0.006154
1957.000000,14.936980,-0.324590,0.957164,14.952010,-0.226200,0.842595,15.144900,-0.191470,0.482315,15.061720,-0.184020,0.100754,15.188850,-0.169430,0.032895,14.946120,-0.415930,0.847795,14.916950,-0.415110,0.445225,14.823090,-0.393060,0.072834,14.951500,-0.414020,0.006044
1958.000000,14.943680,-0.324260,0.956175,14.958930,-0.225990,0.841504,15.153110,-0.191480,0.481955,15.083360,-0.183290,0.097934,15.213210,-0.168240,0.035064,14.952490,-0.415710,0.846835,14.918590,-0.415110,0.444935,14.823070,-0.392910,0.073014,14.951380,-0.414060,0.005934
1959.000000,14.950410,-0.323920,0.955095,14.965890,-0.225800,0.840315,15.161120,-0.191460,0.481395,15.105010,-0.182560,0.095424,15.237390,-0.167080,0.037674,14.958930,-0.415490,0.845805,14.920330,-0.415100,0.444625,14.823060,-0.392740,0.073204,14.951270,-0.414090,0.005814
1960.000000,14.957180,-0.323570,0.953944,14.972880,-0.225610,0.839025,15.168930,-0.191420,0.480645,15.126630,-0.181820,0.093234,15.261320,-0.165950,0.040724,14.965430,-0.415280,0.844695,14.922200,-0.415060,0.444295,14.823060,-0.392560,0.073394,14.951160,-0.414140,0.005694
1961.000000,14.963970,-0.323200,0.952715,14.979890,-0.225430,0.837665,15.176570,-0.191360,0.479715,15.148170,-0.181070,0.091404,15.284960,-0.164870,0.044205,14.971990,-0.415070,0.843515,14.924200,-0.415010,0.443935,14.823090,-0.392370,0.073594,14.951060,-0.414180,0.005554
1962.000000,14.970800,-0.322830,0.951425,14.986920,-0.225250,0.836225,15.184030,-0.191280,0.478605,15.169580,-0.180320,0.089944,15.308230,-0.163840,0.048114,14.978600,-0.414860,0.842275,14.926370,-0.414940,0.443534,14.823140,-0.392160,0.073804,14.950970,-0.414220,0.005415
1963.000000,14.977660,-0.322450,0.950064,14.993960,-0.225060,0.834735,15.191340,-0.191180,0.477345,15.190790,-0.179590,0.088864,15.331080,-0.162880,0.052404,14.985250,-0.414650,0.840965,14.928720,-0.414850,0.443095,14.823220,-0.391950,0.074014,14.950880,-0.414250,0.005254
1964.000000,14.984550,-0.322060,0.948645,15.001030,-0.224860,0.833175,15.198510,-0.191080,0.475955,15.211740,-0.178880,0.088154,15.353440,-0.162000,0.057034,14.991940,-0.414430,0.839604,14.931270,-0.414750,0.442615,14.823330,-0.391720,0.074244,14.950800,-0.414290,0.005094
1965.000000,14.991480,-0.321660,0.947175,15.008110,-0.224650,0.831574,15.205580,-0.190960,0.474455,15.232340,-0.178220,0.087824,15.375240,-0.161220,0.061945,14.998680,-0.414200,0.838184,14.934040,-0.414640,0.442085,14.823480,-0.391490,0.074484,14.950730,-0.414320,0.004914
1966.000000,14.998430,-0.321260,0.945655,15.015220,-0.224430,0.829925,15.212550,-0.190840,0.472855,15.252520,-0.177640,0.087834,15.396410,-0.160550,0.067084,15.005450,-0.413950,0.836724,14.937030,-0.414510,0.441515,14.823660,-0.391260,0.074744,14.950660,-0.414350,0.004734
1967.000000,15.005420,-0.320840,0.944095,15.022360,-0.224200,0.828245,15.219480,-0.190710,0.471195,15.272190,-0.177150,0.088164,15.416890,-0.160000,0.072364,15.012280,-0.413700,0.835225,14.940260,-0.414370,0.440895,14.823880,-0.391030,0.075024,14.950590,-0.414380,0.004544
1968.000000,15.012450,-0.320410,0.942504,15.029540,-0.223960,0.826535,15.226380,-0.190580,0.469495,15.291270,-0.176770,0.088764,15.436610,-0.159590,0.077694,15.019150,-0.413430,0.833695,14.943730,-0.414210,0.440235,14.824150,-0.390800,0.075354,14.950540,-0.414410,0.004344
1969.000000,15.019510,-0.319970,0.940894,15.036760,-0.223700,0.824805,15.233290,-0.190450,0.467775,15.309670,-0.176530,0.089574,15.455510,-0.159330,0.082984,15.026070,-0.413150,0.832134,14.947430,-0.414030,0.439534,14.824450,-0.390600,0.075714,14.950490,-0.414440,0.004144
1970.000000,15.026610,-0.319510,0.939254,15.044020,-0.223420,0.823055,15.240240,-0.190330,0.466055,15.327320,-0.176440,0.090524,15.473550,-0.159230,0.088144,15.033040,-0.412850,0.830565,14.951370,-0.413840,0.438795,14.824800,-0.390410,0.076124,14.950460,-0.414480,0.003934
1971.000000,15.033760,-0.319020,0.937594,15.051340,-0.223110,0.821295,15.247280,-0.190210,0.464355,15.344150,-0.176510,0.091544,15.490660,-0.159280,0.093054,15.040070,-0.412520,0.828985,14.955540,-0.413630,0.438015,14.825180,-0.390260,0.076584,14.950440,-0.414520,0.003724
1972.000000,15.040940,-0.318510,0.935935,15.058720,-0.222790,0.819535,15.254420,-0.190120,0.462695,15.360090,-0.176780,0.092554,15.506810,-0.159510,0.097604,15.047150,-0.412170,0.827395,14.959940,-0.413420,0.437215,14.825620,-0.390140,0.077104,14.950430,-0.414560,0.003514
1973.000000,15.048180,-0.317980,0.934265,15.066160,-0.222430,0.817775,15.261700,-0.190050,0.461095,15.375110,-0.177230,0.093464,15.521960,-0.159920,0.101704,15.054290,-0.411790,0.825805,14.964560,-0.413190,0.436385,14.826110,-0.390060,0.077684,14.950440,-0.414610,0.003304
1974.000000,15.055470,-0.317420,0.932594,15.073680,-0.222050,0.816034,15.269140,-0.190030,0.459565,15.389150,-0.177890,0.094214,15.536090,-0.160520,0.105244,15.061490,-0.411370,0.824225,14.969400,-0.412970,0.435535,14.826660,-0.390020,0.078344,14.950460,-0.414670,0.003094
1975.000000,15.062810,-0.316840,0.930934,15.081270,-0.221620,0.814304,15.276750,-0.190060,0.458115,15.402190,-0.178740,0.094714,15.549170,-0.161300,0.108124,15.068760,-0.410920,0.822645,14.974450,-0.412740,0.434654,14.827270,-0.390030,0.079064,14.950500,-0.414740,0.002874
1976.000000,15.070210,-0.316220,0.929285,15.088940,-0.221160,0.812615,15.284550,-0.190150,0.456765,15.414210,-0.179770,0.094914,15.561200,-0.162280,0.110274,15.076100,-0.410430,0.821075,14.979720,-0.412520,0.433745,14.827950,-0.390080,0.079874,14.950550,-0.414810,0.002664
1977.000000,15.077690,-0.315570,0.927665,15.096700,-0.220650,0.810955,15.292540,-0.190310,0.455515,15.425220,-0.180960,0.094754,15.572190,-0.163450,0.111624,15.083510,-0.409890,0.819515,14.985200,-0.412280,0.432815,14.828700,-0.390180,0.080774,14.950610,-0.414890,0.002444
1978.000000,15.085240,-0.314900,0.926055,15.104540,-0.220080,0.809354,15.300720,-0.190550,0.454385,15.435240,-0.182290,0.094214,15.582170,-0.164830,0.112114,15.091020,-0.409300,0.817964,14.990900,-0.412040,0.431865,14.829520,-0.390320,0.081764,14.950680,-0.414980,0.002224
1979.000000,15.092860,-0.314190,0.924494,15.112480,-0.219450,0.807814,15.309090,-0.190870,0.453354,15.444290,-0.183720,0.093284,15.591170,-0.166390,0.111724,15.098620,-0.408650,0.816424,14.996810,-0.411790,0.430885,14.830430,-0.390500,0.082864,14.950760,-0.415090,0.002004
1980.000000,15.100570,-0.313450,0.922965,15.120510,-0.218770,0.806345,15.317620,-0.191270,0.452455,15.452410,-0.185230,0.091984,15.599240,-0.168140,0.110434,15.106330,-0.407940,0.814914,15.002960,-0.411530,0.429885,14.831420,-0.390720,0.084074,14.950850,-0.415200,0.001784
1981.000000,15.108370,-0.312680,0.921485,15.128620,-0.218010,0.804955,15.326300,-0.191740,0.451645,15.459680,-0.186790,0.090334,15.606440,-0.170060,0.108284,15.114140,-0.407160,0.813424,15.009340,-0.411260,0.428855,14.832500,-0.390990,0.085414,14.950940,-0.415330,0.001554
1982.000000,15.116250,-0.311870,0.920065,15.136820,-0.217190,0.803655,15.335100,-0.192290,0.450955,15.466160,-0.188370,0.088384,15.612860,-0.172120,0.105324,15.122070,-0.406320,0.811955,15.015970,-0.410980,0.427785,14.833700,-0.391300,0.086894,14.951040,-0.415480,0.001314
1983.000000,15.124230,-0.311040,0.918705,15.145090,-0.216300,0.802445,15.343960,-0.192880,0.450345,15.471950,-0.189940,0.086214,15.618580,-0.174290,0.101634,15.130100,-0.405430,0.810535,15.022870,-0.410700,0.426695,14.835020,-0.391660,0.088524,14.951160,-0.415630,0.001064
1984.000000,15.132280,-0.310180,0.917415,15.153420,-0.215340,0.801324,15.352870,-0.193500,0.449815,15.477150,-0.191440,0.083884,15.623670,-0.176500,0.097324,15.138230,-0.404470,0.809165,15.030050,-0.410430,0.425575,14.836490,-0.392060,0.090324,14.951280,-0.415790,0.000794
1985.000000,15.140420,-0.309300,0.916215,15.161800,-0.214340,0.800324,15.361780,-0.194140,0.449365,15.481870,-0.192850,0.081494,15.628230,-0.178710,0.092514,15.146460,-0.403460,0.807864,15.037540,-0.410160,0.424415,14.838140,-0.392520,0.092294,14.951410,-0.415960,0.000524
1986.000000,15.148620,-0.308390,0.915104,15.170200,-0.213280,0.799415,15.370660,-0.194770,0.448985,15.486220,-0.194100,0.079104,15.632340,-0.180840,0.087334,15.154770,-0.402410,0.806644,15.045360,-0.409890,0.423214,14.840000,-0.393020,0.094464,14.951550,-0.416120,0.000234
1987.000000,15.156880,-0.307480,0.914095,15.178610,-0.212190,0.798625,15.379490,-0.195350,0.448675,15.490300,-0.195170,0.076784,15.636070,-0.182840,0.081914,15.163140,-0.401330,0.805515,15.053540,-0.409640,0.421994,14.842120,-0.393550,0.096834,14.951700,-0.416270,-0.000046
1988.000000,15.165190,-0.306560,0.913185,15.187020,-0.211070,0.797955,15.388250,-0.195890,0.448445,15.494170,-0.196010,0.074594,15.639470,-0.184630,0.076364,15.171570,-0.400220,0.804485,15.062090,-0.409400,0.420735,14.844540,-0.394120,0.099424,14.951860,-0.416400,-0.000316
1989.000000,15.173540,-0.305650,0.912394,15.195410,-0.209930,0.797395,15.396950,-0.196340,0.448285,15.497880,-0.196610,0.072575,15.642580,-0.186170,0.070794,15.180040,-0.399100,0.803585,15.071040,-0.409180,0.419444,14.847310,-0.394720,0.102234,14.952030,-0.416500,-0.000556
1990.000000,15.181900,-0.304730,0.911725,15.203770,-0.208780,0.796955,15.405600,-0.196690,0.448205,15.501440,-0.196970,0.070744,15.645430,-0.187430,0.065284,15.188530,-0.397980,0.802794,15.080420,-0.408970,0.418125,14.850480,-0.395310,0.105254,14.952210,-0.416570,-0.000746
1991.000000,15.190270,-0.303840,0.911174,15.212090,-0.207640,0.796644,15.414210,-0.196930,0.448235,15.504810,-0.197100,0.069104,15.648040,-0.188400,0.059905,15.197030,-0.396850,0.802125,15.090250,-0.408780,0.416775,14.854120,-0.395910,0.108494,14.952400,-0.416610,-0.000846
1992.000000,15.198630,-0.302950,0.910755,15.220380,-0.206490,0.796465,15.422810,-0.197040,0.448355,15.507970,-0.197050,0.067654,15.650410,-0.189080,0.054734,15.205540,-0.395740,0.801574,15.100540,-0.408620,0.415394,14.858270,-0.396480,0.111934,14.952620,-0.416620,-0.000836
1993.000000,15.206980,-0.302090,0.910444,15.228640,-0.205350,0.796405,15.431410,-0.197020,0.448584,15.510880,-0.196830,0.066394,15.652540,-0.189490,0.049814,15.214040,-0.394630,0.801134,15.111300,-0.408480,0.413985,14.862950,-0.397040,0.115574,14.952890,-0.416590,-0.000656
1994.000000,15.215300,-0.301230,0.910245,15.236860,-0.204220,0.796465,15.440030,-0.196860,0.448905,15.513520,-0.196510,0.065304,15.654460,-0.189690,0.045174,15.222520,-0.393520,0.800795,15.122550,-0.408370,0.412545,14.868190,-0.397570,0.119394,14.953250,-0.416540,-0.000276
1995.000000,15.223590,-0.300400,0.910154,15.245040,-0.203080,0.796635,15.448670,-0.196580,0.449304,15.515900,-0.196110,0.064374,15.656170,-0.189710,0.040835,15.230990,-0.392410,0.800535,15.134270,-0.408270,0.411055,14.874000,-0.398080,0.123384,14.953720,-0.416470,0.000334
1996.000000,15.231840,-0.299570,0.910165,15.253210,-0.201940,0.796925,15.457300,-0.196180,0.449765,15.518010,-0.195670,0.063584,15.657680,-0.189610,0.036804,15.239440,-0.391310,0.800354,15.146450,-0.408190,0.409535,14.880370,-0.398560,0.127534,14.954360,-0.416390,0.001244
1997.000000,15.240040,-0.298750,0.910245,15.261350,-0.200800,0.797304,15.465900,-0.195680,0.450235,15.519890,-0.195240,0.062904,15.659010,-0.189420,0.033094,15.247850,-0.390190,0.800225,15.159080,-0.408100,0.407975,14.887300,-0.399010,0.131834,14.955240,-0.416310,0.002454
1998.000000,15.248190,-0.297930,0.910405,15.269480,-0.199640,0.797764,15.474420,-0.195100,0.450685,15.521560,-0.194830,0.062334,15.660180,-0.189200,0.029694,15.256230,-0.389060,0.800154,15.172120,-0.408000,0.406395,14.894770,-0.399430,0.136255,14.956420,-0.416250,0.004024
1999.000000,15.256290,-0.297100,0.910625,15.277590,-0.198480,0.798295,15.482800,-0.194450,0.451084,15.523050,-0.194460,0.061824,15.661190,-0.188960,0.026605,15.264570,-0.387920,0.800125,15.185540,-0.407860,0.404805,14.902770,-0.399820,0.140794,14.957970,-0.416210,0.005954
2000.000000,15.264340,-0.296260,0.910905,15.285690,-0.197320,0.798884,15.490970,-0.193750,0.451395,15.524370,-0.194170,0.061364,15.662050,-0.188740,0.023835,15.272850,-0.386780,0.800145,15.199280,-0.407660,0.403215,14.911250,-0.400170,0.145434,14.959970,-0.416200,0.008265
2001.000000,15.272330,-0.295400,0.911215,15.293780,-0.196150,0.799505,15.498900,-0.193040,0.451595,15.525560,-0.193940,0.060945,15.662770,-0.188560,0.021375,15.281090,-0.385620,0.800204,15.213310,-0.407400,0.401665,14.920200,-0.400490,0.150165,14.962500,-0.416220,0.010944
2002.000000,15.280260,-0.294520,0.911575,15.301860,-0.194980,0.800154,15.506520,-0.192330,0.451665,15.526610,-0.193810,0.060555,15.663360,-0.188410,0.019214,15.289260,-0.384460,0.800304,15.227550,-0.407060,0.400184,14.929590,-0.400760,0.154974,14.965640,-0.416280,0.013994
2003.000000,15.288120,-0.293620,0.911955,15.309930,-0.193830,0.800825,15.513810,-0.191630,0.451605,15.527560,-0.193760,0.060184,15.663830,-0.188300,0.017365,15.297360,-0.383310,0.800465,15.241970,-0.406630,0.398815,14.939390,-0.400990,0.159834,14.969480,-0.416360,0.017395
2004.000000,15.295930,-0.292700,0.912385,15.317980,-0.192700,0.801494,15.520730,-0.190980,0.451435,15.528390,-0.193810,0.059845,15.664200,-0.188240,0.015794,15.305390,-0.382170,0.800685,15.256500,-0.406140,0.397595,14.949580,-0.401170,0.164735,14.974120,-0.416460,0.021125
2005.000000,15.303670,-0.291770,0.912845,15.326000,-0.191590,0.802175,15.527290,-0.190380,0.451155,15.529120,-0.193950,0.059525,15.664470,-0.188210,0.014475,15.313330,-0.381060,0.800975,15.271100,-0.405570,0.396585,14.960140,-0.401310,0.169654,14.979630,-0.416580,0.025125
2006.000000,15.311340,-0.290810,0.913345,15.334000,-0.190530,0.802864,15.533480,-0.189840,0.450795,15.529750,-0.194160,0.059254,15.664660,-0.188220,0.013395,15.321200,-0.379980,0.801345,15.285700,-0.404950,0.395825,14.971070,-0.401410,0.174544,14.986100,-0.416700,0.029354
2007.000000,15.318950,-0.289850,0.913895,15.341950,-0.189510,0.803574,15.539320,-0.189360,0.450375,15.530290,-0.194420,0.059025,15.664780,-0.188240,0.012505,15.328980,-0.378950,0.801814,15.300270,-0.404310,0.395345,14.982350,-0.401460,0.179394,14.993590,-0.416830,0.033704
2008.000000,15.326490,-0.288890,0.914505,15.349860,-0.188540,0.804315,15.544800,-0.188940,0.449925,15.530760,-0.194710,0.058854,15.664850,-0.188280,0.011784,15.336670,-0.377970,0.802385,15.314780,-0.403650,0.395205,14.993970,-0.401470,0.184144,15.002140,-0.416970,0.038115
2009.000000,15.333970,-0.287930,0.915195,15.357690,-0.187630,0.805095,15.549960,-0.188570,0.449474,15.531170,-0.195000,0.058725,15.664870,-0.188320,0.011204,15.344270,-0.377040,0.803065,15.329190,-0.403000,0.395405,15.005940,-0.401440,0.188744,15.011730,-0.417100,0.042465
2010.000000,15.341390,-0.286980,0.915965,15.365450,-0.186780,0.805934,15.554810,-0.188240,0.449015,15.531540,-0.195290,0.058644,15.664860,-0.188360,0.010745,15.351780,-0.376170,0.803875,15.343500,-0.402380,0.395955,15.018260,-0.401380,0.193144,15.022360,-0.417220,0.046684
2011.000000,15.348750,-0.286050,0.916834,15.373120,-0.185990,0.806855,15.559360,-0.187930,0.448584,15.531860,-0.195560,0.058615,15.664830,-0.188400,0.010364,15.359200,-0.375360,0.804814,15.357710,-0.401800,0.396865,15.030930,-0.401280,0.197285,15.033970,-0.417330,0.050674
2012.000000,15.356050,-0.285160,0.917814,15.380690,-0.185250,0.807855,15.563640,-0.187630,0.448165,15.532150,-0.195810,0.058615,15.664770,-0.188440,0.010065,15.366530,-0.374610,0.805895,15.371830,-0.401260,0.398095,15.043960,-0.401160,0.201104,15.046490,-0.417410,0.054365
2013.000000,15.363300,-0.284300,0.918895,15.388150,-0.184570,0.808964,15.567660,-0.187330,0.447785,15.532400,-0.196030,0.058665,15.664690,-0.188470,0.009824,15.373770,-0.373910,0.807105,15.385860,-0.400790,0.399635,15.057360,-0.401020,0.204555,15.059840,-0.417460,0.057704
2014.000000,15.370500,-0.283480,0.920104,15.395510,-0.183930,0.810175,15.571450,-0.187030,0.447435,15.532610,-0.196210,0.058735,15.664610,-0.188480,0.009624,15.380930,-0.373260,0.808455,15.399820,-0.400380,0.401465,15.071110,-0.400870,0.207594,15.073940,-0.417470,0.060635
2015.000000,15.377670,-0.282700,0.921424,15.402780,-0.183350,0.811495,15.575020,-0.186730,0.447105,15.532790,-0.196350,0.058845,15.664500,-0.188490,0.009454,15.388030,-0.372660,0.809935,15.413710,-0.400030,0.403535,15.085200,-0.400700,0.210204,15.088730,-0.417450,0.063144
2016.000000,15.384810,-0.281970,0.922864,15.409980,-0.182800,0.812914,15.578370,-0.186400,0.446825,15.532910,-0.196460,0.058964,15.664390,-0.188490,0.009324,15.395090,-0.372110,0.811545,15.427540,-0.399750,0.405825,15.099620,-0.400530,0.212355,15.104150,-0.417400,0.065204
2017.000000,15.391920,-0.281280,0.924415,15.417110,-0.182310,0.814424,15.581510,-0.186070,0.446565,15.532990,-0.196520,0.059114,15.664260,-0.188480,0.009205,15.402120,-0.371610,0.813265,15.441310,-0.399500,0.408305,15.114350,-0.400330,0.214034,15.120130,-0.417300,0.066824
2018.000000,15.399020,-0.280640,0.926065,15.424180,-0.181850,0.816005,15.584450,-0.185720,0.446335,15.533020,-0.196550,0.059275,15.664130,-0.188460,0.009094,15.409130,-0.371150,0.815084,15.455020,-0.399300,0.410935,15.129350,-0.400090,0.215245,15.136630,-0.417170,0.068014
2019.000000,15.406100,-0.280040,0.927805,15.431190,-0.181430,0.817655,15.587190,-0.185340,0.446144,15.532990,-0.196530,0.059455,15.663980,-0.188440,0.009004,15.416130,-0.370730,0.817014,15.468670,-0.399110,0.413685,15.144620,-0.399800,0.215974,15.153630,-0.416990,0.068774
2020.000000,15.413180,-0.279470,0.929625,15.438170,-0.181050,0.819365,15.589720,-0.184950,0.445974,15.532920,-0.196470,0.059644,15.663830,-0.188410,0.008904,15.423120,-0.370350,0.819014,15.482260,-0.398930,0.416545,15.160140,-0.399440,0.216224,15.171080,-0.416770,0.069144
2021.000000,15.420260,-0.278950,0.931515,15.445100,-0.180700,0.821105,15.592050,-0.184540,0.445825,15.532820,-0.196380,0.059864,15.663670,-0.188390,0.008824,15.430110,-0.370000,0.821084,15.495770,-0.398750,0.419475,15.175900,-0.399000,0.216004,15.188970,-0.416510,0.069134
2022.000000,15.427340,-0.278440,0.933445,15.451990,-0.180370,0.822875,15.594190,-0.184100,0.445705,15.532680,-0.196280,0.060095,15.663500,-0.188360,0.008734,15.437110,-0.369680,0.823195,15.509210,-0.398580,0.422475,15.191880,-0.398480,0.215334,15.207280,-0.416210,0.068774
2023.000000,15.434420,-0.277970,0.935424,15.458850,-0.180060,0.824665,15.596160,-0.183650,0.445605,15.532520,-0.196180,0.060354,15.663330,-0.188330,0.008654,15.444110,-0.369380,0.825354,15.522560,-0.398420,0.425525,15.208080,-0.397880,0.214234,15.225980,-0.415870,0.068084
2024.000000,15.441500,-0.277510,0.937435,15.465680,-0.179760,0.826454,15.597950,-0.183180,0.445525,15.532360,-0.196100,0.060644,15.663160,-0.188300,0.008574,15.451110,-0.369090,0.827524,15.535800,-0.398260,0.428625,15.224500,-0.397220,0.212724,15.245050,-0.415490,0.067104
2025.000000,15.448590,-0.277070,0.939445,15.472480,-0.179480,0.828255,15.599580,-0.182720,0.445465,15.532190,-0.196030,0.060955,15.662980,-0.188260,0.008504,15.458130,-0.368830,0.829705,15.548930,-0.398100,0.431745,15.241130,-0.396500,0.210844,15.264490,-0.415090,0.065864
2026.000000,15.455680,-0.276640,0.941454,15.479240,-0.179200,0.830035,15.601080,-0.182250,0.445425,15.532030,-0.196000,0.061284,15.662810,-0.188230,0.008435,15.465160,-0.368570,0.831875,15.561930,-0.397950,0.434905,15.257960,-0.395760,0.208624,15.284270,-0.414660,0.064394
2027.000000,15.462770,-0.276230,0.943454,15.485980,-0.178940,0.831785,15.602450,-0.181800,0.445415,15.531900,-0.195980,0.061625,15.662630,-0.188200,0.008365,15.472210,-0.368330,0.834025,15.574770,-0.397790,0.438075,15.274980,-0.395020,0.206115,15.304380,-0.414210,0.062714
2028.000000,15.469870,-0.275820,0.945415,15.492700,-0.178700,0.833504,15.603710,-0.181370,0.445425,15.531780,-0.195970,0.061985,15.662470,-0.188160,0.008304,15.479270,-0.368100,0.836155,15.587460,-0.397630,0.441254,15.292180,-0.394300,0.203354,15.324820,-0.413760,0.060854
2029.000000,15.476960,-0.275430,0.947334,15.499380,-0.178470,0.835175,15.604870,-0.180970,0.445465,15.531700,-0.195970,0.062334,15.662300,-0.188140,0.008244,15.486350,-0.367890,0.838245,15.599980,-0.397470,0.444425,15.309540,-0.393620,0.200374,15.345560,-0.413310,0.058854
2030.000000,15.484050,-0.275050,0.949205,15.506030,-0.178260,0.836785,15.605960,-0.180600,0.445534,15.531640,-0.195980,0.062694,15.662150,-0.188110,0.008185,15.493460,-0.367710,0.840284,15.612320,-0.397300,0.447555,15.327060,-0.392980,0.197194,15.366600,-0.412880,0.056735
2031.000000,15.491130,-0.274690,0.950995,15.512660,-0.178070,0.838334,15.606990,-0.180260,0.445625,15.531600,-0.195980,0.063044,15.662000,-0.188090,0.008134,15.500570,-0.367540,0.842255,15.624490,-0.397140,0.450655,15.344730,-0.392390,0.193845,15.387930,-0.412460,0.054525
2032.000000,15.498210,-0.274340,0.952694,15.519250,-0.177890,0.839794,15.607970,-0.179940,0.445725,15.531580,-0.195980,0.063394,15.661850,-0.188070,0.008074,15.507700,-0.367390,0.844155,15.636470,-0.396980,0.453685,15.362560,-0.391860,0.190334,15.409550,-0.412070,0.052264
2033.000000,15.505260,-0.274010,0.954304,15.525810,-0.177730,0.841175,15.608930,-0.179620,0.445835,15.531580,-0.195980,0.063724,15.661710,-0.188050,0.008015,15.514830,-0.367250,0.845955,15.648280,-0.396830,0.456645,15.380550,-0.391390,0.186674,15.431440,-0.411710,0.049954
2034.000000,15.512300,-0.273690,0.955805,15.532340,-0.177580,0.842465,15.609880,-0.179310,0.445945,15.531570,-0.195970,0.064054,15.661570,-0.188040,0.007954,15.521960,-0.367120,0.847645,15.659900,-0.396680,0.459525,15.398690,-0.390970,0.182904,15.453590,-0.411380,0.047644
2035.000000,15.519310,-0.273380,0.957184,15.538830,-0.177430,0.843645,15.610840,-0.178990,0.446055,15.531570,-0.195960,0.064364,15.661430,-0.188020,0.007894,15.529080,-0.367000,0.849214,15.671330,-0.396530,0.462315,15.416990,-0.390610,0.179004,15.475990,-0.411100,0.045354
2036.000000,15.526300,-0.273100,0.958445,15.545300,-0.177300,0.844724,15.611810,-0.178670,0.446155,15.531560,-0.195940,0.064674,15.661290,-0.187990,0.007814,15.536200,-0.366880,0.850654,15.682570,-0.396390,0.465005,15.435460,-0.390290,0.175014,15.498620,-0.410860,0.043104
2037.000000,15.533260,-0.272820,0.959574,15.551720,-0.177170,0.845685,15.612800,-0.178340,0.446235,15.531530,-0.195920,0.064974,15.661140,-0.187950,0.007744,15.543320,-0.366770,0.851955,15.693630,-0.396250,0.467585,15.454090,-0.390030,0.170934,15.521470,-0.410660,0.040914
2038.000000,15.540190,-0.272570,0.960565,15.558120,-0.177050,0.846525,15.613830,-0.178000,0.446285,15.531500,-0.195900,0.065264,15.661000,-0.187900,0.007654,15.550420,-0.366670,0.853114,15.704500,-0.396110,0.470045,15.472890,-0.389810,0.166774,15.544530,-0.410510,0.038804
2039.000000,15.547090,-0.272330,0.961425,15.564480,-0.176930,0.847245,15.614900,-0.177660,0.446315,15.531450,-0.195890,0.065534,15.660850,-0.187850,0.007564,15.557520,-0.366570,0.854135,15.715190,-0.395970,0.472375,15.491880,-0.389640,0.162544,15.567770,-0.410390,0.036804
2040.000000,15.553970,-0.272110,0.962135,15.570800,-0.176810,0.847835,15.616010,-0.177320,0.446315,15.531390,-0.195880,0.065804,15.660700,-0.187800,0.007474,15.564600,-0.366470,0.854994,15.725680,-0.395830,0.474545,15.511060,-0.389490,0.158254,15.591200,-0.410320,0.034924
2041.000000,15.560810,-0.271910,0.962715,15.577100,-0.176710,0.848295,15.617160,-0.176980,0.446275,15.531320,-0.195870,0.066064,15.660560,-0.187750,0.007384,15.571680,-0.366380,0.855704,15.735990,-0.395700,0.476565,15.530450,-0.389360,0.153924,15.614800,-0.410280,0.033184
2042.000000,15.567630,-0.271730,0.963155,15.583360,-0.176610,0.848625,15.618360,-0.176640,0.446194,15.531240,-0.195860,0.066304,15.660410,-0.187700,0.007294,15.578760,-0.366290,0.856255,15.746110,-0.395550,0.478405,15.550060,-0.389250,0.149555,15.638560,-0.410280,0.031624
2043.000000,15.574420,-0.271560,0.963454,15.589600,-0.176510,0.848824,15.619620,-0.176300,0.446084,15.531160,-0.195870,0.066534,15.660280,-0.187660,0.007204,15.585820,-0.366210,0.856665,15.756040,-0.395410,0.480054,15.569900,-0.389150,0.145174,15.662450,-0.410320,0.030245
2044.000000,15.581190,-0.271430,0.963615,15.595810,-0.176430,0.848905,15.620920,-0.175960,0.445925,15.531080,-0.195880,0.066754,15.660150,-0.187610,0.007115,15.592880,-0.366130,0.856915,15.765790,-0.395250,0.481515,15.589970,-0.389060,0.140804,15.686480,-0.410400,0.029084
2045.000000,15.587940,-0.271310,0.963654,15.602010,-0.176350,0.848855,15.622270,-0.175630,0.445735,15.531010,-0.195900,0.066964,15.660020,-0.187570,0.007024,15.599940,-0.366060,0.857015,15.775370,-0.395080,0.482774,15.610240,-0.389000,0.136464,15.710620,-0.410530,0.028165
2046.000000,15.594680,-0.271220,0.963554,15.608200,-0.176290,0.848695,15.623660,-0.175300,0.445495,15.530950,-0.195930,0.067154,15.659900,-0.187540,0.006934,15.607000,-0.366000,0.856974,15.784770,-0.394900,0.483835,15.630710,-0.388960,0.132205,15.734870,-0.410690,0.027505
2047.000000,15.601410,-0.271160,0.963345,15.614380,-0.176230,0.848434,15.625110,-0.174970,0.445225,15.530900,-0.195970,0.067344,15.659780,-0.187510,0.006844,15.614060,-0.365950,0.856795,15.794010,-0.394710,0.484685,15.651340,-0.388970,0.128045,15.759190,-0.410880,0.027134
2048.000000,15.608130,-0.271130,0.963005,15.620560,-0.176200,0.848064,15.626590,-0.174650,0.444905,15.530860,-0.196010,0.067514,15.659650,-0.187480,0.006754,15.621130,-0.365900,0.856475,15.803080,-0.394490,0.485325,15.672110,-0.389030,0.124014,15.783570,-0.411110,0.027064
2049.000000,15.614860,-0.271120,0.962545,15.626760,-0.176170,0.847595,15.628130,-0.174340,0.444545,15.530840,-0.196070,0.067684,15.659520,-0.187460,0.006664,15.628200,-0.365880,0.856024,15.811980,-0.394250,0.485735,15.692990,-0.389130,0.120135,15.807980,-0.411350,0.027325
2050.000000,15.621600,-0.271150,0.961985,15.632970,-0.176160,0.847035,15.629690,-0.174050,0.444155,15.530820,-0.196130,0.067844,15.659390,-0.187450,0.006574,15.635280,-0.365860,0.855455,15.820730,-0.393980,0.485935,15.713950,-0.389280,0.116444,15.832400,-0.411600,0.027915
2051.000000,15.628340,-0.271200,0.961305,15.639220,-0.176170,0.846395,15.631300,-0.173770,0.443735,15.530810,-0.196200,0.068004,15.659250,-0.187440,0.006484,15.642370,-0.365860,0.854754,15.829320,-0.393700,0.485905,15.734960,-0.389470,0.112964,15.856810,-0.411860,0.028874
2052.000000,15.635110,-0.271290,0.960535,15.645500,-0.176200,0.845665,15.632930,-0.173500,0.443295,15.530790,-0.196270,0.068174,15.659100,-0.187440,0.006395,15.649480,-0.365870,0.853944,15.837750,-0.393380,0.485645,15.756000,-0.389710,0.109714,15.881160,-0.412100,0.030205
2053.000000,15.641890,-0.271400,0.959665,15.651830,-0.176240,0.844874,15.634590,-0.173260,0.442835,15.530780,-0.196350,0.068354,15.658960,-0.187430,0.006294,15.656620,-0.365900,0.853015,15.846020,-0.393050,0.485155,15.777050,-0.390000,0.106704,15.905420,-0.412330,0.031934
2054.000000,15.648700,-0.271550,0.958705,15.658210,-0.176300,0.844015,15.636280,-0.173030,0.442364,15.530750,-0.196430,0.068534,15.658820,-0.187420,0.006204,15.663770,-0.365950,0.851985,15.854150,-0.392680,0.484445,15.798090,-0.390340,0.103974,15.929550,-0.412550,0.034075
2055.000000,15.655540,-0.271730,0.957665,15.664640,-0.176380,0.843085,15.638000,-0.172820,0.441885,15.530720,-0.196520,0.068734,15.658680,-0.187410,0.006104,15.670960,-0.366010,0.850865,15.862130,-0.392300,0.483515,15.819100,-0.390730,0.101514,15.953510,-0.412750,0.036635
2056.000000,15.662410,-0.271940,0.956535,15.671130,-0.176480,0.842085,15.639770,-0.172620,0.441395,15.530670,-0.196620,0.068934,15.658540,-0.187380,0.006004,15.678170,-0.366090,0.849645,15.869960,-0.391890,0.482375,15.840060,-0.391150,0.099364,15.977260,-0.412930,0.039635
2057.000000,15.669320,-0.272180,0.955325,15.677670,-0.176600,0.841025,15.641580,-0.172440,0.440895,15.530610,-0.196740,0.069144,15.658420,-0.187340,0.005904,15.685410,-0.366190,0.848334,15.877650,-0.391470,0.481035,15.860960,-0.391620,0.097534,16.000760,-0.413090,0.043064
2058.000000,15.676260,-0.272450,0.954045,15.684270,-0.176740,0.839894,15.643460,-0.172270,0.440395,15.530540,-0.196860,0.069374,15.658300,-0.187290,0.005804,15.692680,-0.366320,0.846965,15.885210,-0.391030,0.479505,15.881760,-0.392110,0.096034,16.023930,-0.413230,0.046934
2059.000000,15.683250,-0.272750,0.952685,15.690930,-0.176910,0.838695,15.645430,-0.172120,0.439875,15.530480,-0.197010,0.069604,15.658180,-0.187230,0.005694,15.699980,-0.366470,0.845525,15.892650,-0.390590,0.477825,15.902440,-0.392620,0.094874,16.046740,-0.413350,0.051215
2060.000000,15.690270,-0.273080,0.951265,15.697640,-0.177110,0.837434,15.647490,-0.171990,0.439345,15.530440,-0.197170,0.069854,15.658070,-0.187160,0.005585,15.707300,-0.366650,0.844025,15.899980,-0.390150,0.475995,15.922930,-0.393120,0.094074,16.069120,-0.413450,0.055885
2061.000000,15.697330,-0.273430,0.949774,15.704400,-0.177340,0.836095,15.649680,-0.171880,0.438805,15.530430,-0.197340,0.070124,15.657970,-0.187080,0.005464,15.714650,-0.366850,0.842465,15.907220,-0.389720,0.474045,15.943190,-0.393590,0.093624,16.091010,-0.413520,0.060915
2062.000000,15.704440,-0.273800,0.948225,15.711210,-0.177580,0.834695,15.652020,-0.171790,0.438235,15.530460,-0.197520,0.070404,15.657870,-0.187000,0.005334,15.722030,-0.367070,0.840865,15.914390,-0.389310,0.472004,15.963160,-0.394020,0.093514,16.112350,-0.413560,0.066224
2063.000000,15.711590,-0.274190,0.946624,15.718070,-0.177840,0.833245,15.654530,-0.171730,0.437645,15.530530,-0.197700,0.070704,15.657780,-0.186920,0.005204,15.729440,-0.367300,0.839205,15.921520,-0.388930,0.469905,15.982790,-0.394370,0.093734,16.133060,-0.413590,0.071744
2064.000000,15.718780,-0.274580,0.944964,15.724980,-0.178110,0.831735,15.657230,-0.171700,0.437025,15.530650,-0.197900,0.071024,15.657700,-0.186840,0.005064,15.736870,-0.367550,0.837504,15.928620,-0.388580,0.467775,16.001990,-0.394620,0.094254,16.153080,-0.413590,0.077404
2065.000000,15.726010,-0.274990,0.943265,15.731930,-0.178380,0.830175,15.660140,-0.171690,0.436385,15.530830,-0.198100,0.071364,15.657630,-0.186780,0.004914,15.744330,-0.367790,0.835745,15.935730,-0.388270,0.465645,16.020700,-0.394740,0.095034,16.172350,-0.413560,0.083094
2066.000000,15.733280,-0.275400,0.941524,15.738930,-0.178640,0.828574,15.663280,-0.171700,0.435704,15.531060,-0.198290,0.071734,15.657570,-0.186720,0.004754,15.751800,-0.368030,0.833925,15.942880,-0.388010,0.463545,16.038830,-0.394700,0.096014,16.190820,-0.413520,0.088714
2067.000000,15.740580,-0.275820,0.939744,15.745960,-0.178890,0.826955,15.666670,-0.171740,0.434995,15.531360,-0.198490,0.072144,15.657530,-0.186670,0.004594,15.759290,-0.368250,0.832055,15.950090,-0.387790,0.461495,16.056290,-0.394470,0.097134,16.208410,-0.413460,0.094154
2068.000000,15.747900,-0.276240,0.937945,15.753030,-0.179130,0.825304,15.670310,-0.171800,0.434255,15.531720,-0.198670,0.072604,15.657500,-0.186630,0.004424,15.766810,-0.368470,0.830125,15.957410,-0.387590,0.459525,16.072970,-0.394030,0.098304,16.225080,-0.413380,0.099304
2069.000000,15.755270,-0.276660,0.936125,15.760150,-0.179370,0.823635,15.674220,-0.171870,0.433484,15.532150,-0.198840,0.073104,15.657480,-0.186590,0.004244,15.774360,-0.368680,0.828155,15.964850,-0.387410,0.457645,16.088800,-0.393370,0.099464,16.240780,-0.413270,0.104034
2070.000000,15.762670,-0.277080,0.934295,15.767310,-0.179600,0.821964,15.678390,-0.171960,0.432685,15.532640,-0.198990,0.073654,15.657490,-0.186570,0.004064,15.781950,-0.368880,0.826155,15.972450,-0.387220,0.455895,16.103690,-0.392480,0.100494,16.255480,-0.413120,0.108244
2071.000000,15.770110,-0.277520,0.932465,15.774510,-0.179840,0.820284,15.682810,-0.172070,0.431845,15.533190,-0.199120,0.074274,15.657510,-0.186540,0.003874,15.789590,-0.369100,0.824155,15.980230,-0.387000,0.454275,16.117610,-0.391360,0.101324,16.269140,-0.412920,0.111824
2072.000000,15.777600,-0.277960,0.930655,15.781780,-0.180110,0.818615,15.687480,-0.172180,0.430965,15.533800,-0.199220,0.074954,15.657540,-0.186520,0.003674,15.797290,-0.369340,0.822165,15.988220,-0.386740,0.452804,16.130500,-0.390030,0.101874,16.281760,-0.412640,0.114684
2073.000000,15.785140,-0.278410,0.928864,15.789110,-0.180410,0.816955,15.692410,-0.172320,0.430065,15.534480,-0.199280,0.075714,15.657590,-0.186510,0.003474,15.805060,-0.369610,0.820205,15.996430,-0.386410,0.451495,16.142390,-0.388490,0.102094,16.293330,-0.412250,0.116754
2074.000000,15.792750,-0.278880,0.927115,15.796510,-0.180760,0.815304,15.697560,-0.172460,0.429125,15.535220,-0.199300,0.076554,15.657640,-0.186490,0.003264,15.812910,-0.369930,0.818295,16.004860,-0.386000,0.450355,16.153260,-0.386760,0.101934,16.303860,-0.411730,0.117974
2075.000000,15.800420,-0.279360,0.925405,15.804010,-0.181170,0.813665,15.702950,-0.172620,0.428154,15.536020,-0.199280,0.077484,15.657700,-0.186470,0.003044,15.820850,-0.370300,0.816465,16.013500,-0.385500,0.449375,16.163160,-0.384870,0.101364,16.313380,-0.411040,0.118324
2076.000000,15.808170,-0.279850,0.923744,15.811600,-0.181650,0.812055,15.708570,-0.172790,0.427155,15.536900,-0.199220,0.078504,15.657770,-0.186460,0.002834,15.828880,-0.370740,0.814725,16.022350,-0.384910,0.448555,16.172120,-0.382840,0.100394,16.321950,-0.410170,0.117784
2077.000000,15.816010,-0.280360,0.922145,15.819300,-0.182190,0.810454,15.714400,-0.172970,0.426125,15.537840,-0.199100,0.079634,15.657830,-0.186450,0.002605,15.837010,-0.371240,0.813084,16.031370,-0.384220,0.447875,16.180200,-0.380700,0.099034,16.329630,-0.409080,0.116384
2078.000000,15.823930,-0.280880,0.920605,15.827120,-0.182820,0.808885,15.720460,-0.173160,0.425075,15.538870,-0.198930,0.080884,15.657890,-0.186440,0.002374,15.845230,-0.371830,0.811555,16.040530,-0.383460,0.447325,16.187470,-0.378470,0.097324,16.336510,-0.407760,0.114164
2079.000000,15.831950,-0.281430,0.919135,15.835060,-0.183520,0.807345,15.726740,-0.173360,0.423994,15.539990,-0.198710,0.082254,15.657940,-0.186440,0.002144,15.853540,-0.372490,0.810154,16.049780,-0.382620,0.446875,16.193990,-0.376190,0.095314,16.342670,-0.406200,0.111174
2080.000000,15.840060,-0.281980,0.917735,15.843130,-0.184280,0.805845,15.733250,-0.173570,0.422884,15.541220,-0.198440,0.083764,15.657980,-0.186440,0.001904,15.861940,-0.373220,0.808875,16.059080,-0.381730,0.446515,16.199850,-0.373880,0.093084,16.348240,-0.404390,0.107514
2081.000000,15.848270,-0.282560,0.916415,15.851320,-0.185110,0.804385,15.740000,-0.173770,0.421755,15.542570,-0.198120,0.085414,15.658020,-0.186440,0.001664,15.870400,-0.374010,0.807715,16.068370,-0.380830,0.446205,16.205140,-0.371580,0.090694,16.353310,-0.402360,0.103254
2082.000000,15.856570,-0.283150,0.915185,15.859640,-0.185980,0.802984,15.747020,-0.173980,0.420605,15.544070,-0.197740,0.087224,15.658030,-0.186450,0.001424,15.878930,-0.374850,0.806685,16.077610,-0.379930,0.445935,16.209980,-0.369340,0.088234,16.357980,-0.400150,0.098504
2083.000000,15.864960,-0.283740,0.914034,15.868080,-0.186880,0.801644,15.754300,-0.174170,0.419444,15.545750,-0.197320,0.089204,15.658030,-0.186460,0.001194,15.887500,-0.375730,0.805775,16.086750,-0.379060,0.445685,16.214490,-0.367230,0.085784,16.362360,-0.397820,0.093364
2084.000000,15.873430,-0.284350,0.912984,15.876620,-0.187800,0.800374,15.761880,-0.174340,0.418274,15.547640,-0.196850,0.091354,15.658010,-0.186460,0.000974,15.896100,-0.376640,0.804975,16.095770,-0.378270,0.445465,16.218780,-0.365300,0.083424,16.366490,-0.395430,0.087924
2085.000000,15.881970,-0.284960,0.912025,15.885260,-0.188720,0.799185,15.769770,-0.174490,0.417085,15.549770,-0.196330,0.093695,15.657980,-0.186470,0.000784,15.904730,-0.377550,0.804285,16.104640,-0.377580,0.445254,16.222940,-0.363620,0.081214,16.370420,-0.393070,0.082264
2086.000000,15.890580,-0.285560,0.911165,15.893970,-0.189630,0.798075,15.778000,-0.174610,0.415905,15.552190,-0.195770,0.096214,15.657920,-0.186470,0.000624,15.913370,-0.378450,0.803694,16.113370,-0.377010,0.445065,16.227010,-0.362230,0.079174,16.374170,-0.390830,0.076474
2087.000000,15.899230,-0.286160,0.910415,15.902760,-0.190520,0.797065,15.786590,-0.174690,0.414715,15.554920,-0.195170,0.098924,15.657850,-0.186480,0.000514,15.922010,-0.379340,0.803204,16.121960,-0.376590,0.444915,16.231000,-0.361170,0.077334,16.377710,-0.388780,0.070644
2088.000000,15.907920,-0.286750,0.909775,15.911600,-0.191380,0.796145,15.795550,-0.174730,0.413515,15.558020,-0.194530,0.101824,15.657770,-0.186480,0.000484,15.930650,-0.380210,0.802825,16.130430,-0.376330,0.444825,16.234850,-0.360440,0.075674,16.381020,-0.386990,0.064854
2089.000000,15.916630,-0.287320,0.909224,15.920480,-0.192220,0.795324,15.804920,-0.174720,0.412315,15.561510,-0.193850,0.104914,15.657710,-0.186470,0.000554,15.939270,-0.381040,0.802544,16.138840,-0.376240,0.444805,16.238510,-0.360030,0.074174,16.384090,-0.385500,0.059195
2090.000000,15.925350,-0.287860,0.908795,15.929380,-0.193020,0.794594,15.814710,-0.174670,0.411095,15.565430,-0.193130,0.108194,15.657690,-0.186480,0.000744,15.947890,-0.381850,0.802365,16.147210,-0.376320,0.444864,16.241910,-0.359930,0.072834,16.386870,-0.384350,0.053734
2091.000000,15.934070,-0.288390,0.908455,15.938300,-0.193790,0.793955,15.824940,-0.174570,0.409865,15.569820,-0.192390,0.111654,15.657730,-0.186480,0.001104,15.956490,-0.382630,0.802295,16.155590,-0.376560,0.445025,16.245000,-0.360080,0.071624,16.389370,-0.383550,0.048535
2092.000000,15.942770,-0.288890,0.908215,15.947220,-0.194540,0.793405,15.835620,-0.174410,0.408605,15.574680,-0.191630,0.115304,15.657880,-0.186470,0.001654,15.965080,-0.383390,0.802335,16.164010,-0.376950,0.445275,16.247770,-0.360440,0.070544,16.391580,-0.383060,0.043645
2093.000000,15.951440,-0.289360,0.908075,15.956140,-0.195290,0.792934,15.846740,-0.174200,0.407305,15.580040,-0.190850,0.119144,15.658170,-0.186460,0.002435,15.973630,-0.384140,0.802485,16.172480,-0.377460,0.445615,16.250230,-0.360940,0.069584,16.393520,-0.382850,0.039094
2094.000000,15.960070,-0.289820,0.908015,15.965030,-0.196040,0.792555,15.858330,-0.173940,0.405975,15.585920,-0.190070,0.123155,15.658660,-0.186430,0.003474,15.982160,-0.384880,0.802744,16.180990,-0.378080,0.446015,16.252390,-0.361530,0.068745,16.395180,-0.382860,0.034924
2095.000000,15.968660,-0.290270,0.908045,15.973900,-0.196790,0.792245,15.870360,-0.173640,0.404595,15.592290,-0.189270,0.127344,15.659400,-0.186390,0.004794,15.990660,-0.385630,0.803115,16.189530,-0.378760,0.446474,16.254290,-0.362150,0.068004,16.396600,-0.383040,0.031144
2096.000000,15.977190,-0.290710,0.908145,15.982730,-0.197560,0.792005,15.882820,-0.173290,0.403185,15.599170,-0.188470,0.131705,15.660430,-0.186310,0.006424,15.999120,-0.386400,0.803574,16.198050,-0.379490,0.446945,16.255940,-0.362740,0.067354,16.397790,-0.383300,0.027764
2097.000000,15.985650,-0.291160,0.908324,15.991510,-0.198360,0.791834,15.895700,-0.172920,0.401734,15.606530,-0.187670,0.136234,15.661820,-0.186200,0.008365,16.007530,-0.387180,0.804134,16.206500,-0.380220,0.447425,16.257370,-0.363250,0.066804,16.398770,-0.383610,0.024795
2098.000000,15.994060,-0.291620,0.908564,16.000240,-0.199180,0.791725,15.908960,-0.172530,0.400275,15.614360,-0.186880,0.140934,15.663610,-0.186060,0.010624,16.015900,-0.387980,0.804775,16.214800,-0.380940,0.447864,16.258610,-0.363650,0.066344,16.399560,-0.383910,0.022204
2099.000000,16.002390,-0.292100,0.908865,16.008900,-0.200030,0.791694,15.922570,-0.172150,0.398805,15.622630,-0.186080,0.145794,15.665860,-0.185880,0.013225,16.024210,-0.388810,0.805474,16.222900,-0.381610,0.448265,16.259710,-0.363910,0.065954,16.400190,-0.384170,0.019984
2100.000000,16.010650,-0.292610,0.909224,16.017500,-0.200910,0.791714,15.936470,-0.171810,0.397375,15.631340,-0.185280,0.150804,15.668620,-0.185660,0.016134,16.032480,-0.389650,0.806225,16.230720,-0.382220,0.448595,16.260710,-0.364030,0.065644,16.400680,-0.384370,0.018104
2101.000000,16.018840,-0.293150,0.909644,16.026020,-0.201810,0.791814,15.950620,-0.171510,0.395995,15.640460,-0.184480,0.155935,15.671970,-0.185420,0.019374,16.040690,-0.390520,0.807025,16.238220,-0.382770,0.448845,16.261640,-0.364000,0.065394,16.401050,-0.384500,0.016525
2102.000000,16.026950,-0.293730,0.910115,16.034470,-0.202730,0.791975,15.964960,-0.171270,0.394725,15.649990,-0.183670,0.161144,15.675960,-0.185160,0.022915,16.048850,-0.391410,0.807845,16.245350,-0.383230,0.449015,16.262540,-0.363830,0.065184,16.401320,-0.384560,0.015204
2103.000000,16.034980,-0.294340,0.910635,16.042840,-0.203660,0.792215,15.979440,-0.171120,0.393585,15.659940,-0.182870,0.166404,15.680690,-0.184870,0.026724,16.056950,-0.392320,0.808694,16.252090,-0.383600,0.449084,16.263430,-0.363540,0.065014,16.401510,-0.384570,0.014104
2104.000000,16.042930,-0.295000,0.911215,16.051120,-0.204600,0.792535,15.993990,-0.171040,0.392634,15.670310,-0.182080,0.171654,15.686230,-0.184570,0.030775,16.065000,-0.393230,0.809555,16.258440,-0.383890,0.449065,16.264310,-0.363170,0.064874,16.401640,-0.384520,0.013195
2105.000000,16.050810,-0.295690,0.911845,16.059330,-0.205550,0.792934,16.008590,-0.171050,0.391905,15.681110,-0.181300,0.176844,15.692660,-0.184250,0.034994,16.072990,-0.394140,0.810424,16.264400,-0.384100,0.448974,16.265180,-0.362730,0.064744,16.401720,-0.384440,0.012445
2106.000000,16.058610,-0.296410,0.912544,16.067450,-0.206480,0.793424,16.023190,-0.171120,0.391425,15.692330,-0.180560,0.181904,15.700060,-0.183920,0.039315,16.080920,-0.395050,0.811315,16.269990,-0.384240,0.448804,16.266020,-0.362260,0.064614,16.401750,-0.384320,0.011825
2107.000000,16.066340,-0.297150,0.913315,16.075500,-0.207400,0.794005,16.037750,-0.171240,0.391235,15.703960,-0.179860,0.186784,15.708470,-0.183560,0.043654,16.088800,-0.395950,0.812215,16.275230,-0.384320,0.448575,16.266820,-0.361780,0.064485,16.401760,-0.384200,0.011304
2108.000000,16.074010,-0.297900,0.914145,16.083460,-0.208300,0.794685,16.052270,-0.171390,0.391335,15.716000,-0.179200,0.191444,15.717920,-0.183170,0.047945,16.096610,-0.396840,0.813134,16.280160,-0.384360,0.448304,16.267560,-0.361310,0.064364,16.401730,-0.384070,0.010885
2109.000000,16.081610,-0.298660,0.915054,16.091350,-0.209160,0.795474,16.066720,-0.171550,0.391755,15.728440,-0.178590,0.195815,15.728420,-0.182750,0.052095,16.104360,-0.397690,0.814095,16.284800,-0.384370,0.448005,16.268220,-0.360880,0.064254,16.401680,-0.383940,0.010524
2110.000000,16.089150,-0.299400,0.916045,16.099160,-0.209980,0.796365,16.081110,-0.171710,0.392475,15.741270,-0.178030,0.199865,15.739940,-0.182310,0.056035,16.112030,-0.398510,0.815095,16.289180,-0.384370,0.447685,16.268820,-0.360500,0.064144,16.401610,-0.383820,0.010225
2111.000000,16.096640,-0.300130,0.917125,16.106910,-0.210750,0.797374,16.095430,-0.171830,0.393495,15.754470,-0.177510,0.203544,15.752420,-0.181830,0.059695,16.119630,-0.399290,0.816134,16.293330,-0.384370,0.447355,16.269340,-0.360190,0.064054,16.401520,-0.383720,0.009965
2112.000000,16.104070,-0.300820,0.918295,16.114580,-0.211460,0.798505,16.109700,-0.171940,0.394795,15.768040,-0.177020,0.206814,15.765790,-0.181320,0.063004,16.127150,-0.400020,0.817225,16.297250,-0.384390,0.447035,16.269770,-0.359940,0.063994,16.401410,-0.383630,0.009744
2113.000000,16.111460,-0.301480,0.919555,16.122190,-0.212110,0.799744,16.123920,-0.172010,0.396335,15.781960,-0.176560,0.209644,15.779980,-0.180790,0.065944,16.134580,-0.400690,0.818385,16.300970,-0.384430,0.446725,16.270130,-0.359760,0.063964,16.401290,-0.383560,0.009555
2114.000000,16.118810,-0.302100,0.920905,16.129750,-0.212690,0.801115,16.138100,-0.172070,0.398105,15.796220,-0.176120,0.212025,15.794900,-0.180230,0.068454,16.141940,-0.401290,0.819605,16.304480,-0.384510,0.446445,16.270400,-0.359640,0.063974,16.401150,-0.383510,0.009375
2115.000000,16.126130,-0.302670,0.922354,16.137250,-0.213200,0.802594,16.152260,-0.172100,0.400065,15.810800,-0.175710,0.213954,15.810500,-0.179640,0.070514,16.149220,-0.401830,0.820905,16.307790,-0.384630,0.446185,16.270590,-0.359570,0.064014,16.401010,-0.383470,0.009225
2116.000000,16.133440,-0.303200,0.923905,16.144720,-0.213630,0.804204,16.166390,-0.172130,0.402195,15.825690,-0.175320,0.215414,15.826700,-0.179020,0.072134,16.156440,-0.402300,0.822275,16.310890,-0.384790,0.445955,16.270690,-0.359560,0.064104,16.400850,-0.383450,0.009084
2117.000000,16.140730,-0.303690,0.925535,16.152160,-0.213990,0.805925,16.180490,-0.172140,0.404475,15.840860,-0.174970,0.216435,15.843460,-0.178360,0.073294,16.163600,-0.402700,0.823735,16.313800,-0.385000,0.445765,16.270710,-0.359580,0.064234,16.400680,-0.383440,0.008955
2118.000000,16.148020,-0.304140,0.927245,16.159560,-0.214290,0.807744,16.194580,-0.172150,0.406885,15.856300,-0.174660,0.217014,15.860730,-0.177680,0.074014,16.170690,-0.403040,0.825265,16.316510,-0.385250,0.445595,16.270660,-0.359640,0.064394,16.400500,-0.383440,0.008824
2119.000000,16.155310,-0.304550,0.929034,16.166920,-0.214520,0.809655,16.208630,-0.172150,0.409415,15.872000,-0.174380,0.217174,15.878490,-0.176970,0.074314,16.177730,-0.403320,0.826855,16.319030,-0.385530,0.445455,16.270540,-0.359730,0.064604,16.400310,-0.383460,0.008705
2120.000000,16.162590,-0.304930,0.930875,16.174260,-0.214690,0.811635,16.222640,-0.172160,0.412035,15.887920,-0.174140,0.216935,15.896710,-0.176220,0.074214,16.184720,-0.403550,0.828495,16.321370,-0.385840,0.445345,16.270360,-0.359830,0.064844,16.400120,-0.383480,0.008584
2121.000000,16.169870,-0.305280,0.932755,16.181570,-0.214810,0.813665,16.236600,-0.172160,0.414745,15.904050,-0.173930,0.216314,15.915360,-0.175450,0.073744,16.191660,-0.403720,0.830164,16.323530,-0.386160,0.445275,16.270140,-0.359950,0.065104,16.399920,-0.383510,0.008464
2122.000000,16.177140,-0.305620,0.934665,16.188850,-0.214890,0.815744,16.250490,-0.172170,0.417535,15.920390,-0.173760,0.215325,15.934420,-0.174640,0.072944,16.198550,-0.403850,0.831855,16.325530,-0.386490,0.445215,16.269900,-0.360060,0.065384,16.399730,-0.383550,0.008344
2123.000000,16.184410,-0.305940,0.936594,16.196100,-0.214930,0.817835,16.264310,-0.172190,0.420384,15.936910,-0.173600,0.213995,15.953870,-0.173810,0.071834,16.205390,-0.403940,0.833554,16.327390,-0.386810,0.445185,16.269640,-0.360180,0.065684,16.399540,-0.383600,0.008224
2124.000000,16.191680,-0.306250,0.938515,16.203320,-0.214940,0.819935,16.278030,-0.172210,0.423285,15.953610,-0.173460,0.212334,15.973700,-0.172950,0.070454,16.212190,-0.404010,0.835234,16.329110,-0.387130,0.445175,16.269380,-0.360300,0.065994,16.399360,-0.383640,0.008115
2125.000000,16.198930,-0.306550,0.940415,16.210530,-0.214920,0.822025,16.291650,-0.172250,0.426245,15.970480,-0.173320,0.210364,15.993900,-0.172060,0.068824,16.218960,-0.404050,0.836894,16.330710,-0.387420,0.445195,16.269130,-0.360400,0.066304,16.399180,-0.383690,0.007994
2126.000000,16.206160,-0.306840,0.942295,16.217720,-0.214890,0.824075,16.305150,-0.172290,0.429235,15.987510,-0.173180,0.208124,16.014440,-0.171140,0.066994,16.225690,-0.404070,0.838504,16.332200,-0.387690,0.445225,16.268910,-0.360490,0.066624,16.399020,-0.383740,0.007874
2127.000000,16.213390,-0.307130,0.944114,16.224890,-0.214850,0.826084,16.318520,-0.172350,0.432245,16.004700,-0.173030,0.205624,16.035330,-0.170200,0.064974,16.232400,-0.404080,0.840064,16.333600,-0.387940,0.445275,16.268730,-0.360570,0.066924,16.398860,-0.383780,0.007755
2128.000000,16.220590,-0.307420,0.945885,16.232060,-0.214800,0.828035,16.331750,-0.172410,0.435275,16.022050,-0.172870,0.202874,16.056540,-0.169230,0.062814,16.239090,-0.404090,0.841554,16.334930,-0.388160,0.445335,16.268580,-0.360630,0.067234,16.398710,-0.383820,0.007634
2129.000000,16.227780,-0.307700,0.947574,16.239230,-0.214750,0.829905,16.344830,-0.172490,0.438314,16.039570,-0.172670,0.199884,16.078060,-0.168240,0.060534,16.245760,-0.404080,0.842965,16.336210,-0.388360,0.445405,16.268480,-0.360670,0.067524,16.398570,-0.383860,0.007524
2130.000000,16.234940,-0.307970,0.949195,16.246400,-0.214690,0.831695,16.357770,-0.172580,0.441335,16.057260,-0.172450,0.196675,16.099900,-0.167220,0.058155,16.252420,-0.404080,0.844284,16.337450,-0.388540,0.445474,16.268410,-0.360690,0.067814,16.398440,-0.383890,0.007404
2131.000000,16.242080,-0.308230,0.950705,16.253570,-0.214640,0.833384,16.370550,-0.172670,0.444345,16.075160,-0.172190,0.193224,16.122030,-0.166190,0.055715,16.259070,-0.404070,0.845525,16.338670,-0.388700,0.445555,16.268370,-0.360700,0.068104,16.398310,-0.383910,0.007294
2132.000000,16.249190,-0.308490,0.952125,16.260740,-0.214590,0.834975,16.383160,-0.172780,0.447325,16.093270,-0.171880,0.189545,16.144450,-0.165140,0.053245,16.265710,-0.404060,0.846654,16.339900,-0.388860,0.445625,16.268360,-0.360680,0.068374,16.398190,-0.383930,0.007174
2133.000000,16.256280,-0.308730,0.953425,16.267910,-0.214530,0.836465,16.395600,-0.172890,0.450255,16.111610,-0.171530,0.185644,16.167160,-0.164070,0.050764,16.272330,-0.404050,0.847674,16.341140,-0.389000,0.445705,16.268370,-0.360660,0.068654,16.398070,-0.383940,0.007064
2134.000000,16.263330,-0.308970,0.954624,16.275070,-0.214480,0.837835,16.407870,-0.173020,0.453125,16.130190,-0.171150,0.181544,16.190130,-0.162990,0.048294,16.278950,-0.404030,0.848585,16.342400,-0.389130,0.445775,16.268400,-0.360620,0.068924,16.397940,-0.383940,0.006954
2135.000000,16.270350,-0.309190,0.955695,16.282240,-0.214430,0.839085,16.419950,-0.173160,0.455935,16.149020,-0.170730,0.177264,16.213360,-0.161890,0.045885,16.285550,-0.404020,0.849384,16.343680,-0.389240,0.445845,16.268440,-0.360580,0.069194,16.397830,-0.383940,0.006844
2136.000000,16.277340,-0.309400,0.956655,16.289390,-0.214370,0.840214,16.431850,-0.173310,0.458665,16.168110,-0.170290,0.172835,16.236840,-0.160790,0.043544,16.292140,-0.403990,0.850065,16.344980,-0.389350,0.445905,16.268500,-0.360540,0.069454,16.397710,-0.383930,0.006735
2137.000000,16.284290,-0.309600,0.957485,16.296540,-0.214300,0.841225,16.443560,-0.173480,0.461305,16.187470,-0.169830,0.168244,16.260560,-0.159690,0.041294,16.298700,-0.403950,0.850615,16.346310,-0.389430,0.445955,16.268560,-0.360490,0.069714,16.397590,-0.383920,0.006624
2138.000000,16.291210,-0.309780,0.958195,16.303670,-0.214220,0.842105,16.455070,-0.173680,0.463835,16.207130,-0.169360,0.163534,16.284510,-0.158580,0.039164,16.305240,-0.403900,0.851055,16.347680,-0.389510,0.445974,16.268630,-0.360430,0.069974,16.397470,-0.383910,0.006524
2139.000000,16.298110,-0.309940,0.958785,16.310790,-0.214130,0.842865,16.466370,-0.173900,0.466255,16.227100,-0.168880,0.158714,16.308670,-0.157490,0.037174,16.311760,-0.403830,0.851364,16.349070,-0.389580,0.445974,16.268710,-0.360380,0.070234,16.397360,-0.383900,0.006414
2140.000000,16.304970,-0.310070,0.959245,16.317900,-0.214020,0.843504,16.477470,-0.174140,0.468535,16.247390,-0.168390,0.153804,16.333030,-0.156390,0.035354,16.318240,-0.403750,0.851575,16.350500,-0.389640,0.445935,16.268800,-0.360330,0.070494,16.397250,-0.383890,0.006314
2141.000000,16.311810,-0.310180,0.959595,16.324980,-0.213900,0.844025,16.488370,-0.174400,0.470685,16.268000,-0.167910,0.148844,16.357570,-0.155310,0.033715,16.324690,-0.403640,0.851665,16.351950,-0.389690,0.445875,16.268900,-0.360270,0.070754,16.397140,-0.383880,0.006214
2142.000000,16.318630,-0.310260,0.959815,16.332050,-0.213750,0.844425,16.499060,-0.174670,0.472674,16.288930,-0.167430,0.143865,16.382270,-0.154240,0.032285,16.331110,-0.403510,0.851654,16.353430,-0.389740,0.445785,16.269000,-0.360210,0.071014,16.397030,-0.383860,0.006104
2143.000000,16.325440,-0.310310,0.959935,16.339100,-0.213580,0.844704,16.509550,-0.174950,0.474495,16.310150,-0.166940,0.138914,16.407110,-0.153180,0.031065,16.337500,-0.403350,0.851554,16.354920,-0.389800,0.445665,16.269120,-0.360150,0.071274,16.396930,-0.383850,0.006004
2144.000000,16.332230,-0.310320,0.959944,16.346130,-0.213400,0.844865,16.519840,-0.175240,0.476155,16.331620,-0.166460,0.134044,16.432080,-0.152140,0.030095,16.343870,-0.403170,0.851364,16.356430,-0.389850,0.445534,16.269230,-0.360080,0.071514,16.396830,-0.383840,0.005904
2145.000000,16.339010,-0.310310,0.959844,16.353140,-0.213200,0.844894,16.529940,-0.175540,0.477625,16.353270,-0.165960,0.129304,16.457160,-0.151130,0.029394,16.350210,-0.402980,0.851105,16.357950,-0.389910,0.445385,16.269340,-0.360010,0.071754,16.396730,-0.383830,0.005795
2146.000000,16.345780,-0.310250,0.959645,16.360140,-0.212990,0.844815,16.539860,-0.175840,0.478915,16.375050,-0.165460,0.124715,16.482310,-0.150140,0.028975,16.356530,-0.402760,0.850774,16.359470,-0.389980,0.445215,16.269450,-0.359930,0.071974,16.396640,-0.383810,0.005684
2147.000000,16.352550,-0.310170,0.959345,16.367130,-0.212780,0.844604,16.549580,-0.176140,0.480015,16.396940,-0.164950,0.120314,16.507530,-0.149200,0.028865,16.362840,-0.402540,0.850384,16.361020,-0.390060,0.445045,16.269550,-0.359840,0.072194,16.396540,-0.383800,0.005574
2148.000000,16.359320,-0.310050,0.958944,16.374130,-0.212550,0.844275,16.559110,-0.176430,0.480905,16.418890,-0.164430,0.116124,16.532790,-0.148310,0.029084,16.369160,-0.402300,0.849915,16.362570,-0.390140,0.444864,16.269630,-0.359740,0.072414,16.396430,-0.383800,0.005455
2149.000000,16.366100,-0.309890,0.958445,16.381160,-0.212330,0.843824,16.568420,-0.176710,0.481585,16.440900,-0.163910,0.112154,16.558050,-0.147490,0.029665,16.375500,-0.402060,0.849364,16.364140,-0.390220,0.444675,16.269700,-0.359640,0.072634,16.396330,-0.383800,0.005344
2150.000000,16.372900,-0.309700,0.957855,16.388230,-0.212110,0.843264,16.577530,-0.176970,0.482035,16.462960,-0.163390,0.108414,16.583300,-0.146750,0.030615,16.381880,-0.401820,0.848735,16.365730,-0.390310,0.444474,16.269750,-0.359520,0.072864,16.396220,-0.383800,0.005234
2151.000000,16.379720,-0.309490,0.957175,16.395350,-0.211900,0.842575,16.586430,-0.177200,0.482274,16.485060,-0.162870,0.104924,16.608500,-0.146100,0.031975,16.388310,-0.401590,0.848025,16.367350,-0.390400,0.444275,16.269790,-0.359410,0.073104,16.396100,-0.383820,0.005134
2152.000000,16.386570,-0.309250,0.956404,16.402520,-0.211700,0.841785,16.595110,-0.177400,0.482285,16.507180,-0.162360,0.101714,16.633610,-0.145550,0.033765,16.394790,-0.401360,0.847235,16.369010,-0.390490,0.444065,16.269810,-0.359290,0.073354,16.395980,-0.383840,0.005024
2153.000000,16.393450,-0.308990,0.955554,16.409740,-0.211510,0.840894,16.603590,-0.177580,0.482075,16.529330,-0.161850,0.098804,16.658580,-0.145120,0.035985,16.401340,-0.401140,0.846375,16.370720,-0.390570,0.443835,16.269810,-0.359170,0.073624,16.395850,-0.383870,0.004924
2154.000000,16.400370,-0.308720,0.954624,16.417000,-0.211330,0.839915,16.611860,-0.177730,0.481645,16.551480,-0.161370,0.096204,16.683380,-0.144800,0.038655,16.407950,-0.400930,0.845434,16.372490,-0.390640,0.443605,16.269800,-0.359060,0.073914,16.395730,-0.383900,0.004824
2155.000000,16.407330,-0.308420,0.953624,16.424310,-0.211150,0.838844,16.619940,-0.177860,0.481015,16.573600,-0.160900,0.093954,16.707940,-0.144600,0.041785,16.414630,-0.400720,0.844434,16.374330,-0.390690,0.443345,16.269790,-0.358940,0.074214,16.395600,-0.383950,0.004724
2156.000000,16.414330,-0.308110,0.952545,16.431640,-0.210970,0.837695,16.627830,-0.177960,0.480195,16.595650,-0.160460,0.092064,16.732230,-0.144520,0.045365,16.421370,-0.400500,0.843365,16.376250,-0.390730,0.443075,16.269770,-0.358830,0.074534,16.395470,-0.384000,0.004614
2157.000000,16.421370,-0.307790,0.951404,16.439010,-0.210790,0.836475,16.635540,-0.178030,0.479185,16.617600,-0.160080,0.090554,16.756160,-0.144570,0.049384,16.428170,-0.400280,0.842225,16.378280,-0.390740,0.442785,16.269760,-0.358710,0.074874,16.395350,-0.384050,0.004504
2158.000000,16.428460,-0.307460,0.950205,16.446400,-0.210590,0.835195,16.643090,-0.178080,0.478004,16.639380,-0.159770,0.089454,16.779700,-0.144740,0.053815,16.435020,-0.400060,0.841025,16.380440,-0.390730,0.442465,16.269760,-0.358600,0.075234,16.395230,-0.384110,0.004384
2159.000000,16.435590,-0.307120,0.948935,16.453820,-0.210390,0.833844,16.650500,-0.178100,0.476685,16.660920,-0.159560,0.088744,16.802760,-0.145030,0.058625,16.441940,-0.399820,0.839774,16.382730,-0.390690,0.442125,16.269780,-0.358480,0.075614,16.395120,-0.384170,0.004254
2160.000000,16.442760,-0.306780,0.947615,16.461270,-0.210170,0.832454,16.657800,-0.178100,0.475235,16.682150,-0.159460,0.088444,16.825290,-0.145450,0.063754,16.448910,-0.399570,0.838465,16.385190,-0.390620,0.441745,16.269830,-0.358360,0.076024,16.395020,-0.384240,0.004124
2161.000000,16.449980,-0.306430,0.946245,16.468750,-0.209940,0.831005,16.665000,-0.178080,0.473685,16.703000,-0.159510,0.088514,16.847220,-0.145970,0.069154,16.455930,-0.399310,0.837095,16.387830,-0.390530,0.441335,16.269910,-0.358250,0.076444,16.394920,-0.384310,0.003974
2162.000000,16.457230,-0.306070,0.944825,16.476270,-0.209710,0.829515,16.672150,-0.178040,0.472055,16.723390,-0.159710,0.088954,16.868470,-0.146610,0.074724,16.462990,-0.399040,0.835674,16.390670,-0.390430,0.440895,16.270030,-0.358150,0.076904,16.394840,-0.384380,0.003824
2163.000000,16.464520,-0.305700,0.943354,16.483810,-0.209460,0.827985,16.679280,-0.177970,0.470385,16.743220,-0.160060,0.089694,16.889000,-0.147350,0.080404,16.470080,-0.398750,0.834214,16.393730,-0.390310,0.440415,16.270210,-0.358050,0.077384,16.394770,-0.384450,0.003664
2164.000000,16.471840,-0.305330,0.941855,16.491400,-0.209200,0.826415,16.686420,-0.177900,0.468685,16.762420,-0.160580,0.090684,16.908720,-0.148180,0.086084,16.477200,-0.398460,0.832705,16.397020,-0.390190,0.439895,16.270440,-0.357970,0.077884,16.394710,-0.384520,0.003504
2165.000000,16.479200,-0.304950,0.940304,16.499030,-0.208930,0.824825,16.693610,-0.177830,0.466995,16.780890,-0.161290,0.091874,16.927590,-0.149090,0.091654,16.484340,-0.398150,0.831155,16.400550,-0.390060,0.439345,16.270730,-0.357920,0.078424,16.394670,-0.384590,0.003334
2166.000000,16.486590,-0.304550,0.938735,16.506690,-0.208640,0.823195,16.700890,-0.177760,0.465335,16.798570,-0.162170,0.093184,16.945550,-0.150070,0.097014,16.491510,-0.397820,0.829585,16.404320,-0.389920,0.438755,16.271090,-0.357890,0.078984,16.394630,-0.384660,0.003155
2167.000000,16.494010,-0.304130,0.937134,16.514400,-0.208340,0.821555,16.708300,-0.177710,0.463715,16.815370,-0.163240,0.094524,16.962540,-0.151100,0.102054,16.498710,-0.397480,0.828005,16.408330,-0.389770,0.438125,16.271510,-0.357870,0.079584,16.394610,-0.384720,0.002974
2168.000000,16.501470,-0.303690,0.935524,16.522150,-0.208020,0.819894,16.715870,-0.177690,0.462175,16.831240,-0.164490,0.095814,16.978540,-0.152180,0.106664,16.505940,-0.397110,0.826404,16.412570,-0.389610,0.437465,16.272000,-0.357880,0.080224,16.394590,-0.384780,0.002794
2169.000000,16.508960,-0.303230,0.933905,16.529950,-0.207670,0.818225,16.723630,-0.177730,0.460725,16.846140,-0.165900,0.096954,16.993490,-0.153300,0.110724,16.513200,-0.396720,0.824805,16.417050,-0.389440,0.436764,16.272560,-0.357910,0.080904,16.394590,-0.384850,0.002605
2170.000000,16.516500,-0.302740,0.932275,16.537800,-0.207300,0.816555,16.731610,-0.177840,0.459375,16.860020,-0.167450,0.097874,17.007380,-0.154450,0.114144,16.520490,-0.396290,0.823205,16.421760,-0.389260,0.436035,16.273190,-0.357950,0.081644,16.394590,-0.384910,0.002424
2171.000000,16.524080,-0.302230,0.930644,16.545700,-0.206900,0.814894,16.739820,-0.178030,0.458155,16.872870,-0.169100,0.098474,17.020200,-0.155650,0.116844,16.527840,-0.395840,0.821615,16.426680,-0.389060,0.435264,16.273880,-0.358020,0.082455,16.394600,-0.384970,0.002234
2172.000000,16.531720,-0.301680,0.929015,16.553650,-0.206470,0.813245,16.748260,-0.178310,0.457065,16.884690,-0.170840,0.098704,17.031940,-0.156910,0.118734,16.535240,-0.395350,0.820034,16.431820,-0.388860,0.434465,16.274640,-0.358110,0.083324,16.394620,-0.385040,0.002044
2173.000000,16.539410,-0.301090,0.927405,16.561680,-0.205990,0.811624,16.756950,-0.178690,0.456105,16.895480,-0.172630,0.098504,17.042620,-0.158230,0.119764,16.542710,-0.394810,0.818454,16.437180,-0.388650,0.433635,16.275470,-0.358220,0.084274,16.394650,-0.385120,0.001854
2174.000000,16.547160,-0.300480,0.925814,16.569780,-0.205470,0.810045,16.765860,-0.179180,0.455285,16.905260,-0.174470,0.097864,17.052280,-0.159640,0.119904,16.550260,-0.394230,0.816894,16.442740,-0.388440,0.432764,16.276360,-0.358360,0.085304,16.394680,-0.385210,0.001664
2175.000000,16.554990,-0.299830,0.924254,16.577960,-0.204900,0.808515,16.774980,-0.179770,0.454595,16.914070,-0.176330,0.096774,17.060960,-0.161150,0.119164,16.557910,-0.393610,0.815345,16.448530,-0.388240,0.431855,16.277340,-0.358540,0.086444,16.394720,-0.385320,0.001464
2176.000000,16.562900,-0.299150,0.922725,16.586230,-0.204270,0.807034,16.784280,-0.180460,0.454015,16.921960,-0.178210,0.095264,17.068730,-0.162770,0.117544,16.565680,-0.392930,0.813805,16.454530,-0.388050,0.430915,16.278400,-0.358760,0.087684,16.394770,-0.385440,0.001254
2177.000000,16.570900,-0.298430,0.921225,16.594590,-0.203590,0.805615,16.793720,-0.181230,0.453535,16.929000,-0.180080,0.093384,17.075670,-0.164520,0.115114,16.573560,-0.392200,0.812285,16.460770,-0.387880,0.429934,16.279550,-0.359010,0.089044,16.394820,-0.385580,0.001044
2178.000000,16.578980,-0.297690,0.919775,16.603040,-0.202860,0.804265,16.803250,-0.182080,0.453125,16.935290,-0.181930,0.091184,17.081860,-0.166400,0.111934,16.581570,-0.391430,0.810794,16.467240,-0.387730,0.428915,16.280820,-0.359310,0.090534,16.394900,-0.385740,0.000824
2179.000000,16.587160,-0.296930,0.918374,16.611560,-0.202080,0.803005,16.812810,-0.182970,0.452755,16.940930,-0.183720,0.088764,17.087410,-0.168400,0.108094,16.589710,-0.390610,0.809325,16.473970,-0.387600,0.427865,16.282220,-0.359650,0.092154,16.394980,-0.385900,0.000584
2180.000000,16.595430,-0.296150,0.917034,16.620160,-0.201260,0.801814,16.822350,-0.183900,0.452414,16.946040,-0.185430,0.086204,17.092420,-0.170490,0.103704,16.597980,-0.389760,0.807895,16.480960,-0.387490,0.426765,16.283770,-0.360030,0.093934,16.395080,-0.386070,0.000334
2181.000000,16.603780,-0.295350,0.915755,16.628820,-0.200390,0.800714,16.831810,-0.184830,0.452075,16.950740,-0.187020,0.083584,17.096970,-0.172620,0.098864,16.606360,-0.388860,0.806524,16.488250,-0.387410,0.425635,16.285520,-0.360450,0.095874,16.395200,-0.386240,0.000074
2182.000000,16.612210,-0.294550,0.914565,16.637510,-0.199490,0.799705,16.841160,-0.185740,0.451715,16.955130,-0.188450,0.080984,17.101150,-0.174760,0.093684,16.614850,-0.387950,0.805215,16.495840,-0.387350,0.424475,16.287480,-0.360910,0.097974,16.395330,-0.386400,-0.000196
2183.000000,16.620710,-0.293750,0.913455,16.646220,-0.198560,0.798805,16.850360,-0.186610,0.451355,16.959320,-0.189690,0.078474,17.105030,-0.176840,0.088264,16.623420,-0.387010,0.803984,16.503780,-0.387310,0.423274,16.289690,-0.361410,0.100264,16.395460,-0.386550,-0.000456
2184.000000,16.629260,-0.292950,0.912444,16.654940,-0.197610,0.797995,16.859410,-0.187420,0.450975,16.963370,-0.190710,0.076114,17.108660,-0.178800,0.082704,16.632070,-0.386070,0.802855,16.512070,-0.387300,0.422035,16.292190,-0.361930,0.102734,16.395610,-0.386660,-0.000706
2185.000000,16.637860,-0.292170,0.911535,16.663640,-0.196650,0.797315,16.868310,-0.188160,0.450615,16.967290,-0.191500,0.073924,17.112060,-0.180570,0.077084,16.640780,-0.385110,0.801814,16.520760,-0.387300,0.420765,16.295020,-0.362490,0.105404,16.395760,-0.386750,-0.000906
2186.000000,16.646480,-0.291400,0.910735,16.672310,-0.195680,0.796735,16.877070,-0.188800,0.450275,16.971100,-0.192060,0.071924,17.115250,-0.182130,0.071494,16.649520,-0.384160,0.800895,16.529870,-0.387340,0.419455,16.298230,-0.363060,0.108264,16.395920,-0.386810,-0.001046
2187.000000,16.655120,-0.290650,0.910054,16.680940,-0.194700,0.796295,16.885720,-0.189340,0.450005,16.974740,-0.192400,0.070124,17.118220,-0.183430,0.065984,16.658290,-0.383200,0.800084,16.539420,-0.387400,0.418115,16.301860,-0.363640,0.111324,16.396080,-0.386830,-0.001096
2188.000000,16.663760,-0.289930,0.909494,16.689520,-0.193710,0.795984,16.894310,-0.189760,0.449804,16.978170,-0.192550,0.068524,17.120970,-0.184460,0.060644,16.667070,-0.382250,0.799374,16.549430,-0.387480,0.416724,16.305930,-0.364230,0.114584,16.396280,-0.386820,-0.001016
2189.000000,16.672380,-0.289230,0.909054,16.698060,-0.192720,0.795805,16.902870,-0.190050,0.449715,16.981350,-0.192540,0.067124,17.123490,-0.185230,0.055504,16.675850,-0.381290,0.798775,16.559930,-0.387600,0.415285,16.310500,-0.364830,0.118034,16.396510,-0.386780,-0.000766
2190.000000,16.680980,-0.288560,0.908735,16.706550,-0.191720,0.795764,16.911420,-0.190210,0.449735,16.984250,-0.192400,0.065894,17.125780,-0.185750,0.050614,16.684640,-0.380330,0.798274,16.570910,-0.387750,0.413795,16.315580,-0.365410,0.121664,16.396830,-0.386720,-0.000316
2191.000000,16.689540,-0.287910,0.908525,16.714990,-0.190700,0.795855,16.919990,-0.190240,0.449865,16.986860,-0.192170,0.064834,17.127850,-0.186050,0.045995,16.693410,-0.379360,0.797855,16.582380,-0.387920,0.412235,16.321200,-0.365980,0.125474,16.397270,-0.386650,0.000374
2192.000000,16.698050,-0.287270,0.908415,16.723400,-0.189680,0.796065,16.928550,-0.190130,0.450084,16.989190,-0.191880,0.063924,17.129690,-0.186170,0.041665,16.702160,-0.378370,0.797515,16.594340,-0.388100,0.410614,16.327370,-0.366530,0.129444,16.397880,-0.386580,0.001334
2193.000000,16.706520,-0.286640,0.908405,16.731760,-0.188630,0.796405,16.937100,-0.189900,0.450355,16.991270,-0.191540,0.063134,17.131330,-0.186150,0.037624,16.710890,-0.377380,0.797245,16.606770,-0.388290,0.408935,16.334100,-0.367060,0.133554,16.398730,-0.386520,0.002605
2194.000000,16.714930,-0.286020,0.908475,16.740090,-0.187570,0.796835,16.945580,-0.189550,0.450665,16.993120,-0.191180,0.062455,17.132780,-0.186030,0.033895,16.719580,-0.376360,0.797025,16.619650,-0.388470,0.407185,16.341380,-0.367560,0.137804,16.399870,-0.386480,0.004204
2195.000000,16.723270,-0.285400,0.908625,16.748380,-0.186500,0.797365,16.953940,-0.189110,0.450955,16.994790,-0.190820,0.061854,17.134050,-0.185850,0.030464,16.728220,-0.375320,0.796864,16.632940,-0.388630,0.405385,16.349210,-0.368030,0.142164,16.401390,-0.386470,0.006144
2196.000000,16.731550,-0.284770,0.908834,16.756620,-0.185420,0.797965,16.962120,-0.188580,0.451194,16.996280,-0.190470,0.061324,17.135140,-0.185640,0.027345,16.736810,-0.374280,0.796755,16.646610,-0.388750,0.403555,16.357570,-0.368480,0.146624,16.403350,-0.386490,0.008445
2197.000000,16.739750,-0.284120,0.909095,16.764820,-0.184330,0.798615,16.970070,-0.187980,0.451355,16.997630,-0.190150,0.060824,17.136080,-0.185420,0.024535,16.745330,-0.373220,0.796705,16.660590,-0.388810,0.401715,16.366420,-0.368900,0.151174,16.405840,-0.386550,0.011075
2198.000000,16.747880,-0.283460,0.909405,16.772980,-0.183250,0.799315,16.977720,-0.187350,0.451414,16.998840,-0.189870,0.060364,17.136860,-0.185200,0.022024,16.753780,-0.372160,0.796705,16.674860,-0.388810,0.399904,16.375760,-0.369300,0.155804,16.408930,-0.386650,0.014055
2199.000000,16.755930,-0.282780,0.909755,16.781080,-0.182180,0.800045,16.985040,-0.186700,0.451365,16.999910,-0.189650,0.059924,17.137490,-0.185010,0.019825,16.762130,-0.371100,0.796764,16.689350,-0.388740,0.398165,16.385540,-0.369660,0.160494,16.412710,-0.386790,0.017355
2200.000000,16.763900,-0.282080,0.910154,16.789130,-0.181130,0.800805,16.992000,-0.186060,0.451205,17.000860,-0.189510,0.059504,17.138000,-0.184840,0.017924,16.770390,-0.370060,0.796905,16.704010,-0.388600,0.396545,16.395770,-0.370010,0.165214,16.417280,-0.386950,0.020955
2201.000000,16.771790,-0.281360,0.910594,16.797130,-0.180110,0.801574,16.998590,-0.185460,0.450945,17.001680,-0.189440,0.059114,17.138370,-0.184710,0.016314,16.778550,-0.369040,0.797115,16.718780,-0.388400,0.395105,16.406400,-0.370320,0.169964,16.422730,-0.387140,0.024824
2202.000000,16.779600,-0.280620,0.911075,16.805060,-0.179120,0.802354,17.004800,-0.184920,0.450605,17.002380,-0.189450,0.058765,17.138640,-0.184610,0.014964,16.786600,-0.368060,0.797405,16.733610,-0.388160,0.393875,16.417440,-0.370610,0.174704,16.429140,-0.387360,0.028915
2203.000000,16.787330,-0.279880,0.911614,16.812920,-0.178180,0.803165,17.010640,-0.184440,0.450205,17.002970,-0.189520,0.058445,17.138810,-0.184540,0.013854,16.794550,-0.367110,0.797795,16.748450,-0.387890,0.392925,16.428860,-0.370880,0.179404,16.436600,-0.387600,0.033134
2204.000000,16.794990,-0.279120,0.912215,16.820720,-0.177300,0.803995,17.016120,-0.184030,0.449775,17.003470,-0.189650,0.058185,17.138900,-0.184500,0.012945,16.802390,-0.366220,0.798295,16.763270,-0.387610,0.392285,16.440670,-0.371120,0.184004,16.445140,-0.387870,0.037424
2205.000000,16.802560,-0.278360,0.912884,16.828450,-0.176470,0.804855,17.021270,-0.183710,0.449335,17.003890,-0.189820,0.057985,17.138930,-0.184480,0.012214,16.810140,-0.365380,0.798905,16.778020,-0.387350,0.392005,16.452870,-0.371350,0.188454,16.454790,-0.388160,0.041665
2206.000000,16.810070,-0.277610,0.913635,16.836110,-0.175700,0.805755,17.026100,-0.183450,0.448905,17.004270,-0.190000,0.057835,17.138900,-0.184470,0.011634,16.817790,-0.364610,0.799635,16.792690,-0.387100,0.392085,16.465450,-0.371560,0.192694,16.465530,-0.388460,0.045784
2207.000000,16.817510,-0.276880,0.914485,16.843710,-0.175000,0.806715,17.030640,-0.183260,0.448485,17.004610,-0.190200,0.057735,17.138840,-0.184470,0.011165,16.825360,-0.363900,0.800494,16.807280,-0.386890,0.392535,16.478420,-0.371770,0.196654,16.477310,-0.388790,0.049695
2208.000000,16.824900,-0.276160,0.915435,16.851250,-0.174360,0.807735,17.034910,-0.183110,0.448084,17.004930,-0.190400,0.057695,17.138750,-0.184480,0.010794,16.832860,-0.363260,0.801485,16.821780,-0.386710,0.393345,16.491780,-0.371990,0.200274,16.490080,-0.389110,0.053315
2209.000000,16.832230,-0.275470,0.916494,16.858720,-0.173800,0.808835,17.038930,-0.183000,0.447715,17.005240,-0.190590,0.057685,17.138640,-0.184500,0.010495,16.840300,-0.362700,0.802625,16.836210,-0.386570,0.394495,16.505510,-0.372230,0.203505,16.503760,-0.389440,0.056594
2210.000000,16.839520,-0.274810,0.917664,16.866140,-0.173300,0.810005,17.042700,-0.182890,0.447364,17.005550,-0.190760,0.057725,17.138520,-0.184510,0.010245,16.847680,-0.362200,0.803895,16.850570,-0.386460,0.395964,16.519620,-0.372490,0.206324,16.518270,-0.389760,0.059475
2211.000000,16.846770,-0.274180,0.918965,16.873490,-0.172860,0.811265,17.046240,-0.182780,0.447035,17.005840,-0.190920,0.057805,17.138400,-0.184520,0.010045,16.855020,-0.361770,0.805304,16.864880,-0.386400,0.397715,16.534070,-0.372770,0.208714,16.533530,-0.390070,0.061934
2212.000000,16.853990,-0.273590,0.920374,16.880780,-0.172490,0.812624,17.049580,-0.182660,0.446735,17.006110,-0.191050,0.057905,17.138270,-0.184520,0.009865,16.862300,-0.361400,0.806864,16.879140,-0.386370,0.399715,16.548840,-0.373080,0.210665,16.549480,-0.390380,0.063954
2213.000000,16.861180,-0.273050,0.921905,16.888000,-0.172170,0.814055,17.052710,-0.182520,0.446445,17.006340,-0.191160,0.058034,17.138130,-0.184530,0.009715,16.869520,-0.361080,0.808544,16.893370,-0.386370,0.401945,16.563910,-0.373400,0.212194,16.566070,-0.390660,0.065544
2214.000000,16.868350,-0.272540,0.923535,16.895150,-0.171890,0.815574,17.055650,-0.182360,0.446185,17.006520,-0.191240,0.058185,17.138000,-0.184520,0.009574,16.876700,-0.360810,0.810345,16.907550,-0.386390,0.404355,16.579250,-0.373720,0.213314,16.583230,-0.390930,0.066704
2215.000000,16.875490,-0.272070,0.925265,16.902240,-0.171650,0.817175,17.058410,-0.182180,0.445945,17.006650,-0.191310,0.058354,17.137860,-0.184520,0.009444,16.883820,-0.360590,0.812254,16.921690,-0.386410,0.406925,16.594840,-0.374030,0.214014,16.600930,-0.391170,0.067444
2216.000000,16.882620,-0.271640,0.927075,16.909280,-0.171440,0.818815,17.060990,-0.181980,0.445735,17.006710,-0.191370,0.058545,17.137720,-0.184510,0.009324,16.890900,-0.360390,0.814245,16.935790,-0.386430,0.409615,16.610660,-0.374300,0.214304,16.619120,-0.391390,0.067804
2217.000000,16.889750,-0.271240,0.928955,16.916270,-0.171270,0.820515,17.063410,-0.181770,0.445565,17.006710,-0.191420,0.058765,17.137570,-0.184500,0.009215,16.897940,-0.360230,0.816315,16.949820,-0.386450,0.412425,16.626710,-0.374530,0.214184,16.637780,-0.391590,0.067784
2218.000000,16.896860,-0.270870,0.930885,16.923220,-0.171120,0.822234,17.065670,-0.181530,0.445415,17.006650,-0.191490,0.059015,17.137410,-0.184490,0.009104,16.904960,-0.360090,0.818435,16.963780,-0.386470,0.415325,16.642970,-0.374690,0.213635,16.656860,-0.391750,0.067424
2219.000000,16.903980,-0.270520,0.932855,16.930130,-0.170990,0.823975,17.067780,-0.181280,0.445295,17.006540,-0.191580,0.059284,17.137250,-0.184470,0.009004,16.911960,-0.359980,0.820605,16.977660,-0.386480,0.418295,16.659460,-0.374800,0.212665,16.676350,-0.391900,0.066744
2220.000000,16.911090,-0.270210,0.934844,16.937010,-0.170880,0.825715,17.069730,-0.181010,0.445205,17.006400,-0.191680,0.059585,17.137080,-0.184450,0.008904,16.918950,-0.359890,0.822805,16.991440,-0.386480,0.421325,16.676170,-0.374840,0.211275,16.696200,-0.392030,0.065784
2221.000000,16.918190,-0.269910,0.936844,16.943850,-0.170790,0.827445,17.071530,-0.180730,0.445144,17.006230,-0.191810,0.059915,17.136900,-0.184440,0.008814,16.925930,-0.359820,0.825014,17.005100,-0.386480,0.424415,16.693100,-0.374840,0.209484,16.716410,-0.392150,0.064564
2222.000000,16.925300,-0.269640,0.938835,16.950660,-0.170720,0.829155,17.073200,-0.180440,0.445095,17.006060,-0.191940,0.060254,17.136720,-0.184420,0.008715,16.932920,-0.359770,0.827225,17.018640,-0.386470,0.427535,16.710230,-0.374810,0.207344,16.736940,-0.392270,0.063114
2223.000000,16.932400,-0.269380,0.940814,16.957450,-0.170670,0.830835,17.074740,-0.180130,0.445075,17.005900,-0.192070,0.060604,17.136530,-0.184410,0.008625,16.939900,-0.359740,0.829415,17.032030,-0.386470,0.430695,16.727560,-0.374780,0.204874,16.757770,-0.392400,0.061464
2224.000000,16.939510,-0.269140,0.942755,16.964210,-0.170630,0.832485,17.076170,-0.179830,0.445065,17.005760,-0.192190,0.060964,17.136340,-0.184400,0.008535,16.946910,-0.359740,0.831574,17.045250,-0.386460,0.433865,16.745080,-0.374760,0.202115,16.778890,-0.392550,0.059644
2225.000000,16.946610,-0.268930,0.944655,16.970940,-0.170620,0.834085,17.077490,-0.179520,0.445075,17.005650,-0.192300,0.061324,17.136160,-0.184400,0.008435,16.953940,-0.359750,0.833705,17.058300,-0.386460,0.437045,16.762770,-0.374770,0.199114,16.800290,-0.392730,0.057674
2226.000000,16.953720,-0.268730,0.946495,16.977670,-0.170630,0.835635,17.078730,-0.179220,0.445105,17.005580,-0.192400,0.061684,17.135990,-0.184390,0.008355,16.960990,-0.359790,0.835785,17.071170,-0.386480,0.440215,16.780630,-0.374820,0.195894,16.821950,-0.392950,0.055594
2227.000000,16.960820,-0.268550,0.948265,16.984370,-0.170660,0.837114,17.079900,-0.178910,0.445144,17.005550,-0.192470,0.062034,17.135820,-0.184380,0.008265,16.968080,-0.359850,0.837794,17.083850,-0.386500,0.443345,16.798650,-0.374930,0.192485,16.843870,-0.393230,0.053415
2228.000000,16.967920,-0.268390,0.949955,16.991050,-0.170710,0.838545,17.081030,-0.178600,0.445185,17.005550,-0.192530,0.062385,17.135670,-0.184370,0.008174,16.975190,-0.359940,0.839735,17.096340,-0.386550,0.446425,16.816830,-0.375080,0.188914,16.866040,-0.393570,0.051174
2229.000000,16.975010,-0.268250,0.951554,16.997720,-0.170780,0.839885,17.082130,-0.178280,0.445235,17.005570,-0.192580,0.062714,17.135520,-0.184360,0.008095,16.982330,-0.360040,0.841585,17.108630,-0.386620,0.449435,16.835170,-0.375300,0.185194,16.888450,-0.393980,0.048905
2230.000000,16.982090,-0.268130,0.953045,17.004360,-0.170860,0.841145,17.083220,-0.177950,0.445285,17.005610,-0.192600,0.063044,17.135380,-0.184340,0.008015,16.989480,-0.360160,0.843325,17.120740,-0.386710,0.452385,16.853670,-0.375560,0.181344,16.911090,-0.394470,0.046624
2231.000000,16.989150,-0.268020,0.954425,17.010980,-0.170950,0.842305,17.084310,-0.177600,0.445325,17.005650,-0.192610,0.063354,17.135240,-0.184310,0.007935,16.996660,-0.360290,0.844944,17.132650,-0.386810,0.455255,16.872330,-0.375880,0.177385,16.933970,-0.395040,0.044365
2232.000000,16.996190,-0.267930,0.955685,17.017570,-0.171050,0.843365,17.085410,-0.177240,0.445364,17.005680,-0.192600,0.063664,17.135120,-0.184280,0.007845,17.003840,-0.360420,0.846434,17.144370,-0.386930,0.458035,16.891160,-0.376250,0.173335,16.957060,-0.395680,0.042154
2233.000000,17.003210,-0.267860,0.956824,17.024130,-0.171150,0.844325,17.086540,-0.176870,0.445385,17.005710,-0.192580,0.063954,17.134990,-0.184230,0.007764,17.011040,-0.360560,0.847785,17.155910,-0.387060,0.460725,16.910160,-0.376670,0.169184,16.980360,-0.396400,0.040015
2234.000000,17.010210,-0.267800,0.957824,17.030660,-0.171260,0.845155,17.087710,-0.176500,0.445395,17.005710,-0.192560,0.064244,17.134870,-0.184180,0.007684,17.018240,-0.360710,0.848994,17.167260,-0.387190,0.463305,16.929330,-0.377140,0.164964,17.003860,-0.397190,0.037964
2235.000000,17.017180,-0.267760,0.958695,17.037160,-0.171370,0.845865,17.088910,-0.176130,0.445375,17.005690,-0.192540,0.064514,17.134750,-0.184130,0.007594,17.025450,-0.360860,0.850065,17.178430,-0.387330,0.465765,16.948700,-0.377650,0.160664,17.027540,-0.398050,0.036025
2236.000000,17.024130,-0.267730,0.959425,17.043620,-0.171480,0.846454,17.090160,-0.175760,0.445335,17.005660,-0.192520,0.064784,17.134630,-0.184070,0.007504,17.032660,-0.361000,0.850974,17.189410,-0.387460,0.468095,16.968280,-0.378200,0.156314,17.051400,-0.398960,0.034215
2237.000000,17.031050,-0.267710,0.960005,17.050040,-0.171590,0.846905,17.091470,-0.175410,0.445254,17.005600,-0.192510,0.065034,17.134500,-0.184020,0.007415,17.039870,-0.361160,0.851735,17.200200,-0.387590,0.470275,16.988080,-0.378770,0.151894,17.075430,-0.399930,0.032544
2238.000000,17.037950,-0.267720,0.960454,17.056430,-0.171710,0.847235,17.092820,-0.175070,0.445144,17.005530,-0.192510,0.065284,17.134380,-0.183980,0.007324,17.047080,-0.361310,0.852334,17.210800,-0.387730,0.472295,17.008110,-0.379380,0.147434,17.099600,-0.400950,0.031045
2239.000000,17.044820,-0.267730,0.960765,17.062780,-0.171830,0.847425,17.094220,-0.174730,0.444995,17.005450,-0.192530,0.065514,17.134250,-0.183930,0.007224,17.054290,-0.361460,0.852795,17.221200,-0.387870,0.474135,17.028390,-0.380010,0.142945,17.123920,-0.402010,0.029734
2240.000000,17.051680,-0.267770,0.960944,17.069100,-0.171950,0.847484,17.095680,-0.174410,0.444815,17.005360,-0.192550,0.065734,17.134120,-0.183900,0.007124,17.061510,-0.361610,0.853094,17.231410,-0.388010,0.475784,17.048920,-0.380670,0.138454,17.148360,-0.403120,0.028624
2241.000000,17.058520,-0.267830,0.960985,17.075390,-0.172080,0.847425,17.097190,-0.174110,0.444584,17.005270,-0.192590,0.065944,17.133990,-0.183870,0.007014,17.068720,-0.361770,0.853245,17.241430,-0.388140,0.477245,17.069680,-0.381370,0.133985,17.172910,-0.404270,0.027744
2242.000000,17.065350,-0.267910,0.960894,17.081660,-0.172210,0.847245,17.098750,-0.173810,0.444325,17.005200,-0.192640,0.066144,17.133870,-0.183850,0.006905,17.075950,-0.361930,0.853245,17.251270,-0.388270,0.478485,17.090660,-0.382110,0.129574,17.197550,-0.405440,0.027114
2243.000000,17.072170,-0.268010,0.960685,17.087920,-0.172350,0.846955,17.100350,-0.173520,0.444015,17.005140,-0.192710,0.066324,17.133740,-0.183830,0.006784,17.083170,-0.362090,0.853105,17.260930,-0.388390,0.479515,17.111830,-0.382920,0.125254,17.222260,-0.406630,0.026755
2244.000000,17.078980,-0.268140,0.960354,17.094160,-0.172510,0.846565,17.102010,-0.173240,0.443675,17.005110,-0.192780,0.066504,17.133630,-0.183820,0.006664,17.090410,-0.362260,0.852824,17.270420,-0.388510,0.480315,17.133160,-0.383780,0.121064,17.247020,-0.407820,0.026674
2245.000000,17.085810,-0.268300,0.959905,17.100410,-0.172670,0.846075,17.103710,-0.172970,0.443285,17.005100,-0.192880,0.066664,17.133520,-0.183810,0.006534,17.097670,-0.362440,0.852425,17.279730,-0.388610,0.480885,17.154630,-0.384700,0.117024,17.271810,-0.409000,0.026895
2246.000000,17.092640,-0.268490,0.959354,17.106670,-0.172850,0.845484,17.105460,-0.172700,0.442864,17.005100,-0.192980,0.066824,17.133410,-0.183800,0.006414,17.104940,-0.362630,0.851885,17.288880,-0.388700,0.481215,17.176200,-0.385690,0.113164,17.296600,-0.410150,0.027435
2247.000000,17.099490,-0.268710,0.958685,17.112940,-0.173040,0.844824,17.107250,-0.172450,0.442415,17.005130,-0.193100,0.066984,17.133300,-0.183800,0.006284,17.112230,-0.362830,0.851235,17.297860,-0.388780,0.481305,17.197840,-0.386720,0.109514,17.321370,-0.411260,0.028325
2248.000000,17.106370,-0.268960,0.957925,17.119230,-0.173250,0.844085,17.109080,-0.172200,0.441945,17.005170,-0.193230,0.067144,17.133200,-0.183800,0.006154,17.119550,-0.363040,0.850475,17.306680,-0.388850,0.481164,17.219510,-0.387810,0.106114,17.346080,-0.412320,0.029565
2249.000000,17.113270,-0.269250,0.957075,17.125550,-0.173470,0.843275,17.110960,-0.171960,0.441455,17.005220,-0.193370,0.067304,17.133090,-0.183790,0.006024,17.126890,-0.363260,0.849615,17.315340,-0.388900,0.480774,17.241190,-0.388940,0.102974,17.370690,-0.413320,0.031184
2250.000000,17.120200,-0.269570,0.956125,17.131910,-0.173720,0.842395,17.112880,-0.171740,0.440955,17.005270,-0.193520,0.067474,17.132990,-0.183770,0.005904,17.134280,-0.363500,0.848645,17.323840,-0.388940,0.480155,17.262840,-0.390120,0.100114,17.395170,-0.414260,0.033195
2251.000000,17.127160,-0.269930,0.955095,17.138310,-0.173990,0.841454,17.114840,-0.171520,0.440445,17.005310,-0.193680,0.067654,17.132890,-0.183750,0.005795,17.141700,-0.363750,0.847585,17.332170,-0.388970,0.479315,17.284440,-0.391330,0.097564,17.419470,-0.415140,0.035615
2252.000000,17.134160,-0.270320,0.953985,17.144750,-0.174280,0.840454,17.116850,-0.171320,0.439924,17.005350,-0.193850,0.067844,17.132790,-0.183720,0.005684,17.149170,-0.364030,0.846445,17.340360,-0.388990,0.478265,17.305960,-0.392580,0.095334,17.443560,-0.415940,0.038444
2253.000000,17.141190,-0.270740,0.952805,17.151230,-0.174590,0.839395,17.118910,-0.171140,0.439395,17.005390,-0.194040,0.068044,17.132690,-0.183680,0.005574,17.156680,-0.364320,0.845225,17.348390,-0.389000,0.477004,17.327370,-0.393840,0.093434,17.467370,-0.416670,0.041684
2254.000000,17.148270,-0.271200,0.951545,17.157760,-0.174940,0.838264,17.121030,-0.170970,0.438865,17.005410,-0.194250,0.068264,17.132590,-0.183620,0.005474,17.164230,-0.364640,0.843935,17.356300,-0.389010,0.475565,17.348630,-0.395120,0.091884,17.490860,-0.417310,0.045325
2255.000000,17.155380,-0.271680,0.950215,17.164330,-0.175310,0.837085,17.123230,-0.170830,0.438325,17.005450,-0.194490,0.068494,17.132500,-0.183560,0.005364,17.171840,-0.364980,0.842575,17.364070,-0.389020,0.473955,17.369700,-0.396380,0.090684,17.513970,-0.417860,0.049355
2256.000000,17.162540,-0.272200,0.948825,17.170960,-0.175710,0.835835,17.125520,-0.170720,0.437765,17.005490,-0.194740,0.068745,17.132400,-0.183500,0.005254,17.179500,-0.365340,0.841155,17.371740,-0.389040,0.472205,17.390530,-0.397630,0.089844,17.536630,-0.418330,0.053755
2257.000000,17.169740,-0.272750,0.947375,17.177640,-0.176140,0.834535,17.127910,-0.170640,0.437204,17.005560,-0.195010,0.068994,17.132320,-0.183430,0.005144,17.187210,-0.365730,0.839685,17.379320,-0.389090,0.470335,17.411080,-0.398820,0.089354,17.558800,-0.418690,0.058464
2258.000000,17.176990,-0.273310,0.945864,17.184370,-0.176590,0.833175,17.130420,-0.170600,0.436615,17.005650,-0.195310,0.069274,17.132240,-0.183360,0.005024,17.194980,-0.366130,0.838155,17.386830,-0.389170,0.468375,17.431260,-0.399950,0.089194,17.580400,-0.418960,0.063434
2259.000000,17.184280,-0.273900,0.944315,17.191160,-0.177060,0.831765,17.133070,-0.170600,0.436015,17.005780,-0.195620,0.069564,17.132170,-0.183300,0.004905,17.202790,-0.366540,0.836585,17.394300,-0.389290,0.466344,17.451030,-0.400980,0.089354,17.601370,-0.419140,0.068614
2260.000000,17.191630,-0.274510,0.942705,17.198010,-0.177550,0.830305,17.135870,-0.170650,0.435374,17.005960,-0.195940,0.069874,17.132110,-0.183240,0.004775,17.210660,-0.366970,0.834964,17.401740,-0.389470,0.464294,17.470300,-0.401880,0.089774,17.621660,-0.419220,0.073924
2261.000000,17.199020,-0.275130,0.941064,17.204920,-0.178050,0.828805,17.138850,-0.170740,0.434704,17.006180,-0.196270,0.070204,17.132060,-0.183200,0.004645,17.218570,-0.367400,0.833305,17.409190,-0.389700,0.462245,17.489000,-0.402630,0.090424,17.641200,-0.419230,0.079264
2262.000000,17.206450,-0.275750,0.939385,17.211880,-0.178550,0.827265,17.142010,-0.170870,0.434005,17.006450,-0.196610,0.070564,17.132020,-0.183160,0.004494,17.226520,-0.367830,0.831585,17.416680,-0.389980,0.460235,17.507070,-0.403200,0.091254,17.659930,-0.419170,0.084544
2263.000000,17.213920,-0.276380,0.937674,17.218890,-0.179050,0.825685,17.145380,-0.171040,0.433255,17.006780,-0.196940,0.070944,17.132000,-0.183140,0.004344,17.234510,-0.368260,0.829835,17.424230,-0.390310,0.458265,17.524440,-0.403580,0.092184,17.677810,-0.419070,0.089654
2264.000000,17.221430,-0.277010,0.935935,17.225950,-0.179550,0.824075,17.148970,-0.171260,0.432475,17.007160,-0.197260,0.071364,17.131980,-0.183120,0.004174,17.242520,-0.368680,0.828025,17.431890,-0.390660,0.456385,17.541050,-0.403740,0.093154,17.694790,-0.418930,0.094494
2265.000000,17.228980,-0.277650,0.934175,17.233060,-0.180040,0.822454,17.152800,-0.171500,0.431654,17.007580,-0.197560,0.071834,17.131980,-0.183110,0.004004,17.250570,-0.369100,0.826184,17.439670,-0.391020,0.454595,17.556870,-0.403670,0.094104,17.710820,-0.418780,0.098944
2266.000000,17.236550,-0.278280,0.932395,17.240220,-0.180540,0.820805,17.156850,-0.171770,0.430795,17.008060,-0.197840,0.072344,17.131980,-0.183110,0.003834,17.258640,-0.369510,0.824304,17.447610,-0.391360,0.452914,17.571840,-0.403380,0.094964,17.725880,-0.418620,0.102904
2267.000000,17.244160,-0.278910,0.930624,17.247430,-0.181050,0.819145,17.161150,-0.172060,0.429895,17.008600,-0.198090,0.072924,17.132000,-0.183100,0.003644,17.266740,-0.369940,0.822415,17.455730,-0.391660,0.451365,17.585960,-0.402870,0.095654,17.739940,-0.418450,0.106274
2268.000000,17.251820,-0.279560,0.928855,17.254710,-0.181580,0.817474,17.165690,-0.172370,0.428965,17.009180,-0.198300,0.073564,17.132020,-0.183090,0.003464,17.274880,-0.370380,0.820524,17.464050,-0.391900,0.449955,17.599180,-0.402150,0.096124,17.753000,-0.418280,0.108944
2269.000000,17.259510,-0.280210,0.927104,17.262050,-0.182150,0.815805,17.170460,-0.172700,0.427994,17.009820,-0.198480,0.074284,17.132050,-0.183090,0.003274,17.283060,-0.370860,0.818665,17.472560,-0.392060,0.448675,17.611520,-0.401240,0.096324,17.765040,-0.418080,0.110834
2270.000000,17.267260,-0.280880,0.925385,17.269470,-0.182770,0.814145,17.175480,-0.173040,0.427005,17.010520,-0.198610,0.075084,17.132080,-0.183080,0.003074,17.291300,-0.371390,0.816855,17.481290,-0.392120,0.447555,17.622960,-0.400160,0.096214,17.776080,-0.417850,0.111884
2271.000000,17.275070,-0.281570,0.923705,17.276980,-0.183460,0.812485,17.180720,-0.173400,0.425985,17.011280,-0.198700,0.075984,17.132120,-0.183070,0.002884,17.299590,-0.371980,0.815115,17.490220,-0.392060,0.446575,17.633510,-0.398930,0.095774,17.786160,-0.417560,0.112034
2272.000000,17.282940,-0.282280,0.922075,17.284580,-0.184210,0.810835,17.186200,-0.173770,0.424945,17.012100,-0.198740,0.076994,17.132160,-0.183060,0.002684,17.307950,-0.372640,0.813465,17.499330,-0.391890,0.445754,17.643180,-0.397580,0.094974,17.795290,-0.417180,0.111264
2273.000000,17.290880,-0.283020,0.920505,17.292300,-0.185030,0.809215,17.191910,-0.174150,0.423884,17.012990,-0.198740,0.078114,17.132210,-0.183040,0.002484,17.316360,-0.373380,0.811914,17.508610,-0.391620,0.445065,17.652000,-0.396120,0.093844,17.803550,-0.416680,0.109574
2274.000000,17.298900,-0.283780,0.918995,17.300130,-0.185940,0.807624,17.197850,-0.174540,0.422815,17.013970,-0.198700,0.079364,17.132260,-0.183030,0.002274,17.324840,-0.374200,0.810485,17.518010,-0.391250,0.444515,17.659990,-0.394580,0.092394,17.810980,-0.416060,0.106994
2275.000000,17.306990,-0.284580,0.917555,17.308080,-0.186920,0.806065,17.204030,-0.174950,0.421735,17.015040,-0.198610,0.080754,17.132300,-0.183010,0.002064,17.333370,-0.375100,0.809165,17.527510,-0.390800,0.444095,17.667230,-0.392990,0.090664,17.817650,-0.415290,0.103574
2276.000000,17.315170,-0.285400,0.916195,17.316160,-0.187970,0.804544,17.210470,-0.175360,0.420645,17.016230,-0.198480,0.082294,17.132350,-0.183000,0.001844,17.341940,-0.376080,0.807964,17.537070,-0.390300,0.443775,17.673760,-0.391370,0.088734,17.823650,-0.414360,0.099394
2277.000000,17.323420,-0.286260,0.914925,17.324350,-0.189090,0.803084,17.217160,-0.175780,0.419545,17.017560,-0.198320,0.083994,17.132390,-0.182990,0.001624,17.350550,-0.377130,0.806885,17.546630,-0.389790,0.443565,17.679680,-0.389760,0.086644,17.829040,-0.413300,0.094574
2278.000000,17.331760,-0.287130,0.913735,17.332660,-0.190250,0.801694,17.224130,-0.176210,0.418435,17.019040,-0.198140,0.085854,17.132430,-0.182970,0.001394,17.359180,-0.378230,0.805925,17.556170,-0.389280,0.443435,17.685050,-0.388220,0.084495,17.833890,-0.412120,0.089244
2279.000000,17.340160,-0.288020,0.912644,17.341070,-0.191440,0.800374,17.231390,-0.176630,0.417325,17.020710,-0.197930,0.087904,17.132450,-0.182970,0.001174,17.367820,-0.379380,0.805075,17.565650,-0.388810,0.443395,17.689960,-0.386800,0.082334,17.838280,-0.410860,0.083554
2280.000000,17.348630,-0.288930,0.911644,17.349580,-0.192650,0.799134,17.238960,-0.177040,0.416205,17.022590,-0.197690,0.090134,17.132470,-0.182960,0.000974,17.376460,-0.380560,0.804345,17.575050,-0.388420,0.443435,17.694490,-0.385540,0.080254,17.842260,-0.409560,0.077644
2281.000000,17.357160,-0.289840,0.910755,17.358180,-0.193860,0.797984,17.246860,-0.177440,0.415085,17.024730,-0.197440,0.092564,17.132470,-0.182950,0.000784,17.385090,-0.381750,0.803714,17.584360,-0.388110,0.443555,17.698690,-0.384480,0.078284,17.845860,-0.408280,0.071664
2282.000000,17.365730,-0.290750,0.909954,17.366850,-0.195060,0.796925,17.255110,-0.177820,0.413955,17.027150,-0.197170,0.095184,17.132460,-0.182950,0.000624,17.393700,-0.382940,0.803195,17.593560,-0.387910,0.443754,17.702580,-0.383650,0.076464,17.849110,-0.407070,0.065714
2283.000000,17.374340,-0.291650,0.909274,17.375580,-0.196240,0.795955,17.263740,-0.178180,0.412825,17.029900,-0.196880,0.098004,17.132450,-0.182950,0.000524,17.402290,-0.384120,0.802775,17.602660,-0.387840,0.444034,17.706180,-0.383070,0.074814,17.852050,-0.405980,0.059915
2284.000000,17.382980,-0.292530,0.908695,17.384360,-0.197390,0.795084,17.272760,-0.178510,0.411685,17.033010,-0.196580,0.101034,17.132440,-0.182970,0.000494,17.410860,-0.385290,0.802474,17.611670,-0.387900,0.444385,17.709490,-0.382740,0.073344,17.854670,-0.405040,0.054324
2285.000000,17.391640,-0.293400,0.908215,17.393190,-0.198520,0.794315,17.282190,-0.178810,0.410525,17.036510,-0.196270,0.104264,17.132440,-0.182990,0.000554,17.419400,-0.386430,0.802275,17.620580,-0.388080,0.444805,17.712500,-0.382640,0.072044,17.857010,-0.404290,0.049024
2286.000000,17.400300,-0.294240,0.907855,17.402050,-0.199620,0.793635,17.292050,-0.179070,0.409355,17.040440,-0.195960,0.107704,17.132480,-0.183030,0.000754,17.427920,-0.387550,0.802204,17.629420,-0.388400,0.445285,17.715230,-0.382740,0.070914,17.859070,-0.403740,0.044055
2287.000000,17.408960,-0.295050,0.907585,17.410930,-0.200700,0.793034,17.302340,-0.179290,0.408165,17.044810,-0.195640,0.111354,17.132560,-0.183090,0.001114,17.436430,-0.388650,0.802245,17.638190,-0.388840,0.445805,17.717660,-0.383010,0.069924,17.860880,-0.403380,0.039445
2288.000000,17.417610,-0.295850,0.907424,17.419830,-0.201770,0.792535,17.313080,-0.179460,0.406954,17.049660,-0.195340,0.115214,17.132740,-0.183160,0.001674,17.444910,-0.389750,0.802415,17.646870,-0.389380,0.446345,17.719820,-0.383410,0.069074,17.862440,-0.403200,0.035215
2289.000000,17.426240,-0.296620,0.907365,17.428730,-0.202840,0.792115,17.324270,-0.179570,0.405715,17.054990,-0.195030,0.119284,17.133050,-0.183250,0.002464,17.453370,-0.390840,0.802705,17.655450,-0.390020,0.446895,17.721720,-0.383880,0.068324,17.863780,-0.403180,0.031385
2290.000000,17.434840,-0.297380,0.907394,17.437630,-0.203920,0.791775,17.335910,-0.179630,0.404454,17.060820,-0.194740,0.123545,17.133560,-0.183350,0.003534,17.461810,-0.391930,0.803125,17.663920,-0.390740,0.447425,17.723380,-0.384380,0.067684,17.864910,-0.403290,0.027955
2291.000000,17.443410,-0.298130,0.907525,17.446510,-0.205010,0.791515,17.347980,-0.179620,0.403175,17.067150,-0.194450,0.128004,17.134310,-0.183470,0.004894,17.470230,-0.393030,0.803655,17.672230,-0.391510,0.447905,17.724820,-0.384870,0.067114,17.865860,-0.403490,0.024935
2292.000000,17.451940,-0.298880,0.907725,17.455370,-0.206120,0.791324,17.360470,-0.179560,0.401865,17.073960,-0.194160,0.132644,17.135360,-0.183590,0.006574,17.478610,-0.394150,0.804295,17.680340,-0.392320,0.448325,17.726060,-0.385310,0.066624,17.866650,-0.403750,0.022305
2293.000000,17.460420,-0.299640,0.908015,17.464190,-0.207260,0.791215,17.373350,-0.179450,0.400555,17.081250,-0.193880,0.137454,17.136780,-0.183720,0.008584,17.486960,-0.395280,0.805025,17.688220,-0.393150,0.448655,17.727140,-0.385660,0.066184,17.867280,-0.404030,0.020044
2294.000000,17.468840,-0.300410,0.908374,17.472950,-0.208420,0.791175,17.386600,-0.179320,0.399245,17.089010,-0.193610,0.142414,17.138630,-0.183860,0.010934,17.495280,-0.396430,0.805845,17.695820,-0.393970,0.448914,17.728070,-0.385910,0.065814,17.867780,-0.404310,0.018155
2295.000000,17.477210,-0.301200,0.908805,17.481640,-0.209610,0.791215,17.400170,-0.179180,0.397964,17.097250,-0.193360,0.147514,17.140960,-0.184020,0.013625,17.503550,-0.397600,0.806725,17.703100,-0.394760,0.449075,17.728890,-0.386050,0.065484,17.868170,-0.404560,0.016574
2296.000000,17.485510,-0.302010,0.909305,17.490260,-0.210820,0.791315,17.414010,-0.179050,0.396725,17.105970,-0.193140,0.152715,17.143840,-0.184190,0.016654,17.511780,-0.398790,0.807665,17.710040,-0.395520,0.449155,17.729610,-0.386070,0.065214,17.868460,-0.404780,0.015274
2297.000000,17.493750,-0.302850,0.909865,17.498790,-0.212050,0.791494,17.428060,-0.178940,0.395574,17.115170,-0.192960,0.157964,17.147340,-0.184380,0.019995,17.519960,-0.399980,0.808644,17.716630,-0.396220,0.449155,17.730270,-0.385990,0.064984,17.868670,-0.404940,0.014205
2298.000000,17.501910,-0.303710,0.910485,17.507220,-0.213280,0.791755,17.442290,-0.178890,0.394545,17.124840,-0.192840,0.163235,17.151530,-0.184590,0.023644,17.528090,-0.401180,0.809655,17.722850,-0.396870,0.449084,17.730890,-0.385820,0.064794,17.868810,-0.405060,0.013344
2299.000000,17.510000,-0.304590,0.911174,17.515560,-0.214510,0.792084,17.456620,-0.178890,0.393675,17.134970,-0.192760,0.168474,17.156490,-0.184840,0.027555,17.536160,-0.402370,0.810694,17.728720,-0.397450,0.448965,17.731490,-0.385600,0.064634,17.868890,-0.405140,0.012634
2300.000000,17.518030,-0.305500,0.911915,17.523800,-0.215730,0.792505,17.471020,-0.178950,0.392995,17.145540,-0.192730,0.173664,17.162310,-0.185130,0.031695,17.544190,-0.403550,0.811735,17.734230,-0.397970,0.448815,17.732080,-0.385340,0.064504,17.868920,-0.405190,0.012064
2301.000000,17.525980,-0.306410,0.912714,17.531950,-0.216920,0.793025,17.485440,-0.179070,0.392555,17.156540,-0.192750,0.178745,17.169050,-0.185450,0.035985,17.552160,-0.404700,0.812794,17.739420,-0.398430,0.448625,17.732660,-0.385070,0.064394,17.868910,-0.405200,0.011595
2302.000000,17.533870,-0.307330,0.913585,17.540000,-0.218070,0.793625,17.499850,-0.179250,0.392385,17.167950,-0.192820,0.183674,17.176780,-0.185810,0.040364,17.560080,-0.405820,0.813864,17.744290,-0.398840,0.448425,17.733220,-0.384800,0.064304,17.868860,-0.405190,0.011204
2303.000000,17.541690,-0.308250,0.914525,17.547960,-0.219180,0.794335,17.514210,-0.179480,0.392485,17.179750,-0.192930,0.188424,17.185550,-0.186200,0.044735,17.567950,-0.406890,0.814945,17.748880,-0.399200,0.448205,17.733760,-0.384540,0.064224,17.868790,-0.405170,0.010874
2304.000000,17.549450,-0.309150,0.915544,17.555830,-0.220220,0.795165,17.528520,-0.179730,0.392895,17.191940,-0.193100,0.192934,17.195350,-0.186610,0.049035,17.575770,-0.407910,0.816045,17.753200,-0.399540,0.447985,17.734250,-0.384320,0.064154,17.868690,-0.405130,0.010594
2305.000000,17.557150,-0.310030,0.916635,17.563630,-0.221200,0.796095,17.542770,-0.180000,0.393585,17.204510,-0.193310,0.197164,17.206180,-0.187050,0.053165,17.583530,-0.408870,0.817175,17.757280,-0.399860,0.447754,17.734690,-0.384140,0.064094,17.868570,-0.405080,0.010354
2306.000000,17.564800,-0.310890,0.917814,17.571350,-0.222120,0.797145,17.556960,-0.180280,0.394565,17.217450,-0.193550,0.201054,17.217990,-0.187510,0.057055,17.591240,-0.409780,0.818345,17.761130,-0.400160,0.447525,17.735070,-0.384000,0.064054,17.868430,-0.405040,0.010155
2307.000000,17.572400,-0.311720,0.919084,17.579010,-0.222960,0.798324,17.571100,-0.180550,0.395815,17.230750,-0.193810,0.204564,17.230730,-0.187990,0.060635,17.598890,-0.410610,0.819555,17.764760,-0.400450,0.447295,17.735390,-0.383910,0.064024,17.868280,-0.404990,0.009965
2308.000000,17.579960,-0.312510,0.920444,17.586600,-0.223730,0.799625,17.585190,-0.180800,0.397305,17.244400,-0.194100,0.207654,17.244310,-0.188490,0.063854,17.606490,-0.411390,0.820825,17.768190,-0.400750,0.447075,17.735640,-0.383870,0.064024,17.868120,-0.404950,0.009794
2309.000000,17.587480,-0.313260,0.921884,17.594130,-0.224430,0.801045,17.599240,-0.181030,0.399014,17.258400,-0.194390,0.210305,17.258650,-0.188980,0.066664,17.614030,-0.412100,0.822155,17.771420,-0.401050,0.446864,17.735840,-0.383870,0.064044,17.867940,-0.404910,0.009645
2310.000000,17.594970,-0.313970,0.923415,17.601610,-0.225060,0.802574,17.613270,-0.181230,0.400904,17.272720,-0.194690,0.212495,17.273690,-0.189470,0.069034,17.621510,-0.412740,0.823535,17.774450,-0.401360,0.446655,17.735970,-0.383910,0.064084,17.867760,-0.404880,0.009504
2311.000000,17.602420,-0.314630,0.925025,17.609040,-0.225620,0.804215,17.627290,-0.181410,0.402965,17.287360,-0.195000,0.214224,17.289350,-0.189940,0.070944,17.628920,-0.413320,0.824985,17.777280,-0.401670,0.446465,17.736050,-0.383980,0.064164,17.867570,-0.404850,0.009364
2312.000000,17.609830,-0.315260,0.926694,17.616420,-0.226110,0.805945,17.641300,-0.181550,0.405165,17.302280,-0.195320,0.215504,17.305590,-0.190380,0.072394,17.636280,-0.413850,0.826475,17.779930,-0.402000,0.446285,17.736060,-0.384070,0.064264,17.867380,-0.404830,0.009234
2313.000000,17.617220,-0.315840,0.928435,17.623750,-0.226540,0.807775,17.655290,-0.181680,0.407485,17.317480,-0.195670,0.216334,17.322350,-0.190790,0.073374,17.643560,-0.414310,0.828005,17.782390,-0.402330,0.446135,17.736020,-0.384170,0.064404,17.867180,-0.404820,0.009115
2314.000000,17.624580,-0.316390,0.930225,17.631040,-0.226910,0.809665,17.669260,-0.181780,0.409905,17.332930,-0.196050,0.216754,17.339620,-0.191150,0.073914,17.650770,-0.414720,0.829565,17.784680,-0.402670,0.445995,17.735930,-0.384290,0.064584,17.866990,-0.404810,0.008994
2315.000000,17.631920,-0.316900,0.932045,17.638280,-0.227220,0.811615,17.683200,-0.181870,0.412425,17.348620,-0.196460,0.216754,17.357350,-0.191450,0.074014,17.657920,-0.415090,0.831155,17.786810,-0.403010,0.445885,17.735790,-0.384410,0.064794,17.866800,-0.404810,0.008875
2316.000000,17.639230,-0.317390,0.933895,17.645480,-0.227500,0.813615,17.697090,-0.181950,0.415025,17.364530,-0.196900,0.216355,17.375540,-0.191690,0.073724,17.664990,-0.415420,0.832755,17.788790,-0.403340,0.445795,17.735620,-0.384520,0.065034,17.866600,-0.404810,0.008764
2317.000000,17.646530,-0.317850,0.935764,17.652640,-0.227730,0.815635,17.710910,-0.182030,0.417715,17.380650,-0.197360,0.215575,17.394160,-0.191850,0.073064,17.672000,-0.415710,0.834375,17.790640,-0.403650,0.445735,17.735430,-0.384640,0.065304,17.866410,-0.404820,0.008654
2318.000000,17.653820,-0.318290,0.937635,17.659780,-0.227940,0.817674,17.724640,-0.182120,0.420475,17.396960,-0.197830,0.214424,17.413210,-0.191950,0.072064,17.678960,-0.415970,0.835994,17.792370,-0.403960,0.445705,17.735220,-0.384760,0.065584,17.866230,-0.404830,0.008545
2319.000000,17.661100,-0.318710,0.939505,17.666900,-0.228110,0.819715,17.738270,-0.182220,0.423305,17.413460,-0.198300,0.212924,17.432650,-0.191960,0.070754,17.685870,-0.416210,0.837604,17.794010,-0.404240,0.445705,17.735010,-0.384860,0.065894,17.866050,-0.404850,0.008435
2320.000000,17.668370,-0.319120,0.941345,17.674000,-0.228260,0.821735,17.751780,-0.182320,0.426185,17.430140,-0.198770,0.211094,17.452490,-0.191890,0.069174,17.692730,-0.416420,0.839205,17.795550,-0.404500,0.445725,17.734810,-0.384970,0.066214,17.865870,-0.404870,0.008324
2321.000000,17.675630,-0.319520,0.943155,17.681100,-0.228390,0.823735,17.765180,-0.182430,0.429104,17.446980,-0.199220,0.208954,17.472700,-0.191730,0.067364,17.699550,-0.416620,0.840755,17.797020,-0.404740,0.445765,17.734630,-0.385060,0.066534,17.865700,-0.404880,0.008214
2322.000000,17.682880,-0.319910,0.944925,17.688210,-0.228490,0.825685,17.778450,-0.182550,0.432044,17.464000,-0.199640,0.206524,17.493260,-0.191500,0.065354,17.706350,-0.416790,0.842264,17.798430,-0.404970,0.445825,17.734470,-0.385150,0.066854,17.865530,-0.404900,0.008105
2323.000000,17.690130,-0.320280,0.946635,17.695320,-0.228570,0.827585,17.791590,-0.182660,0.434995,17.481180,-0.200030,0.203824,17.514180,-0.191180,0.063164,17.713120,-0.416940,0.843715,17.799790,-0.405190,0.445895,17.734330,-0.385230,0.067174,17.865370,-0.404910,0.008004
2324.000000,17.697360,-0.320640,0.948275,17.702440,-0.228640,0.829415,17.804600,-0.182780,0.437945,17.498520,-0.200380,0.200865,17.535420,-0.190780,0.060835,17.719870,-0.417080,0.845094,17.801110,-0.405390,0.445974,17.734210,-0.385290,0.067494,17.865220,-0.404920,0.007894
2325.000000,17.704570,-0.320990,0.949844,17.709570,-0.228690,0.831164,17.817460,-0.182900,0.440875,17.516050,-0.200670,0.197654,17.556990,-0.190320,0.058405,17.726600,-0.417200,0.846395,17.802410,-0.405590,0.446065,17.734130,-0.385350,0.067804,17.865070,-0.404930,0.007784
2326.000000,17.711760,-0.321330,0.951315,17.716720,-0.228720,0.832815,17.830180,-0.183030,0.443765,17.533760,-0.200900,0.194194,17.578880,-0.189780,0.055885,17.733330,-0.417310,0.847595,17.803690,-0.405780,0.446165,17.734060,-0.385400,0.068104,17.864920,-0.404930,0.007684
2327.000000,17.718930,-0.321650,0.952685,17.723880,-0.228740,0.834375,17.842740,-0.183170,0.446625,17.551690,-0.201070,0.190485,17.601060,-0.189190,0.053324,17.740040,-0.417400,0.848704,17.804960,-0.405970,0.446265,17.734020,-0.385450,0.068404,17.864790,-0.404930,0.007574
2328.000000,17.726070,-0.321960,0.953955,17.731070,-0.228740,0.835824,17.855140,-0.183320,0.449425,17.569850,-0.201150,0.186524,17.623530,-0.188550,0.050744,17.746750,-0.417480,0.849695,17.806230,-0.406160,0.446364,17.733990,-0.385490,0.068704,17.864650,-0.404920,0.007474
2329.000000,17.733180,-0.322250,0.955125,17.738260,-0.228730,0.837155,17.867370,-0.183490,0.452155,17.588260,-0.201160,0.182334,17.646290,-0.187850,0.048164,17.753450,-0.417540,0.850584,17.807490,-0.406340,0.446474,17.733990,-0.385520,0.068994,17.864530,-0.404910,0.007364
2330.000000,17.740260,-0.322530,0.956164,17.745470,-0.228700,0.838365,17.879440,-0.183680,0.454805,17.606930,-0.201080,0.177924,17.669310,-0.187090,0.045624,17.760140,-0.417590,0.851345,17.808770,-0.406520,0.446575,17.734000,-0.385550,0.069274,17.864410,-0.404910,0.007264
2331.000000,17.747310,-0.322790,0.957095,17.752690,-0.228660,0.839454,17.891330,-0.183900,0.457375,17.625860,-0.200940,0.173314,17.692580,-0.186280,0.043145,17.766820,-0.417620,0.851974,17.810060,-0.406700,0.446665,17.734020,-0.385570,0.069564,17.864290,-0.404900,0.007164
2332.000000,17.754330,-0.323020,0.957894,17.759920,-0.228610,0.840415,17.903030,-0.184150,0.459835,17.645080,-0.200730,0.168544,17.716100,-0.185420,0.040745,17.773480,-0.417630,0.852484,17.811370,-0.406880,0.446735,17.734060,-0.385590,0.069844,17.864180,-0.404900,0.007064
2333.000000,17.761330,-0.323240,0.958574,17.767150,-0.228530,0.841245,17.914560,-0.184430,0.462195,17.664590,-0.200460,0.163625,17.739830,-0.184500,0.038455,17.780120,-0.417630,0.852865,17.812710,-0.407050,0.446785,17.734110,-0.385600,0.070134,17.864070,-0.404900,0.006954
2334.000000,17.768290,-0.323430,0.959125,17.774380,-0.228440,0.841935,17.925890,-0.184740,0.464425,17.684400,-0.200140,0.158594,17.763780,-0.183530,0.036284,17.786750,-0.417600,0.853114,17.814080,-0.407240,0.446795,17.734180,-0.385610,0.070414,17.863950,-0.404910,0.006854
2335.000000,17.775240,-0.323590,0.959545,17.781610,-0.228330,0.842504,17.937030,-0.185080,0.466525,17.704510,-0.199770,0.153474,17.787910,-0.182520,0.034255,17.793350,-0.417560,0.853235,17.815490,-0.407420,0.446775,17.734250,-0.385610,0.070704,17.863840,-0.404920,0.006754
2336.000000,17.782160,-0.323730,0.959844,17.788830,-0.228210,0.842944,17.947970,-0.185460,0.468485,17.724910,-0.199380,0.148305,17.812220,-0.181460,0.032385,17.799920,-0.417500,0.853235,17.816930,-0.407610,0.446715,17.734330,-0.385600,0.070994,17.863730,-0.404940,0.006654
2337.000000,17.789070,-0.323830,0.960014,17.796050,-0.228060,0.843245,17.958700,-0.185870,0.470305,17.745600,-0.198960,0.143134,17.836700,-0.180370,0.030705,17.806460,-0.417420,0.853114,17.818410,-0.407790,0.446615,17.734420,-0.385590,0.071284,17.863610,-0.404970,0.006554
2338.000000,17.795960,-0.323910,0.960064,17.803270,-0.227910,0.843425,17.969240,-0.186300,0.471965,17.766530,-0.198530,0.137994,17.861320,-0.179250,0.029225,17.812970,-0.417320,0.852885,17.819910,-0.407980,0.446485,17.734510,-0.385560,0.071564,17.863500,-0.405000,0.006454
2339.000000,17.802840,-0.323950,0.959994,17.810480,-0.227730,0.843475,17.979580,-0.186760,0.473455,17.787690,-0.198110,0.132934,17.886080,-0.178100,0.027965,17.819460,-0.417200,0.852545,17.821440,-0.408170,0.446335,17.734600,-0.385530,0.071844,17.863380,-0.405030,0.006344
2340.000000,17.809720,-0.323960,0.959805,17.817680,-0.227540,0.843405,17.989720,-0.187240,0.474784,17.809060,-0.197690,0.127994,17.910940,-0.176950,0.026954,17.825920,-0.417050,0.852105,17.823000,-0.408360,0.446155,17.734670,-0.385490,0.072114,17.863270,-0.405060,0.006234
2341.000000,17.816600,-0.323930,0.959504,17.824890,-0.227330,0.843214,17.999660,-0.187750,0.475925,17.830610,-0.197290,0.123194,17.935900,-0.175800,0.026215,17.832370,-0.416890,0.851575,17.824600,-0.408540,0.445955,17.734750,-0.385440,0.072374,17.863160,-0.405090,0.006124
2342.000000,17.823480,-0.323870,0.959105,17.832090,-0.227110,0.842905,18.009420,-0.188280,0.476885,17.852310,-0.196900,0.118554,17.960930,-0.174660,0.025774,17.838800,-0.416710,0.850965,17.826240,-0.408720,0.445745,17.734810,-0.385380,0.072634,17.863050,-0.405120,0.006004
2343.000000,17.830380,-0.323770,0.958604,17.839300,-0.226870,0.842484,18.018990,-0.188830,0.477655,17.874150,-0.196520,0.114114,17.986020,-0.173540,0.025654,17.845230,-0.416510,0.850284,17.827910,-0.408900,0.445515,17.734870,-0.385310,0.072884,17.862950,-0.405150,0.005884
2344.000000,17.837300,-0.323630,0.958005,17.846500,-0.226620,0.841965,18.028380,-0.189410,0.478224,17.896100,-0.196140,0.109904,18.011140,-0.172470,0.025884,17.851670,-0.416290,0.849545,17.829640,-0.409060,0.445265,17.734930,-0.385230,0.073134,17.862840,-0.405180,0.005755
2345.000000,17.844230,-0.323450,0.957325,17.853710,-0.226350,0.841334,18.037570,-0.190010,0.478605,17.918130,-0.195770,0.105924,18.036270,-0.171450,0.026485,17.858130,-0.416050,0.848745,17.831430,-0.409210,0.445005,17.734990,-0.385150,0.073394,17.862740,-0.405220,0.005634
2346.000000,17.851190,-0.323240,0.956554,17.860930,-0.226060,0.840624,18.046570,-0.190620,0.478765,17.940220,-0.195380,0.102204,18.061370,-0.170510,0.027474,17.864600,-0.415790,0.847885,17.833280,-0.409350,0.444735,17.735040,-0.385050,0.073644,17.862630,-0.405260,0.005504
2347.000000,17.858180,-0.322990,0.955705,17.868140,-0.225750,0.839815,18.055360,-0.191230,0.478705,17.962340,-0.194970,0.098774,18.086420,-0.169650,0.028885,17.871080,-0.415490,0.846965,17.835220,-0.409470,0.444455,17.735100,-0.384950,0.073904,17.862530,-0.405300,0.005384
2348.000000,17.865190,-0.322700,0.954774,17.875340,-0.225400,0.838925,18.063940,-0.191850,0.478425,17.984490,-0.194520,0.095634,18.111360,-0.168900,0.030734,17.877590,-0.415150,0.845985,17.837250,-0.409570,0.444155,17.735160,-0.384850,0.074174,17.862430,-0.405350,0.005264
2349.000000,17.872230,-0.322370,0.953774,17.882540,-0.225020,0.837965,18.072310,-0.192460,0.477935,18.006620,-0.194030,0.092814,18.136170,-0.168280,0.033035,17.884130,-0.414780,0.844935,17.839380,-0.409650,0.443835,17.735230,-0.384750,0.074464,17.862340,-0.405400,0.005134
2350.000000,17.879300,-0.322020,0.952705,17.889730,-0.224610,0.836925,18.080460,-0.193050,0.477235,18.028720,-0.193500,0.090334,18.160790,-0.167780,0.035775,17.890690,-0.414380,0.843835,17.841620,-0.409700,0.443495,17.735320,-0.384640,0.074764,17.862250,-0.405460,0.005004
2351.000000,17.886400,-0.321630,0.951565,17.896910,-0.224180,0.835815,18.088410,-0.193610,0.476334,18.050750,-0.192950,0.088214,18.185170,-0.167430,0.038975,17.897280,-0.413950,0.842674,17.844000,-0.409740,0.443135,17.735410,-0.384520,0.075084,17.862170,-0.405520,0.004874
2352.000000,17.893540,-0.321230,0.950354,17.904100,-0.223720,0.834624,18.096170,-0.194140,0.475255,18.072660,-0.192370,0.086474,18.209230,-0.167230,0.042614,17.903910,-0.413500,0.841465,17.846510,-0.409740,0.442745,17.735530,-0.384400,0.075434,17.862090,-0.405580,0.004724
2353.000000,17.900710,-0.320800,0.949084,17.911310,-0.223260,0.833354,18.103760,-0.194640,0.474015,18.094410,-0.191800,0.085124,18.232910,-0.167200,0.046664,17.910590,-0.413030,0.840205,17.849170,-0.409730,0.442325,17.735660,-0.384270,0.075794,17.862020,-0.405640,0.004574
2354.000000,17.907920,-0.320360,0.947755,17.918550,-0.222790,0.832014,18.111200,-0.195100,0.472625,18.115920,-0.191260,0.084164,18.256150,-0.167350,0.051095,17.917340,-0.412560,0.838894,17.851990,-0.409680,0.441885,17.735820,-0.384130,0.076194,17.861950,-0.405690,0.004414
2355.000000,17.915170,-0.319910,0.946375,17.925850,-0.222330,0.830615,18.118510,-0.195510,0.471105,18.137120,-0.190780,0.083604,18.278860,-0.167670,0.055835,17.924160,-0.412100,0.837515,17.854970,-0.409600,0.441415,17.736010,-0.383990,0.076614,17.861880,-0.405750,0.004254
2356.000000,17.922480,-0.319460,0.944945,17.933230,-0.221880,0.829145,18.125720,-0.195870,0.469485,18.157930,-0.190380,0.083424,18.300970,-0.168170,0.060824,17.931050,-0.411640,0.836095,17.858120,-0.409500,0.440915,17.736220,-0.383850,0.077054,17.861820,-0.405810,0.004074
2357.000000,17.929830,-0.319000,0.943454,17.940680,-0.221440,0.827615,18.132880,-0.196170,0.467805,18.178260,-0.190110,0.083594,18.322410,-0.168850,0.065994,17.938030,-0.411190,0.834615,17.861450,-0.409370,0.440385,17.736470,-0.383710,0.077544,17.861760,-0.405860,0.003894
2358.000000,17.937220,-0.318540,0.941935,17.948220,-0.221020,0.826045,18.140030,-0.196420,0.466065,18.198010,-0.189980,0.084054,18.343090,-0.169700,0.071254,17.945080,-0.410760,0.833085,17.864950,-0.409210,0.439825,17.736750,-0.383570,0.078054,17.861710,-0.405910,0.003714
2359.000000,17.944670,-0.318080,0.940365,17.955840,-0.220600,0.824445,18.147200,-0.196610,0.464305,18.217090,-0.190030,0.084764,18.362950,-0.170720,0.076494,17.952210,-0.410330,0.831515,17.868640,-0.409030,0.439225,17.737060,-0.383440,0.078604,17.861660,-0.405960,0.003534
2360.000000,17.952160,-0.317610,0.938775,17.963540,-0.220180,0.822805,18.154430,-0.196750,0.462555,18.235420,-0.190270,0.085644,18.381920,-0.171890,0.081614,17.959410,-0.409900,0.829914,17.872530,-0.408830,0.438594,17.737430,-0.383320,0.079194,17.861620,-0.406020,0.003344
2361.000000,17.959710,-0.317140,0.937155,17.971320,-0.219760,0.821145,18.161770,-0.196850,0.460835,18.252920,-0.190710,0.086624,18.399940,-0.173190,0.086514,17.966690,-0.409460,0.828295,17.876610,-0.408620,0.437935,17.737840,-0.383230,0.079824,17.861600,-0.406070,0.003155
2362.000000,17.967300,-0.316650,0.935515,17.979160,-0.219320,0.819474,18.169250,-0.196920,0.459165,18.269510,-0.191370,0.087624,18.416960,-0.174620,0.091064,17.974030,-0.409010,0.826655,17.880900,-0.408400,0.437235,17.738310,-0.383170,0.080494,17.861580,-0.406120,0.002964
2363.000000,17.974950,-0.316150,0.933855,17.987080,-0.218860,0.817805,18.176900,-0.196980,0.457555,18.285150,-0.192250,0.088544,18.432940,-0.176140,0.095144,17.981430,-0.408530,0.824995,17.885390,-0.408170,0.436505,17.738830,-0.383140,0.081204,17.861570,-0.406180,0.002775
2364.000000,17.982650,-0.315630,0.932184,17.995050,-0.218360,0.816134,18.184750,-0.197040,0.456024,18.299790,-0.193320,0.089304,18.447830,-0.177740,0.098634,17.988900,-0.408020,0.823325,17.890090,-0.407930,0.435735,17.739420,-0.383140,0.081974,17.861570,-0.406240,0.002584
2365.000000,17.990410,-0.315090,0.930505,18.003100,-0.217840,0.814474,18.192810,-0.197130,0.454585,18.313400,-0.194590,0.089844,18.461620,-0.179410,0.101434,17.996440,-0.407480,0.821644,17.895000,-0.407670,0.434935,17.740080,-0.383170,0.082794,17.861590,-0.406300,0.002394
2366.000000,17.998240,-0.314530,0.928825,18.011210,-0.217270,0.812825,18.201090,-0.197270,0.453255,18.325970,-0.196010,0.090094,18.474300,-0.181120,0.103424,18.004050,-0.406900,0.819955,17.900130,-0.407400,0.434094,17.740800,-0.383230,0.083674,17.861610,-0.406370,0.002204
2367.000000,18.006120,-0.313950,0.927145,18.019400,-0.216670,0.811195,18.209590,-0.197460,0.452035,18.337490,-0.197560,0.089994,18.485860,-0.182870,0.104524,18.011740,-0.406280,0.818265,17.905490,-0.407100,0.433205,17.741600,-0.383330,0.084634,17.861640,-0.406450,0.002014
2368.000000,18.014080,-0.313330,0.925474,18.027670,-0.216010,0.809605,18.218310,-0.197720,0.450925,18.347990,-0.199190,0.089514,18.496330,-0.184620,0.104664,18.019510,-0.405610,0.816565,17.911080,-0.406790,0.432285,17.742470,-0.383460,0.085664,17.861670,-0.406550,0.001814
2369.000000,18.022100,-0.312690,0.923825,18.036010,-0.215310,0.808055,18.227240,-0.198060,0.449955,18.357490,-0.200870,0.088654,18.505710,-0.186390,0.103814,18.027380,-0.404890,0.814855,17.916920,-0.406470,0.431305,17.743430,-0.383620,0.086804,17.861720,-0.406650,0.001604
2370.000000,18.030190,-0.312020,0.922195,18.044430,-0.214550,0.806544,18.236370,-0.198470,0.449105,18.366030,-0.202560,0.087404,18.514070,-0.188140,0.101974,18.035350,-0.404120,0.813165,17.923030,-0.406130,0.430285,17.744480,-0.383820,0.088044,17.861770,-0.406770,0.001394
2371.000000,18.038350,-0.311320,0.920605,18.052920,-0.213750,0.805105,18.245660,-0.198950,0.448395,18.373660,-0.204210,0.085814,18.521450,-0.189860,0.099184,18.043420,-0.403300,0.811485,17.929410,-0.405790,0.429205,17.745640,-0.384050,0.089404,17.861840,-0.406900,0.001164
2372.000000,18.046580,-0.310590,0.919065,18.061480,-0.212890,0.803735,18.255110,-0.199480,0.447815,18.380450,-0.205780,0.083914,18.527940,-0.191540,0.095524,18.051580,-0.402430,0.809825,17.936080,-0.405440,0.428075,17.746930,-0.384320,0.090894,17.861920,-0.407030,0.000924
2373.000000,18.054880,-0.309840,0.917585,18.070090,-0.212000,0.802435,18.264670,-0.200060,0.447364,18.386480,-0.207240,0.081804,18.533620,-0.193140,0.091114,18.059840,-0.401530,0.808215,17.943070,-0.405090,0.426885,17.748380,-0.384620,0.092544,17.862020,-0.407170,0.000664
2374.000000,18.063220,-0.309060,0.916175,18.078750,-0.211070,0.801235,18.274320,-0.200650,0.447035,18.391850,-0.208550,0.079544,18.538590,-0.194640,0.086104,18.068190,-0.400590,0.806665,17.950390,-0.404750,0.425635,17.750010,-0.384950,0.094364,17.862130,-0.407310,0.000394
2375.000000,18.071620,-0.308280,0.914855,18.087440,-0.210110,0.800125,18.284020,-0.201220,0.446825,18.396680,-0.209680,0.077234,18.542940,-0.196000,0.080665,18.076620,-0.399630,0.805175,17.958070,-0.404410,0.424335,17.751860,-0.385320,0.096354,17.862260,-0.407440,0.000114
2376.000000,18.080040,-0.307490,0.913625,18.096140,-0.209150,0.799115,18.293740,-0.201760,0.446745,18.401050,-0.210610,0.074964,18.546770,-0.197200,0.074944,18.085120,-0.398670,0.803785,17.966120,-0.404090,0.422985,17.753970,-0.385710,0.098544,17.862410,-0.407560,-0.000166
2377.000000,18.088490,-0.306700,0.912494,18.104840,-0.208180,0.798225,18.303470,-0.202230,0.446765,18.405070,-0.211310,0.072794,18.550160,-0.198210,0.069094,18.093660,-0.397700,0.802505,17.974580,-0.403790,0.421595,17.756380,-0.386130,0.100934,17.862570,-0.407650,-0.000426
2378.000000,18.096950,-0.305920,0.911485,18.113520,-0.207230,0.797455,18.313190,-0.202620,0.446895,18.408790,-0.211780,0.070794,18.553180,-0.199030,0.063244,18.102250,-0.396750,0.801354,17.983470,-0.403520,0.420155,17.759140,-0.386570,0.103554,17.862740,-0.407720,-0.000656
2379.000000,18.105420,-0.305160,0.910605,18.122170,-0.206290,0.796805,18.322890,-0.202900,0.447135,18.412250,-0.212020,0.068974,18.555870,-0.199660,0.057505,18.110860,-0.395820,0.800324,17.992800,-0.403270,0.418685,17.762290,-0.387020,0.106404,17.862930,-0.407760,-0.000826
2380.000000,18.113870,-0.304410,0.909845,18.130800,-0.205380,0.796274,18.332570,-0.203070,0.447465,18.415430,-0.212040,0.067364,18.558260,-0.200110,0.051974,18.119480,-0.394910,0.799435,18.002600,-0.403070,0.417195,17.765880,-0.387470,0.109474,17.863140,-0.407760,-0.000906
2381.000000,18.122300,-0.303670,0.909224,18.139390,-0.204480,0.795884,18.342240,-0.203130,0.447885,18.418340,-0.211880,0.065944,18.560390,-0.200400,0.046725,18.128110,-0.394020,0.798675,18.012890,-0.402900,0.415665,17.769960,-0.387920,0.112794,17.863390,-0.407740,-0.000866
2382.000000,18.130710,-0.302960,0.908725,18.147950,-0.203620,0.795625,18.351890,-0.203080,0.448375,18.420960,-0.211570,0.064724,18.562280,-0.200560,0.041794,18.136730,-0.393160,0.798045,18.023660,-0.402790,0.414114,17.774550,-0.388350,0.116334,17.863690,-0.407680,-0.000646
2383.000000,18.139090,-0.302260,0.908365,18.156480,-0.202760,0.795485,18.361500,-0.202930,0.448914,18.423300,-0.211150,0.063674,18.563930,-0.200620,0.037225,18.145340,-0.392320,0.797535,18.034940,-0.402720,0.412545,17.779700,-0.388750,0.120094,17.864070,-0.407590,-0.000226
2384.000000,18.147430,-0.301580,0.908115,18.165000,-0.201920,0.795474,18.371050,-0.202680,0.449465,18.425390,-0.210670,0.062794,18.565380,-0.200610,0.033035,18.153930,-0.391490,0.797145,18.046700,-0.402700,0.410945,17.785420,-0.389120,0.124054,17.864590,-0.407470,0.000444
2385.000000,18.155740,-0.300890,0.907975,18.173490,-0.201080,0.795585,18.380500,-0.202350,0.450005,18.427240,-0.210160,0.062034,18.566630,-0.200550,0.029235,18.162500,-0.390650,0.796845,18.058950,-0.402720,0.409325,17.791730,-0.389430,0.128204,17.865280,-0.407340,0.001404
2386.000000,18.164000,-0.300210,0.907945,18.181980,-0.200230,0.795795,18.389800,-0.201950,0.450495,18.428880,-0.209680,0.061404,18.567690,-0.200460,0.025825,18.171030,-0.389810,0.796644,18.071650,-0.402770,0.407685,17.798620,-0.389690,0.132524,17.866210,-0.407200,0.002684
2387.000000,18.172220,-0.299520,0.908004,18.190460,-0.199370,0.796104,18.398880,-0.201510,0.450885,18.430360,-0.209250,0.060854,18.568590,-0.200370,0.022805,18.179520,-0.388950,0.796535,18.084770,-0.402820,0.406025,17.806100,-0.389890,0.136974,17.867450,-0.407060,0.004305
2388.000000,18.180400,-0.298810,0.908154,18.198930,-0.198490,0.796505,18.407690,-0.201030,0.451155,18.431690,-0.208920,0.060394,18.569320,-0.200280,0.020165,18.187960,-0.388070,0.796494,18.098280,-0.402880,0.404385,17.814130,-0.390010,0.141564,17.869070,-0.406930,0.006294
2389.000000,18.188530,-0.298080,0.908385,18.207390,-0.197610,0.796965,18.416160,-0.200540,0.451275,18.432910,-0.208700,0.059994,18.569920,-0.200210,0.017905,18.196340,-0.387180,0.796544,18.112130,-0.402920,0.402755,17.822700,-0.390070,0.146254,17.871140,-0.406830,0.008664
2390.000000,18.196620,-0.297330,0.908685,18.215850,-0.196710,0.797494,18.424250,-0.200070,0.451255,18.434020,-0.208610,0.059644,18.570380,-0.200160,0.016005,18.204660,-0.386270,0.796675,18.126270,-0.402930,0.401175,17.831780,-0.390050,0.151034,17.873770,-0.406750,0.011395
2391.000000,18.204650,-0.296550,0.909054,18.224290,-0.195800,0.798075,18.431920,-0.199630,0.451075,18.435040,-0.208650,0.059354,18.570740,-0.200130,0.014434,18.212890,-0.385350,0.796884,18.140650,-0.402900,0.399675,17.841350,-0.389960,0.155874,17.877030,-0.406690,0.014485
2392.000000,18.212630,-0.295750,0.909494,18.232700,-0.194900,0.798694,18.439160,-0.199230,0.450765,18.435980,-0.208810,0.059104,18.571010,-0.200130,0.013144,18.221040,-0.384430,0.797185,18.155210,-0.402820,0.398294,17.851380,-0.389800,0.160754,17.881020,-0.406660,0.017914
2393.000000,18.220560,-0.294930,0.909995,18.241090,-0.194010,0.799365,18.445950,-0.198900,0.450355,18.436820,-0.209060,0.058894,18.571190,-0.200140,0.012115,18.229100,-0.383520,0.797575,18.169900,-0.402700,0.397074,17.861850,-0.389570,0.165634,17.885840,-0.406640,0.021645
2394.000000,18.228430,-0.294100,0.910555,18.249440,-0.193150,0.800075,18.452310,-0.198640,0.449865,18.437590,-0.209390,0.058735,18.571320,-0.200160,0.011294,18.237060,-0.382630,0.798065,18.184660,-0.402550,0.396074,17.872740,-0.389290,0.170505,17.891590,-0.406630,0.025634
2395.000000,18.236250,-0.293260,0.911195,18.257740,-0.192320,0.800825,18.458240,-0.198450,0.449315,18.438260,-0.209760,0.058604,18.571390,-0.200200,0.010635,18.244920,-0.381770,0.798655,18.199440,-0.402380,0.395345,17.884050,-0.388950,0.175314,17.898360,-0.406630,0.029795
2396.000000,18.244020,-0.292420,0.911915,18.265980,-0.191540,0.801635,18.463770,-0.198320,0.448755,18.438850,-0.210140,0.058504,18.571420,-0.200240,0.010125,18.252690,-0.380960,0.799365,18.214200,-0.402200,0.394905,17.895740,-0.388570,0.180025,17.906210,-0.406640,0.034055
2397.000000,18.251730,-0.291600,0.912714,18.274160,-0.190820,0.802505,18.468920,-0.198250,0.448194,18.439350,-0.210530,0.058445,18.571420,-0.200290,0.009715,18.260360,-0.380200,0.800185,18.228900,-0.402030,0.394805,17.907830,-0.388140,0.184584,17.915170,-0.406640,0.038315
2398.000000,18.259390,-0.290800,0.913614,18.282250,-0.190160,0.803455,18.473710,-0.198220,0.447635,18.439770,-0.210900,0.058424,18.571390,-0.200340,0.009385,18.267940,-0.379500,0.801134,18.243530,-0.401870,0.395065,17.920310,-0.387680,0.188944,17.925260,-0.406650,0.042485
2399.000000,18.267010,-0.290030,0.914614,18.290270,-0.189560,0.804485,18.478180,-0.198210,0.447115,18.440100,-0.211250,0.058424,18.571340,-0.200400,0.009115,18.275420,-0.378860,0.802215,18.258070,-0.401750,0.395665,17.933170,-0.387200,0.193044,17.936440,-0.406630,0.046455
2400.000000,18.274570,-0.289290,0.915725,18.298190,-0.189030,0.805594,18.482360,-0.198200,0.446615,18.440360,-0.211550,0.058454,18.571280,-0.200450,0.008885,18.282830,-0.378290,0.803424,18.272520,-0.401660,0.396625,17.946420,-0.386710,0.196804,17.948650,-0.406600,0.050145
2401.000000,18.282100,-0.288600,0.916955,18.306020,-0.188570,0.806814,18.486260,-0.198180,0.446144,18.440540,-0.211820,0.058515,18.571200,-0.200500,0.008705,18.290160,-0.377790,0.804785,18.286880,-0.401610,0.397904,17.960060,-0.386220,0.200175,17.961820,-0.406520,0.053495
2402.000000,18.289580,-0.287950,0.918295,18.313750,-0.188170,0.808134,18.489900,-0.198140,0.445715,18.440670,-0.212030,0.058595,18.571100,-0.200540,0.008545,18.297430,-0.377350,0.806285,18.301170,-0.401620,0.399485,17.974090,-0.385740,0.203094,17.975870,-0.406410,0.056434
2403.000000,18.297020,-0.287350,0.919755,18.321380,-0.187820,0.809555,18.493320,-0.198070,0.445315,18.440740,-0.212180,0.058695,18.570990,-0.200570,0.008404,18.304630,-0.376970,0.807925,18.315380,-0.401690,0.401335,17.988500,-0.385290,0.205524,17.990710,-0.406250,0.058934
2404.000000,18.304430,-0.286790,0.921324,18.328910,-0.187530,0.811075,18.496520,-0.197960,0.444955,18.440760,-0.212290,0.058824,18.570870,-0.200590,0.008275,18.311780,-0.376640,0.809694,18.329530,-0.401820,0.403435,18.003280,-0.384870,0.207454,18.006270,-0.406040,0.060974
2405.000000,18.311810,-0.286270,0.923005,18.336350,-0.187270,0.812685,18.499520,-0.197820,0.444635,18.440740,-0.212350,0.058975,18.570740,-0.200600,0.008164,18.318890,-0.376360,0.811585,18.343630,-0.402010,0.405734,18.018420,-0.384480,0.208864,18.022480,-0.405790,0.062554
2406.000000,18.319170,-0.285780,0.924785,18.343710,-0.187040,0.814365,18.502320,-0.197640,0.444355,18.440680,-0.212370,0.059144,18.570600,-0.200600,0.008064,18.325960,-0.376100,0.813585,18.357670,-0.402240,0.408205,18.033880,-0.384120,0.209784,18.039290,-0.405510,0.063674
2407.000000,18.326500,-0.285330,0.926635,18.351000,-0.186840,0.816115,18.504930,-0.197430,0.444105,18.440600,-0.212350,0.059335,18.570450,-0.200580,0.007964,18.332990,-0.375880,0.815674,18.371670,-0.402500,0.410805,18.049650,-0.383790,0.210214,18.056650,-0.405190,0.064344
2408.000000,18.333810,-0.284900,0.928565,18.358230,-0.186660,0.817914,18.507350,-0.197200,0.443905,18.440510,-0.212300,0.059545,18.570290,-0.200560,0.007884,18.340010,-0.375680,0.817825,18.385620,-0.402770,0.413525,18.065680,-0.383470,0.210204,18.074520,-0.404850,0.064594
2409.000000,18.341100,-0.284500,0.930535,18.365410,-0.186490,0.819744,18.509590,-0.196940,0.443745,18.440400,-0.212210,0.059765,18.570130,-0.200530,0.007804,18.347020,-0.375490,0.820014,18.399500,-0.403050,0.416325,18.081950,-0.383160,0.209784,18.092880,-0.404490,0.064454
2410.000000,18.348380,-0.284110,0.932544,18.372550,-0.186330,0.821585,18.511650,-0.196670,0.443625,18.440300,-0.212100,0.060004,18.569960,-0.200490,0.007724,18.354020,-0.375320,0.822245,18.413300,-0.403320,0.419215,18.098430,-0.382850,0.208974,18.111680,-0.404140,0.063944
2411.000000,18.355650,-0.283740,0.934574,18.379650,-0.186180,0.823425,18.513540,-0.196380,0.443534,18.440200,-0.211970,0.060254,18.569800,-0.200450,0.007654,18.361030,-0.375150,0.824495,18.427020,-0.403590,0.422164,18.115120,-0.382530,0.207814,18.130920,-0.403790,0.063114
2412.000000,18.362920,-0.283370,0.936615,18.386710,-0.186020,0.825255,18.515270,-0.196070,0.443474,18.440110,-0.211820,0.060525,18.569640,-0.200400,0.007585,18.368040,-0.374990,0.826744,18.440630,-0.403840,0.425175,18.131990,-0.382220,0.206305,18.150560,-0.403460,0.061985
2413.000000,18.370170,-0.283020,0.938655,18.393730,-0.185870,0.827064,18.516850,-0.195740,0.443445,18.440030,-0.211660,0.060794,18.569480,-0.200350,0.007514,18.375070,-0.374840,0.828985,18.454110,-0.404080,0.428245,18.149050,-0.381900,0.204464,18.170600,-0.403160,0.060595
2414.000000,18.377420,-0.282670,0.940674,18.400720,-0.185730,0.828844,18.518290,-0.195410,0.443435,18.439960,-0.211490,0.061074,18.569310,-0.200300,0.007455,18.382120,-0.374690,0.831205,18.467470,-0.404300,0.431355,18.166300,-0.381600,0.202324,18.191010,-0.402900,0.058975
2415.000000,18.384670,-0.282330,0.942674,18.407670,-0.185580,0.830595,18.519620,-0.195070,0.443445,18.439910,-0.211320,0.061375,18.569150,-0.200250,0.007384,18.389190,-0.374550,0.833384,18.480700,-0.404490,0.434484,18.183730,-0.381330,0.199895,18.211770,-0.402690,0.057155
2416.000000,18.391910,-0.282000,0.944624,18.414600,-0.185430,0.832295,18.520860,-0.194720,0.443474,18.439870,-0.211170,0.061675,18.568990,-0.200210,0.007324,18.396280,-0.374420,0.835515,18.493770,-0.404670,0.437625,18.201340,-0.381080,0.197194,18.232880,-0.402540,0.055175
2417.000000,18.399140,-0.281670,0.946524,18.421490,-0.185300,0.833944,18.522010,-0.194370,0.443525,18.439850,-0.211050,0.062004,18.568830,-0.200170,0.007264,18.403390,-0.374290,0.837595,18.506680,-0.404830,0.440765,18.219140,-0.380870,0.194244,18.254310,-0.402460,0.053065
2418.000000,18.406360,-0.281360,0.948365,18.428360,-0.185170,0.835535,18.523100,-0.194020,0.443595,18.439840,-0.210960,0.062334,18.568670,-0.200140,0.007204,18.410530,-0.374190,0.839595,18.519430,-0.404950,0.443875,18.237120,-0.380720,0.191084,18.276060,-0.402460,0.050854
2419.000000,18.413580,-0.281060,0.950134,18.435200,-0.185070,0.837055,18.524150,-0.193680,0.443685,18.439840,-0.210930,0.062694,18.568510,-0.200110,0.007134,18.417700,-0.374100,0.841535,18.532010,-0.405060,0.446955,18.255290,-0.380620,0.187734,18.298110,-0.402530,0.048574
2420.000000,18.420790,-0.280770,0.951815,18.442010,-0.184980,0.838495,18.525170,-0.193330,0.443785,18.439850,-0.210940,0.063064,18.568360,-0.200090,0.007075,18.424900,-0.374040,0.843395,18.544420,-0.405130,0.449985,18.273650,-0.380590,0.184194,18.320440,-0.402700,0.046245
2421.000000,18.427980,-0.280510,0.953395,18.448800,-0.184920,0.839855,18.526190,-0.192990,0.443885,18.439850,-0.211000,0.063444,18.568210,-0.200080,0.007014,18.432130,-0.374010,0.845175,18.556640,-0.405180,0.452955,18.292200,-0.380620,0.180495,18.343050,-0.402950,0.043915
2422.000000,18.435160,-0.280260,0.954875,18.455550,-0.184890,0.841105,18.527200,-0.192640,0.443985,18.439850,-0.211080,0.063824,18.568070,-0.200070,0.006945,18.439380,-0.374010,0.846855,18.568670,-0.405200,0.455854,18.310950,-0.380720,0.176654,18.365920,-0.403300,0.041594
2423.000000,18.442320,-0.280040,0.956245,18.462270,-0.184880,0.842264,18.528210,-0.192310,0.444075,18.439830,-0.211180,0.064214,18.567930,-0.200070,0.006874,18.446640,-0.374030,0.848425,18.580520,-0.405180,0.458665,18.329900,-0.380890,0.172684,18.389020,-0.403760,0.039315
2424.000000,18.449460,-0.279840,0.957485,18.468960,-0.184880,0.843305,18.529230,-0.191980,0.444165,18.439790,-0.211300,0.064604,18.567790,-0.200070,0.006814,18.453910,-0.374070,0.849865,18.592170,-0.405150,0.461395,18.349060,-0.381120,0.168604,18.412360,-0.404320,0.037104
2425.000000,18.456570,-0.279660,0.958595,18.475620,-0.184910,0.844234,18.530270,-0.191680,0.444225,18.439740,-0.211420,0.064984,18.567660,-0.200060,0.006744,18.461190,-0.374120,0.851185,18.603640,-0.405080,0.464025,18.368410,-0.381420,0.164434,18.435910,-0.404980,0.034974
2426.000000,18.463660,-0.279510,0.959574,18.482240,-0.184940,0.845035,18.531340,-0.191390,0.444275,18.439690,-0.211530,0.065344,18.567530,-0.200060,0.006674,18.468460,-0.374200,0.852364,18.614910,-0.404980,0.466535,18.387960,-0.381780,0.160184,18.459660,-0.405750,0.032945
2427.000000,18.470710,-0.279380,0.960425,18.488820,-0.184990,0.845715,18.532430,-0.191110,0.444295,18.439620,-0.211640,0.065704,18.567400,-0.200040,0.006605,18.475720,-0.374280,0.853395,18.625990,-0.404850,0.468925,18.407710,-0.382200,0.155894,18.483610,-0.406620,0.031054
2428.000000,18.477740,-0.279270,0.961125,18.495370,-0.185060,0.846264,18.533550,-0.190850,0.444285,18.439560,-0.211740,0.066044,18.567280,-0.200030,0.006524,18.482980,-0.374380,0.854275,18.636890,-0.404690,0.471165,18.427640,-0.382680,0.151564,18.507740,-0.407580,0.029304
2429.000000,18.484740,-0.279190,0.961685,18.501890,-0.185130,0.846695,18.534720,-0.190600,0.444235,18.439490,-0.211840,0.066374,18.567170,-0.200010,0.006444,18.490220,-0.374480,0.855015,18.647590,-0.404510,0.473255,18.447750,-0.383230,0.147214,18.532030,-0.408630,0.027715
2430.000000,18.491710,-0.279140,0.962114,18.508370,-0.185210,0.846985,18.535920,-0.190360,0.444165,18.439430,-0.211940,0.066694,18.567060,-0.199980,0.006364,18.497460,-0.374600,0.855595,18.658100,-0.404310,0.475165,18.468030,-0.383820,0.142884,18.556480,-0.409750,0.026325
2431.000000,18.498650,-0.279110,0.962404,18.514820,-0.185310,0.847155,18.537170,-0.190120,0.444055,18.439380,-0.212030,0.067004,18.566960,-0.199960,0.006284,18.504690,-0.374720,0.856024,18.668410,-0.404080,0.476885,18.488490,-0.384470,0.138584,18.581060,-0.410940,0.025145
2432.000000,18.505570,-0.279110,0.962554,18.521250,-0.185410,0.847205,18.538480,-0.189870,0.443905,18.439350,-0.212130,0.067314,18.566860,-0.199940,0.006194,18.511910,-0.374860,0.856314,18.678540,-0.403840,0.478405,18.509110,-0.385180,0.134324,18.605760,-0.412180,0.024195
2433.000000,18.512480,-0.279140,0.962574,18.527660,-0.185530,0.847125,18.539830,-0.189620,0.443715,18.439330,-0.212230,0.067614,18.566770,-0.199920,0.006095,18.519120,-0.375010,0.856445,18.688490,-0.403590,0.479724,18.529900,-0.385930,0.130125,18.630570,-0.413460,0.023515
2434.000000,18.519380,-0.279200,0.962465,18.534050,-0.185670,0.846935,18.541250,-0.189360,0.443495,18.439330,-0.212330,0.067904,18.566690,-0.199910,0.005994,18.526330,-0.375170,0.856434,18.698260,-0.403320,0.480815,18.550860,-0.386740,0.126015,18.655470,-0.414760,0.023114
2435.000000,18.526270,-0.279290,0.962234,18.540440,-0.185820,0.846645,18.542720,-0.189100,0.443235,18.439360,-0.212430,0.068204,18.566610,-0.199900,0.005894,18.533550,-0.375350,0.856285,18.707850,-0.403040,0.481675,18.571990,-0.387600,0.122004,18.680440,-0.416080,0.023015
2436.000000,18.533160,-0.279410,0.961874,18.546830,-0.185990,0.846245,18.544260,-0.188820,0.442924,18.439400,-0.212540,0.068504,18.566530,-0.199890,0.005784,18.540760,-0.375540,0.855994,18.717270,-0.402750,0.482315,18.593260,-0.388510,0.118134,18.705470,-0.417410,0.023255
2437.000000,18.540060,-0.279560,0.961404,18.553220,-0.186170,0.845745,18.545870,-0.188530,0.442595,18.439470,-0.212650,0.068814,18.566440,-0.199890,0.005674,18.547990,-0.375740,0.855575,18.726530,-0.402440,0.482725,18.614680,-0.389470,0.114424,18.730520,-0.418720,0.023845
2438.000000,18.546960,-0.279750,0.960824,18.559640,-0.186380,0.845155,18.547540,-0.188220,0.442225,18.439560,-0.212760,0.069114,18.566350,-0.199880,0.005564,18.555220,-0.375960,0.855025,18.735620,-0.402110,0.482895,18.636220,-0.390460,0.110914,18.755570,-0.420010,0.024805
2439.000000,18.553880,-0.279970,0.960145,18.566080,-0.186600,0.844484,18.549270,-0.187920,0.441825,18.439670,-0.212860,0.069434,18.566260,-0.199870,0.005444,18.562470,-0.376200,0.854345,18.744540,-0.401770,0.482834,18.657860,-0.391490,0.107614,18.780580,-0.421270,0.026165
2440.000000,18.560810,-0.280230,0.959354,18.572550,-0.186830,0.843745,18.551070,-0.187620,0.441415,18.439790,-0.212960,0.069754,18.566150,-0.199850,0.005334,18.569730,-0.376450,0.853545,18.753300,-0.401410,0.482554,18.679570,-0.392540,0.104564,18.805530,-0.422490,0.027924
2441.000000,18.567770,-0.280510,0.958475,18.579050,-0.187080,0.842925,18.552920,-0.187320,0.440985,18.439930,-0.213050,0.070084,18.566050,-0.199830,0.005234,18.577020,-0.376720,0.852635,18.761900,-0.401030,0.482054,18.701340,-0.393610,0.101794,18.830360,-0.423640,0.030115
2442.000000,18.574740,-0.280840,0.957495,18.585590,-0.187340,0.842035,18.554830,-0.187050,0.440555,18.440070,-0.213140,0.070414,18.565940,-0.199790,0.005124,18.584320,-0.376990,0.851604,18.770330,-0.400650,0.481345,18.723120,-0.394700,0.099334,18.855040,-0.424730,0.032745
2443.000000,18.581740,-0.281200,0.956435,18.592160,-0.187610,0.841075,18.556810,-0.186780,0.440125,18.440200,-0.213220,0.070764,18.565830,-0.199740,0.005024,18.591650,-0.377270,0.850475,18.778610,-0.400260,0.480444,18.744880,-0.395800,0.097184,18.879530,-0.425730,0.035814
2444.000000,18.588760,-0.281590,0.955284,18.598750,-0.187890,0.840055,18.558860,-0.186540,0.439685,18.440340,-0.213310,0.071124,18.565720,-0.199690,0.004914,18.598990,-0.377560,0.849255,18.786730,-0.399880,0.479334,18.766600,-0.396900,0.095384,18.903760,-0.426640,0.039324
2445.000000,18.595810,-0.282010,0.954055,18.605380,-0.188180,0.838965,18.560990,-0.186330,0.439255,18.440470,-0.213390,0.071484,18.565620,-0.199630,0.004815,18.606350,-0.377860,0.847955,18.794700,-0.399520,0.478054,18.788240,-0.398000,0.093934,18.927700,-0.427460,0.043285
2446.000000,18.602880,-0.282450,0.952735,18.612010,-0.188470,0.837815,18.563210,-0.186130,0.438814,18.440590,-0.213470,0.071864,18.565520,-0.199560,0.004704,18.613720,-0.378150,0.846565,18.802550,-0.399190,0.476595,18.809750,-0.399080,0.092854,18.951280,-0.428170,0.047664
2447.000000,18.609970,-0.282930,0.951354,18.618670,-0.188760,0.836595,18.565540,-0.185970,0.438375,18.440710,-0.213560,0.072254,18.565430,-0.199500,0.004594,18.621100,-0.378450,0.845114,18.810290,-0.398910,0.474985,18.831080,-0.400120,0.092144,18.974430,-0.428770,0.052424
2448.000000,18.617100,-0.283420,0.949894,18.625330,-0.189040,0.835325,18.567980,-0.185840,0.437924,18.440840,-0.213650,0.072654,18.565350,-0.199440,0.004484,18.628500,-0.378730,0.843595,18.817930,-0.398680,0.473235,18.852170,-0.401090,0.091804,18.997100,-0.429240,0.057534
2449.000000,18.624250,-0.283930,0.948385,18.632010,-0.189330,0.833994,18.570570,-0.185740,0.437465,18.440990,-0.213750,0.073064,18.565270,-0.199370,0.004354,18.635910,-0.379010,0.842025,18.825500,-0.398520,0.471385,18.872940,-0.401990,0.091824,19.019210,-0.429590,0.062934
2450.000000,18.631440,-0.284450,0.946805,18.638700,-0.189600,0.832615,18.573320,-0.185680,0.436984,18.441170,-0.213860,0.073494,18.565200,-0.199310,0.004224,18.643340,-0.379280,0.840404,18.833030,-0.398420,0.469435,18.893320,-0.402780,0.092174,19.040710,-0.429810,0.068554
2451.000000,18.638660,-0.284980,0.945175,18.645420,-0.189870,0.831184,18.576240,-0.185660,0.436475,18.441390,-0.213960,0.073944,18.565140,-0.199260,0.004095,18.650800,-0.379540,0.838745,18.840550,-0.398400,0.467435,18.913220,-0.403450,0.092824,19.061520,-0.429910,0.074304
2452.000000,18.645930,-0.285530,0.943504,18.652190,-0.190140,0.829705,18.579360,-0.185680,0.435935,18.441660,-0.214070,0.074424,18.565080,-0.199200,0.003944,18.658290,-0.379790,0.837035,18.848070,-0.398450,0.465404,18.932550,-0.403970,0.093714,19.081570,-0.429880,0.080094
2453.000000,18.653250,-0.286090,0.941785,18.659020,-0.190420,0.828175,18.582690,-0.185740,0.435355,18.441980,-0.214170,0.074914,18.565030,-0.199150,0.003795,18.665850,-0.380060,0.835295,18.855640,-0.398550,0.463375,18.951230,-0.404330,0.094804,19.100810,-0.429730,0.085834
2454.000000,18.660620,-0.286660,0.940034,18.665930,-0.190720,0.826595,18.586260,-0.185840,0.434725,18.442360,-0.214270,0.075444,18.564980,-0.199100,0.003634,18.673470,-0.380340,0.833515,18.863280,-0.398710,0.461365,18.969180,-0.404520,0.096004,19.119180,-0.429470,0.091404
2455.000000,18.668060,-0.287240,0.938245,18.672940,-0.191050,0.824964,18.590060,-0.185970,0.434035,18.442780,-0.214350,0.076004,18.564940,-0.199060,0.003474,18.681180,-0.380640,0.831695,18.871020,-0.398890,0.459415,18.986320,-0.404530,0.097234,19.136620,-0.429120,0.096694
2456.000000,18.675560,-0.287830,0.936424,18.680030,-0.191410,0.823295,18.594120,-0.186130,0.433295,18.443270,-0.214420,0.076594,18.564900,-0.199010,0.003314,18.688970,-0.380980,0.829855,18.878900,-0.399090,0.457535,19.002570,-0.404360,0.098424,19.153090,-0.428670,0.101584
2457.000000,18.683120,-0.288430,0.934585,18.687230,-0.191800,0.821595,18.598450,-0.186320,0.432484,18.443800,-0.214460,0.077234,18.564870,-0.198970,0.003144,18.696850,-0.381350,0.827975,18.886930,-0.399280,0.455755,19.017880,-0.404010,0.099474,19.168530,-0.428130,0.105964
2458.000000,18.690740,-0.289050,0.932735,18.694510,-0.192240,0.819864,18.603030,-0.186540,0.431605,18.444400,-0.214470,0.077934,18.564840,-0.198940,0.002974,18.704820,-0.381750,0.826075,18.895160,-0.399430,0.454085,19.032200,-0.403490,0.100304,19.182920,-0.427510,0.109714
2459.000000,18.698410,-0.289680,0.930875,18.701890,-0.192720,0.818105,18.607880,-0.186770,0.430665,18.445050,-0.214450,0.078684,18.564820,-0.198910,0.002804,18.712880,-0.382200,0.824145,18.903600,-0.399520,0.452565,19.045520,-0.402790,0.100834,19.196240,-0.426810,0.112744
2460.000000,18.706140,-0.290330,0.929015,18.709370,-0.193240,0.816335,18.612990,-0.187020,0.429665,18.445750,-0.214390,0.079504,18.564800,-0.198890,0.002634,18.721030,-0.382690,0.822205,18.912250,-0.399530,0.451185,19.057800,-0.401930,0.101004,19.208480,-0.426020,0.114954
2461.000000,18.713930,-0.290990,0.927165,18.716960,-0.193820,0.814555,18.618350,-0.187280,0.428595,18.446520,-0.214290,0.080404,18.564780,-0.198880,0.002454,18.729280,-0.383230,0.820254,18.921130,-0.399460,0.449965,19.069080,-0.400900,0.100784,19.219660,-0.425140,0.116274
2462.000000,18.721780,-0.291660,0.925324,18.724660,-0.194450,0.812765,18.623970,-0.187550,0.427475,18.447360,-0.214150,0.081384,18.564760,-0.198870,0.002274,18.737620,-0.383830,0.818325,18.930240,-0.399290,0.448905,19.079350,-0.399730,0.100134,19.229810,-0.424170,0.116654
2463.000000,18.729710,-0.292360,0.923515,18.732480,-0.195160,0.810984,18.629840,-0.187830,0.426295,18.448280,-0.213970,0.082474,18.564750,-0.198860,0.002084,18.746080,-0.384490,0.816424,18.939550,-0.399010,0.448005,19.088670,-0.398420,0.099064,19.238980,-0.423080,0.116084
2464.000000,18.737710,-0.293070,0.921744,18.740430,-0.195940,0.809204,18.635960,-0.188100,0.425065,18.449280,-0.213740,0.083684,18.564730,-0.198850,0.001894,18.754650,-0.385230,0.814574,18.949030,-0.398640,0.447245,19.097080,-0.396990,0.097594,19.247230,-0.421890,0.114564
2465.000000,18.745810,-0.293800,0.920025,18.748510,-0.196790,0.807445,18.642320,-0.188370,0.423795,18.450380,-0.213480,0.085004,18.564720,-0.198840,0.001704,18.763340,-0.386030,0.812814,18.958650,-0.398170,0.446615,19.104630,-0.395460,0.095754,19.254630,-0.420570,0.112124
2466.000000,18.753990,-0.294540,0.918365,18.756730,-0.197720,0.805705,18.648950,-0.188630,0.422485,18.451610,-0.213180,0.086464,18.564710,-0.198820,0.001514,18.772130,-0.386910,0.811134,18.968370,-0.397630,0.446084,19.111390,-0.393840,0.093624,19.261290,-0.419150,0.108834
2467.000000,18.762260,-0.295300,0.916775,18.765070,-0.198710,0.804015,18.655850,-0.188880,0.421145,18.452980,-0.212870,0.088084,18.564690,-0.198800,0.001324,18.781020,-0.387850,0.809574,18.978140,-0.397040,0.445635,19.117470,-0.392170,0.091264,19.267280,-0.417620,0.104774
2468.000000,18.770630,-0.296080,0.915274,18.773510,-0.199740,0.802374,18.663020,-0.189120,0.419774,18.454510,-0.212520,0.089854,18.564670,-0.198780,0.001134,18.789980,-0.388830,0.808134,18.987910,-0.396420,0.445254,19.122960,-0.390490,0.088755,19.272710,-0.416010,0.100044
2469.000000,18.779080,-0.296860,0.913855,18.782050,-0.200810,0.800814,18.670490,-0.189340,0.418385,18.456250,-0.212170,0.091794,18.564640,-0.198750,0.000954,18.799000,-0.389850,0.806825,18.997630,-0.395800,0.444915,19.127990,-0.388830,0.086194,19.277670,-0.414350,0.094764
2470.000000,18.787610,-0.297650,0.912535,18.790660,-0.201890,0.799324,18.678280,-0.189540,0.416975,18.458220,-0.211790,0.093924,18.564600,-0.198720,0.000794,18.808050,-0.390880,0.805644,19.007280,-0.395210,0.444625,19.132660,-0.387250,0.083664,19.282220,-0.412680,0.089074
2471.000000,18.796200,-0.298450,0.911324,18.799330,-0.202970,0.797934,18.686390,-0.189720,0.415565,18.460460,-0.211390,0.096234,18.564550,-0.198700,0.000664,18.817120,-0.391910,0.804585,19.016820,-0.394670,0.444364,19.137090,-0.385810,0.081244,19.286430,-0.411050,0.083074
2472.000000,18.804860,-0.299240,0.910215,18.808040,-0.204040,0.796635,18.694850,-0.189860,0.414135,18.463010,-0.210970,0.098724,18.564500,-0.198680,0.000574,18.826180,-0.392930,0.803665,19.026250,-0.394210,0.444155,19.141360,-0.384540,0.078984,19.290330,-0.409490,0.076914
2473.000000,18.813550,-0.300030,0.909224,18.816790,-0.205080,0.795444,18.703680,-0.189980,0.412705,18.465910,-0.210530,0.101424,18.564450,-0.198660,0.000544,18.835220,-0.393930,0.802855,19.035570,-0.393840,0.443995,19.145520,-0.383490,0.076924,19.293940,-0.408060,0.070694
2474.000000,18.822280,-0.300810,0.908355,18.825550,-0.206090,0.794365,18.712910,-0.190060,0.411275,18.469190,-0.210060,0.104324,18.564420,-0.198660,0.000594,18.844230,-0.394900,0.802175,19.044790,-0.393570,0.443915,19.149580,-0.382690,0.075084,19.297270,-0.406790,0.064544
2475.000000,18.831020,-0.301590,0.907605,18.834320,-0.207060,0.793395,18.722550,-0.190090,0.409835,18.472890,-0.209570,0.107424,18.564410,-0.198660,0.000764,18.853180,-0.395840,0.801615,19.053940,-0.393410,0.443924,19.153490,-0.382130,0.073444,19.300300,-0.405700,0.058555
2476.000000,18.839760,-0.302350,0.906975,18.843070,-0.207990,0.792535,18.732620,-0.190080,0.408405,18.477040,-0.209060,0.110734,18.564460,-0.198670,0.001074,18.862060,-0.396740,0.801175,19.063030,-0.393360,0.444034,19.157180,-0.381820,0.072004,19.303040,-0.404800,0.052804
2477.000000,18.848490,-0.303090,0.906465,18.851810,-0.208890,0.791785,18.743130,-0.190030,0.406954,18.481660,-0.208530,0.114264,18.564580,-0.198680,0.001554,18.870860,-0.397610,0.800864,19.072100,-0.393400,0.444265,19.160600,-0.381710,0.070744,19.305490,-0.404110,0.047374
2478.000000,18.857200,-0.303830,0.906065,18.860510,-0.209770,0.791145,18.754110,-0.189930,0.405485,18.486790,-0.207980,0.118014,18.564830,-0.198700,0.002265,18.879590,-0.398460,0.800694,19.081170,-0.393520,0.444615,19.163700,-0.381780,0.069634,19.307650,-0.403610,0.042314
2479.000000,18.865860,-0.304550,0.905784,18.869180,-0.210630,0.790605,18.765550,-0.189780,0.403995,18.492420,-0.207420,0.121974,18.565250,-0.198710,0.003214,18.888220,-0.399300,0.800655,19.090240,-0.393710,0.445055,19.166470,-0.381990,0.068674,19.309530,-0.403280,0.037644
2480.000000,18.874490,-0.305260,0.905605,18.877810,-0.211480,0.790154,18.777450,-0.189600,0.402485,18.498580,-0.206830,0.126144,18.565900,-0.198720,0.004444,18.896780,-0.400130,0.800755,19.099300,-0.393950,0.445584,19.168920,-0.382270,0.067844,19.311150,-0.403100,0.033405
2481.000000,18.883060,-0.305960,0.905535,18.886410,-0.212330,0.789795,18.789830,-0.189370,0.400945,18.505260,-0.206220,0.130515,18.566830,-0.198720,0.005984,18.905260,-0.400960,0.800984,19.108330,-0.394210,0.446155,19.171060,-0.382600,0.067124,19.312530,-0.403030,0.029584
2482.000000,18.891590,-0.306670,0.905544,18.895000,-0.213210,0.789505,18.802650,-0.189120,0.399385,18.512440,-0.205590,0.135095,18.568110,-0.198700,0.007834,18.913690,-0.401820,0.801335,19.117280,-0.394480,0.446745,19.172920,-0.382920,0.066524,19.313700,-0.403050,0.026204
2483.000000,18.900070,-0.307380,0.905645,18.903610,-0.214130,0.789274,18.815890,-0.188840,0.397815,18.520130,-0.204930,0.139865,18.569780,-0.198670,0.010024,18.922090,-0.402710,0.801794,19.126100,-0.394760,0.447315,19.174530,-0.383200,0.066004,19.314660,-0.403120,0.023235
2484.000000,18.908500,-0.308100,0.905814,18.912230,-0.215090,0.789104,18.829530,-0.188570,0.396255,18.528300,-0.204260,0.144805,18.571920,-0.198610,0.012535,18.930480,-0.403640,0.802345,19.134740,-0.395020,0.447835,19.175920,-0.383400,0.065564,19.315450,-0.403210,0.020685
2485.000000,18.916890,-0.308840,0.906045,18.920890,-0.216100,0.788984,18.843510,-0.188320,0.394735,18.536970,-0.203580,0.149894,18.574570,-0.198540,0.015395,18.938860,-0.404630,0.802964,19.143120,-0.395270,0.448275,19.177110,-0.383520,0.065194,19.316090,-0.403310,0.018514
2486.000000,18.925220,-0.309600,0.906335,18.929560,-0.217170,0.788925,18.857790,-0.188110,0.393265,18.546120,-0.202910,0.155094,18.577800,-0.198450,0.018575,18.947260,-0.405660,0.803644,19.151190,-0.395500,0.448605,19.178140,-0.383540,0.064884,19.316600,-0.403390,0.016695
2487.000000,18.933500,-0.310370,0.906685,18.938240,-0.218280,0.788915,18.872300,-0.187960,0.391905,18.555750,-0.202250,0.160375,18.581670,-0.198360,0.022075,18.955660,-0.406740,0.804374,19.158910,-0.395720,0.448825,19.179040,-0.383470,0.064624,19.316990,-0.403450,0.015194
2488.000000,18.941710,-0.311170,0.907085,18.946900,-0.219420,0.788965,18.886990,-0.187880,0.390685,18.565860,-0.201620,0.165675,18.586260,-0.198250,0.025864,18.964050,-0.407850,0.805134,19.166250,-0.395920,0.448925,19.179840,-0.383300,0.064404,19.317280,-0.403480,0.013955
2489.000000,18.949850,-0.311990,0.907544,18.955500,-0.220580,0.789095,18.901800,-0.187890,0.389634,18.576430,-0.201030,0.170975,18.591650,-0.198150,0.029924,18.972420,-0.408970,0.805914,19.173190,-0.396120,0.448914,19.180580,-0.383070,0.064224,19.317490,-0.403490,0.012955
2490.000000,18.957920,-0.312810,0.908065,18.964030,-0.221720,0.789315,18.916680,-0.187990,0.388815,18.587450,-0.200460,0.176204,18.597900,-0.198040,0.034204,18.980750,-0.410080,0.806705,19.179720,-0.396330,0.448804,19.181280,-0.382800,0.064064,19.317630,-0.403480,0.012144
2491.000000,18.965890,-0.313640,0.908644,18.972440,-0.222840,0.789635,18.931580,-0.188180,0.388235,18.598890,-0.199930,0.181355,18.605100,-0.197940,0.038635,18.989020,-0.411170,0.807495,19.185850,-0.396550,0.448605,19.181940,-0.382500,0.063934,19.317710,-0.403460,0.011495
2492.000000,18.973780,-0.314470,0.909285,18.980730,-0.223920,0.790065,18.946470,-0.188450,0.387935,18.610740,-0.199440,0.186355,18.613290,-0.197850,0.043154,18.997220,-0.412220,0.808304,19.191590,-0.396790,0.448345,19.182570,-0.382200,0.063824,19.317740,-0.403440,0.010975
2493.000000,18.981590,-0.315280,0.910004,18.988890,-0.224940,0.790605,18.961310,-0.188780,0.387945,18.622990,-0.198990,0.191194,18.622510,-0.197750,0.047684,19.005340,-0.413210,0.809115,19.196960,-0.397060,0.448045,19.183160,-0.381910,0.063734,19.317730,-0.403410,0.010545
2494.000000,18.989310,-0.316080,0.910805,18.996930,-0.225890,0.791274,18.976100,-0.189150,0.388265,18.635620,-0.198570,0.195804,18.632760,-0.197650,0.052135,19.013370,-0.414150,0.809955,19.201990,-0.397360,0.447715,19.183710,-0.381670,0.063654,19.317690,-0.403390,0.010194
2495.000000,18.996970,-0.316850,0.911695,19.004860,-0.226780,0.792065,18.990830,-0.189550,0.388905,18.648620,-0.198190,0.200154,18.644020,-0.197550,0.056454,19.021310,-0.415020,0.810835,19.206700,-0.397710,0.447364,19.184200,-0.381460,0.063594,19.317610,-0.403370,0.009914
2496.000000,19.004560,-0.317590,0.912685,19.012680,-0.227600,0.792984,19.005510,-0.189960,0.389845,18.661980,-0.197840,0.204204,18.656250,-0.197460,0.060555,19.029170,-0.415840,0.811775,19.211110,-0.398100,0.447015,19.184630,-0.381320,0.063544,19.317520,-0.403360,0.009674
2497.000000,19.012100,-0.318290,0.913784,19.020400,-0.228350,0.794034,19.020140,-0.190360,0.391085,18.675700,-0.197530,0.207924,18.669360,-0.197370,0.064374,19.036940,-0.416590,0.812794,19.215240,-0.398540,0.446675,19.185010,-0.381230,0.063524,19.317400,-0.403370,0.009484
2498.000000,19.019590,-0.318950,0.914995,19.028050,-0.229040,0.795215,19.034740,-0.190740,0.392585,18.689770,-0.197250,0.211264,18.683300,-0.197280,0.067864,19.044620,-0.417290,0.813905,19.219100,-0.399030,0.446355,19.185330,-0.381210,0.063514,19.317260,-0.403380,0.009314
2499.000000,19.027040,-0.319570,0.916324,19.035640,-0.229670,0.796535,19.049300,-0.191100,0.394345,18.704160,-0.196990,0.214215,18.697970,-0.197190,0.070984,19.052210,-0.417920,0.815125,19.222710,-0.399570,0.446045,19.185590,-0.381240,0.063534,19.317110,-0.403410,0.009164
2500.000000,19.034450,-0.320150,0.917764,19.043160,-0.230240,0.797975,19.063860,-0.191440,0.396315,18.718870,-0.196770,0.216764,18.713300,-0.197090,0.073694,19.059720,-0.418500,0.816454,19.226060,-0.400150,0.445765,19.185800,-0.381330,0.063584,19.316950,-0.403440,0.009035
2501.000000,19.041840,-0.320680,0.919315,19.050640,-0.230750,0.799535,19.078390,-0.191750,0.398485,18.733870,-0.196580,0.218914,18.729240,-0.196970,0.075974,19.067130,-0.419030,0.817894,19.229170,-0.400770,0.445505,19.185960,-0.381450,0.063654,19.316780,-0.403490,0.008914
2502.000000,19.049200,-0.321170,0.920975,19.058070,-0.231210,0.801215,19.092920,-0.192050,0.400845,18.749140,-0.196430,0.220655,18.745710,-0.196840,0.077814,19.074450,-0.419510,0.819445,19.232030,-0.401430,0.445285,19.186050,-0.381610,0.063754,19.316600,-0.403540,0.008814
2503.000000,19.056530,-0.321610,0.922725,19.065480,-0.231620,0.802995,19.107420,-0.192320,0.403355,18.764650,-0.196330,0.222004,18.762700,-0.196680,0.079214,19.081690,-0.419950,0.821095,19.234680,-0.402100,0.445084,19.186090,-0.381800,0.063884,19.316410,-0.403610,0.008715
2504.000000,19.063850,-0.322030,0.924565,19.072860,-0.231980,0.804864,19.121890,-0.192580,0.406015,18.780390,-0.196290,0.222954,18.780150,-0.196480,0.080194,19.088840,-0.420350,0.822835,19.237100,-0.402780,0.444925,19.186070,-0.382010,0.064044,19.316220,-0.403680,0.008625
2505.000000,19.071160,-0.322410,0.926474,19.080210,-0.232300,0.806825,19.136310,-0.192830,0.408815,18.796340,-0.196290,0.223534,18.798040,-0.196240,0.080754,19.095900,-0.420700,0.824655,19.239320,-0.403470,0.444795,19.185990,-0.382230,0.064244,19.316020,-0.403770,0.008535
2506.000000,19.078450,-0.322760,0.928445,19.087550,-0.232570,0.808855,19.150660,-0.193070,0.411735,18.812470,-0.196350,0.223735,18.816360,-0.195960,0.080914,19.102880,-0.421020,0.826515,19.241350,-0.404130,0.444705,19.185860,-0.382450,0.064474,19.315820,-0.403860,0.008445
2507.000000,19.085740,-0.323090,0.930455,19.094880,-0.232800,0.810945,19.164920,-0.193290,0.414775,18.828770,-0.196450,0.223564,18.835090,-0.195620,0.080714,19.109780,-0.421300,0.828425,19.243210,-0.404780,0.444644,19.185690,-0.382680,0.064744,19.315620,-0.403950,0.008365
2508.000000,19.093020,-0.323400,0.932495,19.102190,-0.232990,0.813075,19.179080,-0.193520,0.417915,18.845220,-0.196580,0.223034,18.854200,-0.195220,0.080174,19.116620,-0.421550,0.830345,19.244920,-0.405390,0.444635,19.185480,-0.382910,0.065044,19.315420,-0.404050,0.008275
2509.000000,19.100290,-0.323710,0.934545,19.109500,-0.233140,0.815234,19.193120,-0.193740,0.421135,18.861830,-0.196720,0.222155,18.873690,-0.194770,0.079324,19.123380,-0.421760,0.832265,19.246510,-0.405950,0.444644,19.185260,-0.383130,0.065364,19.315220,-0.404150,0.008195
2510.000000,19.107550,-0.324000,0.936594,19.116810,-0.233250,0.817415,19.207030,-0.193950,0.424425,18.878570,-0.196870,0.220935,18.893540,-0.194250,0.078184,19.130090,-0.421940,0.834164,19.247980,-0.406470,0.444695,19.185020,-0.383340,0.065704,19.315030,-0.404240,0.008115
2511.000000,19.114800,-0.324290,0.938624,19.124110,-0.233330,0.819574,19.220790,-0.194170,0.427775,18.895440,-0.197020,0.219394,18.913730,-0.193680,0.076804,19.136740,-0.422090,0.836025,19.249340,-0.406950,0.444765,19.184790,-0.383530,0.066064,19.314840,-0.404330,0.008034
2512.000000,19.122030,-0.324570,0.940624,19.131410,-0.233370,0.821715,19.234410,-0.194380,0.431165,18.912450,-0.197140,0.217545,18.934250,-0.193050,0.075194,19.143350,-0.422210,0.837835,19.250620,-0.407380,0.444864,19.184570,-0.383710,0.066434,19.314660,-0.404410,0.007954
2513.000000,19.129250,-0.324850,0.942585,19.138710,-0.233400,0.823825,19.247880,-0.194600,0.434585,18.929600,-0.197240,0.215394,18.955090,-0.192380,0.073384,19.149920,-0.422310,0.839575,19.251830,-0.407760,0.444974,19.184380,-0.383870,0.066804,19.314490,-0.404480,0.007864
2514.000000,19.136450,-0.325120,0.944474,19.146010,-0.233400,0.825875,19.261180,-0.194810,0.438005,18.946900,-0.197300,0.212954,18.976240,-0.191660,0.071414,19.156470,-0.422380,0.841234,19.252980,-0.408120,0.445115,19.184220,-0.384000,0.067184,19.314330,-0.404540,0.007784
2515.000000,19.143620,-0.325390,0.946304,19.153320,-0.233380,0.827865,19.274330,-0.195030,0.441415,18.964360,-0.197310,0.210214,18.997680,-0.190910,0.069304,19.162990,-0.422440,0.842805,19.254080,-0.408440,0.445275,19.184100,-0.384120,0.067564,19.314180,-0.404590,0.007704
2516.000000,19.150780,-0.325640,0.948045,19.160630,-0.233340,0.829765,19.287300,-0.195240,0.444805,18.982000,-0.197270,0.207184,19.019420,-0.190140,0.067084,19.169500,-0.422470,0.844275,19.255160,-0.408730,0.445445,19.184010,-0.384210,0.067934,19.314030,-0.404640,0.007625
2517.000000,19.157910,-0.325890,0.949694,19.167950,-0.233280,0.831585,19.300110,-0.195450,0.448155,18.999850,-0.197150,0.203865,19.041450,-0.189360,0.064774,19.175990,-0.422480,0.845635,19.256250,-0.409000,0.445615,19.183950,-0.384270,0.068294,19.313900,-0.404670,0.007534
2518.000000,19.165020,-0.326130,0.951234,19.175270,-0.233210,0.833305,19.312740,-0.195670,0.451455,19.017920,-0.196970,0.200274,19.063740,-0.188560,0.062415,19.182480,-0.422480,0.846874,19.257350,-0.409260,0.445785,19.183920,-0.384320,0.068654,19.313770,-0.404700,0.007455
2519.000000,19.172100,-0.326350,0.952674,19.182580,-0.233120,0.834915,19.325190,-0.195880,0.454685,19.036210,-0.196730,0.196425,19.086300,-0.187750,0.060015,19.188970,-0.422460,0.847994,19.258480,-0.409500,0.445955,19.183920,-0.384350,0.069014,19.313650,-0.404720,0.007364
2520.000000,19.179160,-0.326560,0.953994,19.189900,-0.233020,0.836415,19.337460,-0.196090,0.457845,19.054720,-0.196420,0.192364,19.109120,-0.186930,0.057604,19.195450,-0.422420,0.848994,19.259630,-0.409720,0.446115,19.183940,-0.384370,0.069354,19.313530,-0.404740,0.007285
2521.000000,19.186200,-0.326760,0.955205,19.197200,-0.232920,0.837794,19.349540,-0.196300,0.460925,19.073450,-0.196060,0.188114,19.132190,-0.186100,0.055214,19.201920,-0.422370,0.849874,19.260810,-0.409930,0.446254,19.183970,-0.384370,0.069694,19.313420,-0.404750,0.007194
2522.000000,19.193210,-0.326930,0.956275,19.204500,-0.232800,0.839044,19.361440,-0.196510,0.463895,19.092400,-0.195650,0.183715,19.155500,-0.185270,0.052865,19.208390,-0.422300,0.850625,19.262020,-0.410120,0.446385,19.184020,-0.384360,0.070034,19.313310,-0.404770,0.007104
2523.000000,19.200200,-0.327090,0.957225,19.211790,-0.232680,0.840164,19.373140,-0.196710,0.466745,19.111580,-0.195190,0.179174,19.179030,-0.184430,0.050575,19.214860,-0.422220,0.851255,19.263260,-0.410290,0.446495,19.184070,-0.384340,0.070354,19.313200,-0.404780,0.007014
2524.000000,19.207170,-0.327240,0.958055,19.219060,-0.232550,0.841164,19.384640,-0.196920,0.469485,19.131030,-0.194700,0.174494,19.202780,-0.183590,0.048375,19.221320,-0.422140,0.851774,19.264530,-0.410450,0.446584,19.184130,-0.384320,0.070674,19.313090,-0.404790,0.006924
2525.000000,19.214130,-0.327360,0.958755,19.226320,-0.232420,0.842025,19.395930,-0.197120,0.472075,19.150760,-0.194180,0.169684,19.226740,-0.182740,0.046295,19.227770,-0.422040,0.852175,19.265830,-0.410600,0.446644,19.184200,-0.384280,0.070984,19.312990,-0.404810,0.006834
2526.000000,19.221080,-0.327460,0.959325,19.233570,-0.232280,0.842745,19.407030,-0.197320,0.474525,19.170780,-0.193630,0.164785,19.250900,-0.181890,0.044334,19.234210,-0.421930,0.852484,19.267160,-0.410740,0.446685,19.184270,-0.384240,0.071274,19.312880,-0.404820,0.006735
2527.000000,19.228010,-0.327530,0.959774,19.240800,-0.232140,0.843345,19.417920,-0.197510,0.476815,19.191100,-0.193070,0.159814,19.275230,-0.181040,0.042535,19.240640,-0.421810,0.852685,19.268520,-0.410870,0.446675,19.184340,-0.384190,0.071554,19.312770,-0.404840,0.006634
2528.000000,19.234930,-0.327570,0.960105,19.248010,-0.231990,0.843805,19.428620,-0.197710,0.478935,19.211700,-0.192520,0.154814,19.299730,-0.180200,0.040905,19.247060,-0.421670,0.852785,19.269930,-0.411000,0.446635,19.184430,-0.384140,0.071834,19.312670,-0.404850,0.006534
2529.000000,19.241840,-0.327590,0.960305,19.255210,-0.231820,0.844145,19.439120,-0.197900,0.480885,19.232540,-0.191970,0.149844,19.324380,-0.179340,0.039455,19.253460,-0.421520,0.852774,19.271370,-0.411120,0.446555,19.184510,-0.384070,0.072094,19.312560,-0.404860,0.006424
2530.000000,19.248740,-0.327570,0.960395,19.262400,-0.231640,0.844355,19.449430,-0.198100,0.482645,19.253600,-0.191450,0.144934,19.349150,-0.178490,0.038225,19.259840,-0.421340,0.852665,19.272840,-0.411230,0.446435,19.184610,-0.384000,0.072334,19.312460,-0.404860,0.006314
2531.000000,19.255630,-0.327520,0.960354,19.269580,-0.231450,0.844434,19.459550,-0.198290,0.484215,19.274820,-0.190960,0.140115,19.374040,-0.177640,0.037214,19.266200,-0.421150,0.852465,19.274350,-0.411340,0.446275,19.184700,-0.383910,0.072564,19.312350,-0.404870,0.006204
2532.000000,19.262520,-0.327430,0.960214,19.276760,-0.231240,0.844395,19.469470,-0.198480,0.485565,19.296170,-0.190490,0.135425,19.399010,-0.176780,0.036444,19.272550,-0.420930,0.852164,19.275890,-0.411440,0.446095,19.184800,-0.383820,0.072784,19.312250,-0.404860,0.006084
2533.000000,19.269400,-0.327320,0.959964,19.283930,-0.231020,0.844234,19.479180,-0.198650,0.486705,19.317630,-0.190040,0.130864,19.424050,-0.175940,0.035944,19.278890,-0.420700,0.851774,19.277450,-0.411540,0.445885,19.184900,-0.383710,0.072984,19.312140,-0.404860,0.005954
2534.000000,19.276290,-0.327170,0.959595,19.291100,-0.230800,0.843944,19.488670,-0.198810,0.487604,19.339180,-0.189590,0.126474,19.449130,-0.175100,0.035735,19.285220,-0.420460,0.851295,19.279040,-0.411620,0.445655,19.185000,-0.383590,0.073174,19.312040,-0.404860,0.005834
2535.000000,19.283190,-0.327000,0.959125,19.298290,-0.230570,0.843535,19.497930,-0.198950,0.488275,19.360800,-0.189130,0.122245,19.474230,-0.174280,0.035845,19.291560,-0.420210,0.850735,19.280650,-0.411700,0.445415,19.185080,-0.383460,0.073364,19.311920,-0.404870,0.005714
2536.000000,19.290090,-0.326800,0.958545,19.305500,-0.230350,0.842985,19.506980,-0.199080,0.488705,19.382470,-0.188640,0.118204,19.499320,-0.173500,0.036275,19.297910,-0.419960,0.850085,19.282280,-0.411760,0.445155,19.185160,-0.383320,0.073554,19.311810,-0.404880,0.005604
2537.000000,19.297010,-0.326580,0.957875,19.312750,-0.230140,0.842325,19.515810,-0.199180,0.488895,19.404200,-0.188110,0.114364,19.524380,-0.172770,0.037075,19.304280,-0.419710,0.849355,19.283950,-0.411800,0.444885,19.185220,-0.383160,0.073754,19.311690,-0.404900,0.005494
2538.000000,19.303950,-0.326350,0.957095,19.320030,-0.229930,0.841545,19.524410,-0.199270,0.488845,19.425980,-0.187530,0.110744,19.549370,-0.172100,0.038254,19.310680,-0.419470,0.848534,19.285640,-0.411820,0.444605,19.185270,-0.382980,0.073974,19.311570,-0.404930,0.005384
2539.000000,19.310910,-0.326090,0.956225,19.327350,-0.229730,0.840654,19.532800,-0.199350,0.488575,19.447790,-0.186900,0.107364,19.574260,-0.171500,0.039835,19.317110,-0.419220,0.847635,19.287370,-0.411810,0.444315,19.185310,-0.382800,0.074204,19.311450,-0.404960,0.005285
2540.000000,19.317900,-0.325810,0.955275,19.334690,-0.229540,0.839665,19.540970,-0.199400,0.488065,19.469630,-0.186210,0.104264,19.598990,-0.170980,0.041844,19.323590,-0.418980,0.846665,19.289150,-0.411770,0.444015,19.185340,-0.382610,0.074454,19.311330,-0.405000,0.005184
2541.000000,19.324920,-0.325520,0.954245,19.342070,-0.229340,0.838585,19.548920,-0.199450,0.487335,19.491470,-0.185470,0.101464,19.623530,-0.170550,0.044284,19.330120,-0.418730,0.845625,19.290990,-0.411700,0.443705,19.185360,-0.382410,0.074714,19.311210,-0.405050,0.005075
2542.000000,19.331990,-0.325220,0.953134,19.349470,-0.229150,0.837425,19.556660,-0.199480,0.486384,19.513280,-0.184690,0.098984,19.647820,-0.170210,0.047164,19.336710,-0.418480,0.844525,19.292900,-0.411600,0.443385,19.185380,-0.382210,0.075004,19.311090,-0.405100,0.004964
2543.000000,19.339090,-0.324910,0.951955,19.356890,-0.228950,0.836184,19.564210,-0.199490,0.485235,19.535020,-0.183860,0.096864,19.671790,-0.169970,0.050485,19.343370,-0.418230,0.843355,19.294900,-0.411480,0.443055,19.185400,-0.382000,0.075304,19.310970,-0.405150,0.004844
2544.000000,19.346230,-0.324580,0.950705,19.364340,-0.228750,0.834885,19.571570,-0.199490,0.483895,19.556630,-0.183010,0.095114,19.695370,-0.169820,0.054234,19.350100,-0.417970,0.842114,19.297010,-0.411330,0.442705,19.185430,-0.381790,0.075624,19.310850,-0.405200,0.004714
2545.000000,19.353410,-0.324250,0.949395,19.371830,-0.228540,0.833515,19.578770,-0.199470,0.482384,19.578060,-0.182150,0.093744,19.718510,-0.169770,0.058365,19.356920,-0.417710,0.840824,19.299250,-0.411170,0.442325,19.185470,-0.381590,0.075964,19.310730,-0.405250,0.004574
2546.000000,19.360630,-0.323910,0.948035,19.379340,-0.228330,0.832085,19.585820,-0.199430,0.480724,19.599230,-0.181310,0.092764,19.741120,-0.169820,0.062844,19.363810,-0.417440,0.839475,19.301650,-0.411000,0.441935,19.185530,-0.381400,0.076324,19.310630,-0.405300,0.004435
2547.000000,19.367900,-0.323560,0.946615,19.386900,-0.228100,0.830595,19.592760,-0.199350,0.478944,19.620060,-0.180530,0.092164,19.763140,-0.169960,0.067614,19.370790,-0.417170,0.838064,19.304220,-0.410840,0.441505,19.185610,-0.381220,0.076714,19.310530,-0.405350,0.004284
2548.000000,19.375210,-0.323200,0.945145,19.394510,-0.227870,0.829064,19.599620,-0.199240,0.477065,19.640440,-0.179850,0.091924,19.784500,-0.170210,0.072604,19.377850,-0.416890,0.836595,19.306990,-0.410670,0.441055,19.185720,-0.381050,0.077124,19.310440,-0.405410,0.004124
2549.000000,19.382560,-0.322840,0.943624,19.402160,-0.227630,0.827495,19.606420,-0.199090,0.475105,19.660290,-0.179310,0.092024,19.805110,-0.170540,0.077734,19.384990,-0.416600,0.835075,19.309980,-0.410510,0.440565,19.185870,-0.380900,0.077554,19.310360,-0.405460,0.003954
2550.000000,19.389950,-0.322470,0.942075,19.409860,-0.227380,0.825885,19.613220,-0.198900,0.473105,19.679490,-0.178960,0.092404,19.824920,-0.170960,0.082904,19.392210,-0.416310,0.833515,19.313190,-0.410360,0.440034,19.186070,-0.380770,0.078024,19.310290,-0.405520,0.003795
2551.000000,19.397390,-0.322080,0.940474,19.417610,-0.227120,0.824245,19.620040,-0.198670,0.471095,19.697940,-0.178850,0.093004,19.843870,-0.171460,0.088024,19.399500,-0.416000,0.831905,19.316650,-0.410200,0.439465,19.186320,-0.380670,0.078514,19.310240,-0.405580,0.003614
2552.000000,19.404870,-0.321680,0.938844,19.425420,-0.226850,0.822565,19.626940,-0.198410,0.469085,19.715540,-0.179010,0.093744,19.861880,-0.172040,0.092964,19.406860,-0.415680,0.830255,19.320360,-0.410040,0.438855,19.186630,-0.380600,0.079044,19.310190,-0.405640,0.003434
2553.000000,19.412400,-0.321270,0.937195,19.433290,-0.226560,0.820875,19.633940,-0.198140,0.467115,19.732230,-0.179450,0.094564,19.878920,-0.172700,0.097624,19.414280,-0.415340,0.828585,19.324320,-0.409870,0.438195,19.187020,-0.380550,0.079604,19.310160,-0.405700,0.003254
2554.000000,19.419960,-0.320840,0.935515,19.441220,-0.226250,0.819155,19.641080,-0.197870,0.465205,19.747950,-0.180170,0.095354,19.894940,-0.173410,0.101874,19.421750,-0.414990,0.826894,19.328530,-0.409690,0.437495,19.187470,-0.380530,0.080194,19.310130,-0.405760,0.003074
2555.000000,19.427580,-0.320380,0.933814,19.449200,-0.225920,0.817424,19.648390,-0.197620,0.463375,19.762640,-0.181150,0.096034,19.909900,-0.174190,0.105624,19.429280,-0.414610,0.825184,19.333000,-0.409500,0.436755,19.187990,-0.380540,0.080844,19.310110,-0.405820,0.002884
2556.000000,19.435250,-0.319900,0.932105,19.457240,-0.225560,0.815685,19.655900,-0.197420,0.461625,19.776300,-0.182370,0.096524,19.923790,-0.175030,0.108754,19.436870,-0.414200,0.823465,19.337730,-0.409290,0.435965,19.188580,-0.380570,0.081544,19.310100,-0.405890,0.002694
2557.000000,19.442970,-0.319390,0.930385,19.465330,-0.225170,0.813955,19.663610,-0.197280,0.459985,19.788910,-0.183780,0.096754,19.936590,-0.175920,0.111184,19.444500,-0.413760,0.821744,19.342710,-0.409070,0.435135,19.189250,-0.380630,0.082314,19.310090,-0.405960,0.002494
2558.000000,19.450750,-0.318850,0.928675,19.473490,-0.224740,0.812234,19.671530,-0.197230,0.458445,19.800460,-0.185340,0.096664,19.948300,-0.176880,0.112834,19.452200,-0.413280,0.820025,19.347930,-0.408840,0.434255,19.189990,-0.380710,0.083154,19.310090,-0.406050,0.002294
2559.000000,19.458600,-0.318270,0.926975,19.481700,-0.224250,0.810545,19.679670,-0.197290,0.457035,19.810990,-0.187020,0.096204,19.958940,-0.177910,0.113634,19.459960,-0.412740,0.818315,19.353410,-0.408600,0.433335,19.190800,-0.380830,0.084084,19.310100,-0.406140,0.002084
2560.000000,19.466510,-0.317650,0.925285,19.489980,-0.223710,0.808885,19.688020,-0.197460,0.455744,19.820530,-0.188760,0.095354,19.968540,-0.179010,0.113544,19.467790,-0.412140,0.816624,19.359130,-0.408360,0.432374,19.191690,-0.380980,0.085114,19.310110,-0.406250,0.001874
2561.000000,19.474500,-0.316990,0.923625,19.498330,-0.223100,0.807275,19.696560,-0.197760,0.454585,19.829120,-0.190520,0.094104,19.977150,-0.180210,0.112554,19.475700,-0.411490,0.814945,19.365110,-0.408110,0.431374,19.192670,-0.381160,0.086244,19.310130,-0.406370,0.001654
2562.000000,19.482570,-0.316300,0.921995,19.506730,-0.222430,0.805725,19.705270,-0.198180,0.453545,19.836820,-0.192260,0.092474,19.984820,-0.181500,0.110664,19.483710,-0.410770,0.813295,19.371350,-0.407880,0.430324,19.193740,-0.381390,0.087514,19.310170,-0.406510,0.001414
2563.000000,19.490720,-0.315560,0.920405,19.515210,-0.221680,0.804245,19.714120,-0.198710,0.452625,19.843720,-0.193930,0.090494,19.991640,-0.182890,0.107924,19.491820,-0.409990,0.811675,19.377850,-0.407660,0.429245,19.194930,-0.381670,0.088904,19.310220,-0.406650,0.001174
2564.000000,19.498960,-0.314790,0.918875,19.523730,-0.220870,0.802845,19.723090,-0.199330,0.451815,19.849900,-0.195520,0.088244,19.997690,-0.184370,0.104394,19.500030,-0.409140,0.810084,19.384630,-0.407470,0.428115,19.196240,-0.381990,0.090454,19.310290,-0.406810,0.000914
2565.000000,19.507280,-0.313990,0.917415,19.532310,-0.219990,0.801535,19.732130,-0.200030,0.451095,19.855460,-0.197000,0.085784,20.003070,-0.185930,0.100184,19.508350,-0.408230,0.808544,19.391690,-0.407300,0.426955,19.197700,-0.382360,0.092154,19.310390,-0.406980,0.000644
2566.000000,19.515670,-0.313160,0.916015,19.540920,-0.219040,0.800324,19.741210,-0.200770,0.450465,19.860500,-0.198360,0.083204,20.007870,-0.187550,0.095394,19.516780,-0.407280,0.807075,19.399060,-0.407160,0.425745,19.199350,-0.382770,0.094034,19.310500,-0.407140,0.000354
2567.000000,19.524140,-0.312320,0.914705,19.549560,-0.218040,0.799215,19.750290,-0.201510,0.449925,19.865140,-0.199560,0.080594,20.012180,-0.189180,0.090154,19.525300,-0.406270,0.805665,19.406750,-0.407050,0.424505,19.201200,-0.383240,0.096084,19.310640,-0.407290,0.000064
2568.000000,19.532670,-0.311470,0.913494,19.558200,-0.216990,0.798225,19.759340,-0.202220,0.449445,19.869460,-0.200600,0.078034,20.016100,-0.190780,0.084604,19.533910,-0.405230,0.804335,19.414780,-0.406980,0.423214,19.203300,-0.383750,0.098334,19.310780,-0.407430,-0.000236
2569.000000,19.541250,-0.310630,0.912385,19.566830,-0.215910,0.797365,19.768350,-0.202880,0.449055,19.873550,-0.201450,0.075594,20.019680,-0.192300,0.078854,19.542600,-0.404160,0.803104,19.423170,-0.406940,0.421895,19.205680,-0.384310,0.100774,19.310930,-0.407540,-0.000516
2570.000000,19.549870,-0.309790,0.911374,19.575430,-0.214800,0.796625,19.777330,-0.203450,0.448755,19.877460,-0.202110,0.073324,20.022970,-0.193690,0.073024,19.551340,-0.403080,0.801975,19.431950,-0.406930,0.420535,19.208390,-0.384910,0.103414,19.311090,-0.407630,-0.000766
2571.000000,19.558520,-0.308970,0.910494,19.584010,-0.213670,0.796005,19.786270,-0.203930,0.448545,19.881200,-0.202550,0.071254,20.026010,-0.194910,0.067204,19.560140,-0.401990,0.800945,19.441140,-0.406960,0.419135,19.211460,-0.385540,0.106264,19.311250,-0.407700,-0.000966
2572.000000,19.567180,-0.308170,0.909725,19.592550,-0.212530,0.795524,19.795200,-0.204290,0.448445,19.884760,-0.202790,0.069404,20.028820,-0.195930,0.061495,19.568980,-0.400900,0.800025,19.450760,-0.407010,0.417685,19.214940,-0.386210,0.109314,19.311420,-0.407730,-0.001086
2573.000000,19.575840,-0.307410,0.909075,19.601050,-0.211390,0.795175,19.804130,-0.204530,0.448465,19.888110,-0.202840,0.067764,20.031390,-0.196720,0.055954,19.577840,-0.399820,0.799204,19.460840,-0.407100,0.416195,19.218880,-0.386890,0.112574,19.311600,-0.407730,-0.001086
2574.000000,19.584500,-0.306670,0.908535,19.609510,-0.210260,0.794945,19.813090,-0.204630,0.448595,19.891210,-0.202720,0.066324,20.033730,-0.197270,0.050665,19.586730,-0.398750,0.798474,19.471390,-0.407220,0.414655,19.223310,-0.387580,0.116034,19.311830,-0.407710,-0.000926
2575.000000,19.593130,-0.305960,0.908095,19.617950,-0.209130,0.794845,19.822090,-0.204600,0.448845,19.894050,-0.202440,0.065094,20.035860,-0.197600,0.045655,19.595650,-0.397690,0.797825,19.482420,-0.407370,0.413055,19.228260,-0.388280,0.119684,19.312120,-0.407660,-0.000586
2576.000000,19.601730,-0.305270,0.907764,19.626360,-0.208010,0.794864,19.831130,-0.204430,0.449194,19.896630,-0.202030,0.064034,20.037760,-0.197730,0.040954,19.604570,-0.396640,0.797245,19.493950,-0.407540,0.411405,19.233760,-0.388960,0.123504,19.312510,-0.407600,-0.000016
2577.000000,19.610290,-0.304600,0.907525,19.634750,-0.206900,0.794984,19.840180,-0.204130,0.449595,19.898950,-0.201520,0.063134,20.039470,-0.197690,0.036584,19.613510,-0.395590,0.796725,19.505960,-0.407720,0.409695,19.239840,-0.389630,0.127494,19.313060,-0.407540,0.000824
2578.000000,19.618800,-0.303940,0.907365,19.643130,-0.205780,0.795195,19.849220,-0.203700,0.450035,19.901050,-0.200940,0.062364,20.040980,-0.197510,0.032565,19.622450,-0.394550,0.796254,19.518450,-0.407910,0.407925,19.246490,-0.390260,0.131625,19.313810,-0.407480,0.001964
2579.000000,19.627260,-0.303290,0.907274,19.651500,-0.204660,0.795494,19.858190,-0.203150,0.450465,19.902940,-0.200320,0.061714,20.042300,-0.197230,0.028895,19.631390,-0.393490,0.795825,19.531400,-0.408080,0.406095,19.253710,-0.390850,0.135884,19.314840,-0.407430,0.003424
2580.000000,19.635670,-0.302630,0.907245,19.659860,-0.203540,0.795875,19.867040,-0.202500,0.450835,19.904650,-0.199700,0.061154,20.043460,-0.196900,0.025585,19.640310,-0.392430,0.795435,19.544770,-0.408230,0.404215,19.261500,-0.391400,0.140255,19.316210,-0.407410,0.005234
2581.000000,19.644020,-0.301960,0.907274,19.668200,-0.202410,0.796304,19.875690,-0.201780,0.451115,19.906200,-0.199130,0.060665,20.044450,-0.196540,0.022635,19.649200,-0.391350,0.795095,19.558530,-0.408330,0.402315,19.269820,-0.391890,0.144734,19.318000,-0.407430,0.007394
2582.000000,19.652300,-0.301270,0.907355,19.676520,-0.201280,0.796795,19.884070,-0.201010,0.451285,19.907590,-0.198650,0.060224,20.045300,-0.196180,0.020044,19.658030,-0.390260,0.794795,19.572630,-0.408360,0.400404,19.278670,-0.392340,0.149294,19.320280,-0.407490,0.009905
2583.000000,19.660520,-0.300560,0.907475,19.684810,-0.200150,0.797324,19.892140,-0.200220,0.451325,19.908830,-0.198290,0.059814,20.045990,-0.195850,0.017825,19.666800,-0.389170,0.794565,19.587020,-0.408320,0.398525,19.288000,-0.392740,0.153935,19.323130,-0.407600,0.012775
2584.000000,19.668680,-0.299830,0.907655,19.693050,-0.199020,0.797884,19.899840,-0.199440,0.451225,19.909910,-0.198060,0.059434,20.046560,-0.195560,0.015945,19.675470,-0.388070,0.794405,19.601650,-0.408180,0.396705,19.297810,-0.393080,0.158634,19.326650,-0.407750,0.015964
2585.000000,19.676760,-0.299080,0.907884,19.701250,-0.197900,0.798485,19.907150,-0.198700,0.451005,19.910850,-0.197960,0.059085,20.047000,-0.195320,0.014395,19.684030,-0.386970,0.794324,19.616470,-0.407960,0.394995,19.308060,-0.393380,0.163384,19.330920,-0.407940,0.019474
2586.000000,19.684770,-0.298320,0.908165,19.709380,-0.196800,0.799115,19.914060,-0.198030,0.450665,19.911630,-0.197990,0.058754,20.047320,-0.195130,0.013135,19.692470,-0.385890,0.794355,19.631410,-0.407650,0.393455,19.318730,-0.393640,0.168154,19.336040,-0.408170,0.023255
2587.000000,19.692710,-0.297540,0.908525,19.717440,-0.195740,0.799785,19.920550,-0.197450,0.450245,19.912290,-0.198110,0.058454,20.047550,-0.194990,0.012115,19.700760,-0.384830,0.794494,19.646420,-0.407270,0.392134,19.329820,-0.393860,0.172914,19.342110,-0.408440,0.027264
2588.000000,19.700580,-0.296760,0.908945,19.725420,-0.194720,0.800505,19.926640,-0.196970,0.449775,19.912850,-0.198310,0.058204,20.047700,-0.194900,0.011315,19.708910,-0.383810,0.794764,19.661460,-0.406850,0.391075,19.341300,-0.394040,0.177635,19.349210,-0.408740,0.031445
2589.000000,19.708370,-0.295980,0.909455,19.733330,-0.193750,0.801265,19.932340,-0.196610,0.449265,19.913320,-0.198560,0.057994,20.047770,-0.194840,0.010674,19.716920,-0.382840,0.795175,19.676480,-0.406390,0.390335,19.353180,-0.394210,0.182294,19.357410,-0.409070,0.035694
2590.000000,19.716100,-0.295210,0.910054,19.741150,-0.192850,0.802095,19.937670,-0.196360,0.448755,19.913740,-0.198850,0.057845,20.047780,-0.194820,0.010184,19.724780,-0.381930,0.795725,19.691460,-0.405910,0.389925,19.365440,-0.394350,0.186825,19.366740,-0.409440,0.039934
2591.000000,19.723760,-0.294470,0.910764,19.748900,-0.192020,0.802995,19.942650,-0.196200,0.448265,19.914110,-0.199140,0.057744,20.047740,-0.194830,0.009794,19.732510,-0.381090,0.796424,19.706380,-0.405440,0.389885,19.378070,-0.394480,0.191194,19.377200,-0.409830,0.044064
2592.000000,19.731350,-0.293760,0.911585,19.756570,-0.191260,0.803975,19.947310,-0.196120,0.447785,19.914460,-0.199430,0.057695,20.047670,-0.194870,0.009484,19.740120,-0.380330,0.797274,19.721220,-0.404970,0.390215,19.391090,-0.394610,0.195324,19.388770,-0.410230,0.048004
2593.000000,19.738890,-0.293090,0.912515,19.764160,-0.190590,0.805034,19.951660,-0.196100,0.447325,19.914790,-0.199700,0.057685,20.047560,-0.194920,0.009234,19.747610,-0.379650,0.798274,19.735980,-0.404530,0.390895,19.404490,-0.394740,0.199154,19.401390,-0.410640,0.051665
2594.000000,19.746380,-0.292460,0.913585,19.771680,-0.190010,0.806184,19.955740,-0.196120,0.446905,19.915110,-0.199970,0.057725,20.047430,-0.194980,0.009035,19.755020,-0.379050,0.799435,19.750680,-0.404110,0.391925,19.418280,-0.394870,0.202624,19.414970,-0.411050,0.054984
2595.000000,19.753810,-0.291890,0.914775,19.779150,-0.189510,0.807435,19.959560,-0.196160,0.446505,19.915400,-0.200210,0.057795,20.047280,-0.195050,0.008865,19.762360,-0.378540,0.800744,19.765300,-0.403720,0.393275,19.432460,-0.395020,0.205674,19.429440,-0.411440,0.057915
2596.000000,19.761210,-0.291360,0.916095,19.786560,-0.189100,0.808775,19.963140,-0.196200,0.446135,19.915660,-0.200430,0.057905,20.047130,-0.195120,0.008724,19.769640,-0.378120,0.802204,19.779880,-0.403380,0.394925,19.447020,-0.395190,0.208275,19.444710,-0.411810,0.060405
2597.000000,19.768580,-0.290890,0.917535,19.793920,-0.188760,0.810204,19.966510,-0.196240,0.445785,19.915870,-0.200630,0.058034,20.046980,-0.195180,0.008605,19.776870,-0.377790,0.803805,19.794390,-0.403070,0.396854,19.461950,-0.395380,0.210394,19.460700,-0.412150,0.062445
2598.000000,19.775920,-0.290460,0.919084,19.801250,-0.188510,0.811705,19.969660,-0.196260,0.445474,19.916030,-0.200820,0.058185,20.046820,-0.195240,0.008494,19.784090,-0.377530,0.805524,19.808860,-0.402800,0.399035,19.477240,-0.395570,0.212014,19.477340,-0.412450,0.064024
2599.000000,19.783240,-0.290080,0.920744,19.808540,-0.188340,0.813275,19.972620,-0.196250,0.445185,19.916120,-0.200990,0.058375,20.046670,-0.195280,0.008394,19.791290,-0.377360,0.807365,19.823280,-0.402570,0.401425,19.492850,-0.395760,0.213114,19.494590,-0.412720,0.065144
2600.000000,19.790540,-0.289750,0.922505,19.815800,-0.188230,0.814905,19.975380,-0.196220,0.444925,19.916150,-0.201150,0.058574,20.046510,-0.195320,0.008304,19.798480,-0.377250,0.809304,19.837650,-0.402360,0.403995,19.508780,-0.395920,0.213715,19.512390,-0.412950,0.065834
2601.000000,19.797830,-0.289460,0.924354,19.823030,-0.188180,0.816585,19.977950,-0.196160,0.444705,19.916100,-0.201300,0.058805,20.046360,-0.195350,0.008224,19.805660,-0.377210,0.811345,19.851960,-0.402180,0.406725,19.525000,-0.396040,0.213804,19.530700,-0.413140,0.066104
2602.000000,19.805120,-0.289200,0.926265,19.830210,-0.188170,0.818304,19.980350,-0.196080,0.444505,19.915980,-0.201450,0.059064,20.046190,-0.195370,0.008154,19.812840,-0.377210,0.813454,19.866210,-0.402010,0.409575,19.541490,-0.396110,0.213394,19.549500,-0.413300,0.065974
2603.000000,19.812390,-0.288970,0.928235,19.837350,-0.188190,0.820045,19.982570,-0.195960,0.444355,19.915820,-0.201580,0.059345,20.046020,-0.195380,0.008074,19.820000,-0.377240,0.815635,19.880400,-0.401850,0.412525,19.558230,-0.396130,0.212525,19.568760,-0.413420,0.065494
2604.000000,19.819650,-0.288760,0.930254,19.844430,-0.188240,0.821815,19.984630,-0.195830,0.444225,19.915600,-0.201710,0.059635,20.045850,-0.195380,0.008004,19.827140,-0.377310,0.817855,19.894490,-0.401690,0.415565,19.575220,-0.396100,0.211214,19.588450,-0.413510,0.064674
2605.000000,19.826910,-0.288580,0.932295,19.851460,-0.188310,0.823585,19.986530,-0.195660,0.444125,19.915370,-0.201820,0.059945,20.045660,-0.195370,0.007935,19.834260,-0.377390,0.820105,19.908500,-0.401540,0.418664,19.592440,-0.396040,0.209504,19.608550,-0.413570,0.063554
2606.000000,19.834150,-0.288420,0.934345,19.858440,-0.188380,0.825345,19.988280,-0.195480,0.444055,19.915120,-0.201930,0.060265,20.045470,-0.195360,0.007864,19.841360,-0.377490,0.822354,19.922390,-0.401390,0.421815,19.609860,-0.395960,0.207434,19.629040,-0.413630,0.062165
2607.000000,19.841380,-0.288270,0.936385,19.865380,-0.188470,0.827085,19.989890,-0.195270,0.443995,19.914880,-0.202020,0.060595,20.045280,-0.195340,0.007784,19.848440,-0.377590,0.824605,19.936160,-0.401250,0.425015,19.627480,-0.395900,0.205064,19.649910,-0.413680,0.060544
2608.000000,19.848600,-0.288130,0.938404,19.872260,-0.188560,0.828805,19.991380,-0.195050,0.443965,19.914660,-0.202100,0.060924,20.045070,-0.195320,0.007715,19.855510,-0.377710,0.826825,19.949800,-0.401120,0.428245,19.645290,-0.395860,0.202404,19.671140,-0.413740,0.058714
2609.000000,19.855820,-0.288010,0.940395,19.879110,-0.188650,0.830485,19.992770,-0.194820,0.443945,19.914470,-0.202190,0.061265,20.044870,-0.195300,0.007634,19.862580,-0.377820,0.829005,19.963280,-0.401000,0.431495,19.663260,-0.395870,0.199505,19.692700,-0.413820,0.056715
2610.000000,19.863030,-0.287900,0.942325,19.885920,-0.188750,0.832125,19.994060,-0.194580,0.443935,19.914320,-0.202270,0.061604,20.044670,-0.195280,0.007554,19.869650,-0.377940,0.831134,19.976590,-0.400890,0.434755,19.681400,-0.395930,0.196394,19.714590,-0.413930,0.054574
2611.000000,19.870220,-0.287790,0.944205,19.892690,-0.188840,0.833715,19.995300,-0.194320,0.443935,19.914220,-0.202370,0.061934,20.044480,-0.195260,0.007474,19.876730,-0.378070,0.833205,19.989730,-0.400790,0.438005,19.699700,-0.396050,0.193095,19.736800,-0.414090,0.052325
2612.000000,19.877410,-0.287690,0.946005,19.899440,-0.188940,0.835234,19.996480,-0.194050,0.443935,19.914160,-0.202480,0.062275,20.044290,-0.195240,0.007394,19.883820,-0.378190,0.835184,20.002660,-0.400710,0.441254,19.718160,-0.396240,0.189634,19.759310,-0.414310,0.049994
2613.000000,19.884590,-0.287590,0.947715,19.906150,-0.189030,0.836695,19.997640,-0.193750,0.443935,19.914150,-0.202610,0.062604,20.044120,-0.195220,0.007314,19.890920,-0.378320,0.837085,20.015400,-0.400640,0.444474,19.736760,-0.396500,0.186014,19.782110,-0.414590,0.047605
2614.000000,19.891750,-0.287510,0.949334,19.912840,-0.189130,0.838075,19.998770,-0.193450,0.443945,19.914170,-0.202760,0.062934,20.043960,-0.195210,0.007234,19.898030,-0.378450,0.838885,20.027930,-0.400590,0.447655,19.755530,-0.396820,0.182254,19.805190,-0.414950,0.045194
2615.000000,19.898900,-0.287430,0.950844,19.919500,-0.189240,0.839355,19.999900,-0.193130,0.443955,19.914210,-0.202930,0.063264,20.043810,-0.195200,0.007154,19.905160,-0.378590,0.840585,20.040250,-0.400570,0.450795,19.774470,-0.397210,0.178364,19.828550,-0.415390,0.042785
2616.000000,19.906030,-0.287350,0.952245,19.926140,-0.189350,0.840545,20.001010,-0.192800,0.443974,19.914260,-0.203090,0.063584,20.043670,-0.195190,0.007084,19.912310,-0.378740,0.842175,20.052370,-0.400570,0.453854,19.793580,-0.397660,0.174354,19.852160,-0.415920,0.040414
2617.000000,19.913150,-0.287290,0.953524,19.932750,-0.189480,0.841624,20.002130,-0.192470,0.443995,19.914300,-0.203260,0.063894,20.043550,-0.195180,0.007004,19.919480,-0.378900,0.843665,20.064270,-0.400610,0.456845,19.812870,-0.398180,0.170234,19.876020,-0.416530,0.038095
2618.000000,19.920260,-0.287240,0.954685,19.939340,-0.189620,0.842595,20.003260,-0.192130,0.444005,19.914340,-0.203420,0.064194,20.043440,-0.195180,0.006924,19.926670,-0.379080,0.845035,20.075980,-0.400660,0.459745,19.832350,-0.398750,0.166024,19.900110,-0.417220,0.035854
2619.000000,19.927340,-0.287200,0.955715,19.945900,-0.189760,0.843434,20.004410,-0.191790,0.444015,19.914370,-0.203580,0.064494,20.043330,-0.195170,0.006844,19.933870,-0.379260,0.846284,20.087480,-0.400740,0.462545,19.852030,-0.399370,0.161714,19.924430,-0.418000,0.033735
2620.000000,19.934410,-0.287180,0.956595,19.952430,-0.189920,0.844155,20.005600,-0.191450,0.444005,19.914380,-0.203730,0.064774,20.043220,-0.195170,0.006764,19.941080,-0.379450,0.847395,20.098790,-0.400830,0.465215,19.871930,-0.400040,0.157325,19.948970,-0.418850,0.031745
2621.000000,19.941460,-0.287160,0.957345,19.958940,-0.190070,0.844745,20.006830,-0.191110,0.443965,19.914370,-0.203870,0.065054,20.043100,-0.195160,0.006684,19.948300,-0.379640,0.848355,20.109880,-0.400940,0.467745,19.892070,-0.400740,0.152864,19.973700,-0.419770,0.029905
2622.000000,19.948490,-0.287170,0.957955,19.965410,-0.190230,0.845205,20.008100,-0.190780,0.443905,19.914360,-0.204010,0.065324,20.042980,-0.195160,0.006605,19.955520,-0.379830,0.849175,20.120770,-0.401070,0.470105,19.912450,-0.401460,0.148344,19.998610,-0.420750,0.028255
2623.000000,19.955490,-0.287180,0.958425,19.971860,-0.190390,0.845534,20.009410,-0.190480,0.443795,19.914320,-0.204150,0.065574,20.042850,-0.195150,0.006514,19.962750,-0.380020,0.849835,20.131430,-0.401220,0.472295,19.933100,-0.402210,0.143784,20.023700,-0.421780,0.026814
2624.000000,19.962480,-0.287220,0.958744,19.978290,-0.190550,0.845745,20.010780,-0.190190,0.443655,19.914270,-0.204290,0.065824,20.042720,-0.195150,0.006414,19.969980,-0.380210,0.850334,20.141880,-0.401400,0.474284,19.954020,-0.402980,0.139204,20.048940,-0.422850,0.025594
2625.000000,19.969450,-0.287280,0.958935,19.984690,-0.190720,0.845815,20.012190,-0.189910,0.443465,19.914220,-0.204440,0.066074,20.042580,-0.195150,0.006314,19.977210,-0.380410,0.850675,20.152110,-0.401600,0.476055,19.975190,-0.403770,0.134654,20.074320,-0.423970,0.024644
2626.000000,19.976400,-0.287360,0.958994,19.991070,-0.190890,0.845774,20.013650,-0.189660,0.443245,19.914170,-0.204590,0.066304,20.042450,-0.195150,0.006214,19.984440,-0.380600,0.850865,20.162130,-0.401810,0.477605,19.996620,-0.404600,0.130155,20.099820,-0.425120,0.023964
2627.000000,19.983340,-0.287460,0.958925,19.997440,-0.191070,0.845615,20.015150,-0.189420,0.442985,19.914120,-0.204750,0.066534,20.042310,-0.195150,0.006095,19.991680,-0.380800,0.850905,20.171950,-0.402050,0.478925,20.018280,-0.405470,0.125744,20.125410,-0.426280,0.023595
2628.000000,19.990270,-0.287600,0.958724,20.003790,-0.191250,0.845355,20.016700,-0.189200,0.442695,19.914090,-0.204930,0.066754,20.042190,-0.195160,0.005984,19.998930,-0.381010,0.850805,20.181560,-0.402300,0.479985,20.040130,-0.406390,0.121454,20.151080,-0.427460,0.023554
2629.000000,19.997200,-0.287760,0.958425,20.010150,-0.191440,0.844985,20.018300,-0.188990,0.442355,19.914080,-0.205110,0.066964,20.042070,-0.195170,0.005864,20.006180,-0.381220,0.850565,20.190970,-0.402560,0.480805,20.062140,-0.407390,0.117344,20.176790,-0.428630,0.023865
2630.000000,20.004120,-0.287950,0.958005,20.016500,-0.191640,0.844534,20.019940,-0.188790,0.441995,19.914090,-0.205310,0.067174,20.041960,-0.195180,0.005734,20.013450,-0.381430,0.850185,20.200180,-0.402830,0.481365,20.084260,-0.408460,0.113424,20.202530,-0.429790,0.024545
2631.000000,20.011050,-0.288170,0.957495,20.022870,-0.191860,0.843994,20.021640,-0.188600,0.441595,19.914130,-0.205530,0.067384,20.041860,-0.195200,0.005614,20.020730,-0.381650,0.849685,20.209190,-0.403100,0.481675,20.106470,-0.409600,0.109744,20.228260,-0.430920,0.025614
2632.000000,20.017980,-0.288430,0.956885,20.029250,-0.192070,0.843384,20.023400,-0.188410,0.441165,19.914200,-0.205750,0.067584,20.041770,-0.195210,0.005484,20.028030,-0.381880,0.849064,20.218000,-0.403380,0.481735,20.128730,-0.410820,0.106324,20.253950,-0.432010,0.027114
2633.000000,20.024920,-0.288720,0.956184,20.035660,-0.192300,0.842704,20.025220,-0.188230,0.440715,19.914300,-0.205980,0.067784,20.041680,-0.195230,0.005364,20.035350,-0.382110,0.848334,20.226620,-0.403650,0.481535,20.151010,-0.412110,0.103194,20.279550,-0.433050,0.029045
2634.000000,20.031880,-0.289050,0.955395,20.042090,-0.192530,0.841975,20.027120,-0.188040,0.440235,19.914420,-0.206230,0.067994,20.041600,-0.195230,0.005254,20.042700,-0.382350,0.847504,20.235050,-0.403930,0.481095,20.173290,-0.413470,0.100384,20.305020,-0.434030,0.031434
2635.000000,20.038870,-0.289400,0.954535,20.048560,-0.192770,0.841185,20.029100,-0.187850,0.439725,19.914570,-0.206480,0.068204,20.041530,-0.195240,0.005134,20.050070,-0.382590,0.846565,20.243290,-0.404210,0.480425,20.195530,-0.414890,0.097914,20.330310,-0.434950,0.034285
2636.000000,20.045880,-0.289790,0.953585,20.055060,-0.193010,0.840345,20.031160,-0.187660,0.439195,19.914750,-0.206740,0.068424,20.041450,-0.195230,0.005024,20.057480,-0.382820,0.845545,20.251360,-0.404500,0.479515,20.217720,-0.416350,0.095804,20.355360,-0.435800,0.037604
2637.000000,20.052930,-0.290200,0.952554,20.061600,-0.193260,0.839445,20.033310,-0.187460,0.438645,19.914960,-0.207000,0.068664,20.041390,-0.195220,0.004914,20.064920,-0.383060,0.844425,20.259260,-0.404800,0.478405,20.239820,-0.417840,0.094074,20.380120,-0.436570,0.041384
2638.000000,20.060000,-0.290640,0.951465,20.068170,-0.193510,0.838504,20.035560,-0.187260,0.438075,19.915180,-0.207270,0.068914,20.041320,-0.195200,0.004804,20.072390,-0.383300,0.843234,20.267020,-0.405120,0.477085,20.261790,-0.419350,0.092724,20.404520,-0.437270,0.045624
2639.000000,20.067120,-0.291100,0.950295,20.074770,-0.193770,0.837515,20.037900,-0.187080,0.437505,19.915410,-0.207530,0.069184,20.041260,-0.195170,0.004694,20.079900,-0.383550,0.841965,20.274650,-0.405480,0.475585,20.283600,-0.420850,0.091784,20.428500,-0.437880,0.050294
2640.000000,20.074270,-0.291570,0.949055,20.081420,-0.194030,0.836475,20.040350,-0.186920,0.436924,19.915650,-0.207780,0.069474,20.041190,-0.195140,0.004584,20.087440,-0.383790,0.840635,20.282170,-0.405880,0.473935,20.305170,-0.422310,0.091244,20.451990,-0.438410,0.055364
2641.000000,20.081460,-0.292060,0.947765,20.088100,-0.194300,0.835384,20.042890,-0.186790,0.436355,19.915900,-0.208020,0.069794,20.041130,-0.195110,0.004475,20.095030,-0.384030,0.839245,20.289610,-0.406330,0.472145,20.326460,-0.423700,0.091094,20.474910,-0.438850,0.060765
2642.000000,20.088690,-0.292560,0.946404,20.094830,-0.194560,0.834234,20.045550,-0.186680,0.435785,19.916150,-0.208250,0.070134,20.041080,-0.195080,0.004364,20.102650,-0.384260,0.837785,20.297000,-0.406850,0.470245,20.347370,-0.424990,0.091314,20.497210,-0.439190,0.066454
2643.000000,20.095970,-0.293070,0.944985,20.101620,-0.194830,0.833044,20.048340,-0.186610,0.435215,19.916400,-0.208480,0.070504,20.041020,-0.195040,0.004244,20.110330,-0.384500,0.836264,20.304360,-0.407450,0.468265,20.367820,-0.426150,0.091874,20.518810,-0.439450,0.072344
2644.000000,20.103310,-0.293590,0.943515,20.108500,-0.195110,0.831794,20.051260,-0.186570,0.434635,19.916660,-0.208690,0.070904,20.040970,-0.195010,0.004114,20.118080,-0.384740,0.834685,20.311740,-0.408120,0.466245,20.387710,-0.427160,0.092724,20.539630,-0.439640,0.078334
2645.000000,20.110700,-0.294110,0.941985,20.115470,-0.195400,0.830475,20.054340,-0.186570,0.434055,19.916910,-0.208890,0.071334,20.040920,-0.194980,0.003994,20.125900,-0.384990,0.833044,20.319150,-0.408850,0.464205,20.406970,-0.427980,0.093794,20.559630,-0.439750,0.084344
2646.000000,20.118150,-0.294640,0.940404,20.122570,-0.195720,0.829085,20.057580,-0.186610,0.433465,19.917170,-0.209070,0.071794,20.040880,-0.194950,0.003864,20.133810,-0.385270,0.831345,20.326640,-0.409630,0.462175,20.425490,-0.428610,0.095024,20.578730,-0.439810,0.090234
2647.000000,20.125670,-0.295170,0.938765,20.129810,-0.196060,0.827624,20.061020,-0.186690,0.432845,19.917460,-0.209240,0.072294,20.040850,-0.194910,0.003724,20.141820,-0.385570,0.829585,20.334230,-0.410430,0.460205,20.443220,-0.429030,0.096344,20.596870,-0.439830,0.095914
2648.000000,20.133260,-0.295720,0.937084,20.137210,-0.196450,0.826095,20.064650,-0.186810,0.432205,19.917780,-0.209390,0.072834,20.040820,-0.194880,0.003574,20.149940,-0.385910,0.827765,20.341970,-0.411230,0.458305,20.460090,-0.429230,0.097654,20.614020,-0.439830,0.101264
2649.000000,20.140900,-0.296280,0.935365,20.144740,-0.196870,0.824495,20.068490,-0.186970,0.431525,19.918150,-0.209510,0.073434,20.040800,-0.194840,0.003434,20.158160,-0.386290,0.825894,20.349880,-0.412000,0.456515,20.476050,-0.429220,0.098894,20.630130,-0.439820,0.106144
2650.000000,20.148610,-0.296860,0.933624,20.152400,-0.197340,0.822835,20.072560,-0.187170,0.430805,19.918580,-0.209610,0.074094,20.040790,-0.194810,0.003285,20.166460,-0.386710,0.823995,20.357980,-0.412700,0.454865,20.491070,-0.429010,0.099964,20.645160,-0.439820,0.110464
2651.000000,20.156370,-0.297450,0.931855,20.160150,-0.197850,0.821145,20.076860,-0.187410,0.430044,19.919070,-0.209690,0.074804,20.040790,-0.194770,0.003124,20.174820,-0.387180,0.822095,20.366300,-0.413310,0.453354,20.505120,-0.428610,0.100804,20.659110,-0.439820,0.114104
2652.000000,20.164180,-0.298080,0.930084,20.167970,-0.198420,0.819425,20.081420,-0.187700,0.429235,19.919620,-0.209740,0.075604,20.040800,-0.194730,0.002964,20.183240,-0.387700,0.820195,20.374840,-0.413800,0.452015,20.518170,-0.428030,0.101344,20.671950,-0.439830,0.116964
2653.000000,20.172040,-0.298730,0.928315,20.175850,-0.199040,0.817685,20.086230,-0.188020,0.428385,19.920230,-0.209750,0.076474,20.040810,-0.194700,0.002804,20.191690,-0.388270,0.818335,20.383620,-0.414160,0.450845,20.530220,-0.427280,0.101524,20.683710,-0.439840,0.118974
2654.000000,20.179960,-0.299420,0.926574,20.183790,-0.199720,0.815945,20.091300,-0.188370,0.427475,19.920920,-0.209740,0.077424,20.040830,-0.194670,0.002645,20.200180,-0.388910,0.816524,20.392630,-0.414380,0.449845,20.541270,-0.426380,0.101304,20.694400,-0.439830,0.120075
2655.000000,20.187940,-0.300150,0.924855,20.191770,-0.200490,0.814204,20.096640,-0.188760,0.426515,19.921670,-0.209710,0.078484,20.040850,-0.194640,0.002475,20.208700,-0.389630,0.814794,20.401860,-0.414440,0.449025,20.551350,-0.425340,0.100675,20.704060,-0.439800,0.120224
2656.000000,20.195980,-0.300920,0.923175,20.199820,-0.201340,0.812474,20.102250,-0.189170,0.425505,19.922500,-0.209650,0.079644,20.040870,-0.194620,0.002305,20.217260,-0.390430,0.813145,20.411290,-0.414360,0.448364,20.560470,-0.424190,0.099604,20.712750,-0.439710,0.119424
2657.000000,20.204100,-0.301740,0.921544,20.207950,-0.202270,0.810775,20.108140,-0.189610,0.424445,19.923430,-0.209570,0.080924,20.040880,-0.194610,0.002124,20.225860,-0.391320,0.811615,20.420890,-0.414150,0.447845,20.568700,-0.422920,0.098144,20.720540,-0.439540,0.117684
2658.000000,20.212300,-0.302590,0.919965,20.216150,-0.203300,0.809105,20.114310,-0.190080,0.423345,19.924450,-0.209480,0.082334,20.040900,-0.194600,0.001944,20.234520,-0.392310,0.810184,20.430610,-0.413840,0.447435,20.576070,-0.421560,0.096324,20.727520,-0.439250,0.115044
2659.000000,20.220580,-0.303490,0.918465,20.224440,-0.204420,0.807465,20.120770,-0.190560,0.422195,19.925610,-0.209390,0.083884,20.040910,-0.194600,0.001754,20.243210,-0.393380,0.808885,20.440390,-0.413450,0.447125,20.582670,-0.420130,0.094194,20.733780,-0.438820,0.111594
2660.000000,20.228950,-0.304420,0.917025,20.232820,-0.205610,0.805875,20.127520,-0.191050,0.421015,19.926910,-0.209290,0.085584,20.040910,-0.194600,0.001574,20.251960,-0.394530,0.807694,20.450180,-0.413010,0.446864,20.588600,-0.418660,0.091834,20.739420,-0.438230,0.107404
2661.000000,20.237410,-0.305390,0.915664,20.241300,-0.206860,0.804335,20.134590,-0.191540,0.419795,19.928400,-0.209190,0.087434,20.040910,-0.194600,0.001384,20.260740,-0.395740,0.806624,20.459940,-0.412580,0.446644,20.593960,-0.417180,0.089344,20.744540,-0.437450,0.102594
2662.000000,20.245940,-0.306370,0.914394,20.249860,-0.208140,0.802864,20.141970,-0.192040,0.418545,19.930090,-0.209090,0.089454,20.040910,-0.194610,0.001204,20.269560,-0.396990,0.805655,20.469610,-0.412190,0.446435,20.598890,-0.415760,0.086804,20.749240,-0.436510,0.097274
2663.000000,20.254540,-0.307360,0.913204,20.258490,-0.209450,0.801474,20.149680,-0.192530,0.417275,19.932010,-0.208990,0.091644,20.040910,-0.194630,0.001044,20.278400,-0.398270,0.804785,20.479140,-0.411860,0.446225,20.603500,-0.414430,0.084294,20.753590,-0.435430,0.091564
2664.000000,20.263190,-0.308360,0.912115,20.267180,-0.210750,0.800154,20.157740,-0.193010,0.415975,19.934210,-0.208890,0.094014,20.040910,-0.194650,0.000904,20.287240,-0.399540,0.803995,20.488530,-0.411630,0.446005,20.607890,-0.413250,0.081894,20.757650,-0.434240,0.085605
2665.000000,20.271880,-0.309340,0.911104,20.275910,-0.212030,0.798925,20.166170,-0.193470,0.414665,19.936700,-0.208790,0.096574,20.040920,-0.194680,0.000804,20.296080,-0.400800,0.803285,20.497740,-0.411530,0.445775,20.612150,-0.412280,0.079654,20.761460,-0.433000,0.079484
2666.000000,20.280600,-0.310300,0.910204,20.284670,-0.213260,0.797795,20.174970,-0.193910,0.413334,19.939530,-0.208680,0.099324,20.040940,-0.194720,0.000764,20.304890,-0.402020,0.802644,20.506790,-0.411550,0.445545,20.616320,-0.411530,0.077614,20.765020,-0.431780,0.073344
2667.000000,20.289330,-0.311240,0.909405,20.293440,-0.214460,0.796764,20.184170,-0.194320,0.411985,19.942720,-0.208570,0.102284,20.040980,-0.194780,0.000794,20.313670,-0.403200,0.802084,20.515680,-0.411720,0.445345,20.620380,-0.411040,0.075774,20.768340,-0.430650,0.067274
2668.000000,20.298060,-0.312150,0.908705,20.302200,-0.215610,0.795825,20.193780,-0.194700,0.410635,19.946310,-0.208450,0.105454,20.041040,-0.194850,0.000924,20.322410,-0.404340,0.801625,20.524450,-0.412020,0.445195,20.624290,-0.410790,0.074144,20.771400,-0.429650,0.061364
2669.000000,20.306760,-0.313030,0.908115,20.310950,-0.216720,0.794984,20.203820,-0.195040,0.409265,19.950320,-0.208330,0.108844,20.041150,-0.194940,0.001194,20.331080,-0.405440,0.801265,20.533130,-0.412440,0.445125,20.627980,-0.410760,0.072704,20.774180,-0.428840,0.055715
2670.000000,20.315440,-0.313880,0.907645,20.319660,-0.217790,0.794254,20.214300,-0.195340,0.407875,19.954780,-0.208210,0.112454,20.041310,-0.195040,0.001624,20.339690,-0.406500,0.801025,20.541760,-0.412980,0.445155,20.631390,-0.410950,0.071434,20.776690,-0.428250,0.050375
2671.000000,20.324070,-0.314700,0.907285,20.328340,-0.218830,0.793605,20.225220,-0.195590,0.406465,19.959720,-0.208090,0.116284,20.041570,-0.195160,0.002265,20.348220,-0.407550,0.800925,20.550360,-0.413610,0.445305,20.634450,-0.411290,0.070314,20.778910,-0.427870,0.045405
2672.000000,20.332650,-0.315490,0.907034,20.336970,-0.219860,0.793065,20.236600,-0.195800,0.405045,19.965140,-0.207970,0.120334,20.041960,-0.195300,0.003144,20.356660,-0.408570,0.800964,20.558960,-0.414320,0.445565,20.637150,-0.411760,0.069324,20.780850,-0.427690,0.040835
2673.000000,20.341160,-0.316260,0.906895,20.345540,-0.220890,0.792605,20.248420,-0.195960,0.403595,19.971060,-0.207840,0.124594,20.042540,-0.195460,0.004284,20.365020,-0.409590,0.801165,20.567550,-0.415090,0.445945,20.639470,-0.412310,0.068474,20.782520,-0.427680,0.036665
2674.000000,20.349590,-0.317010,0.906855,20.354040,-0.221920,0.792235,20.260690,-0.196070,0.402135,19.977490,-0.207700,0.129064,20.043370,-0.195630,0.005724,20.373290,-0.410610,0.801515,20.576110,-0.415880,0.446405,20.641450,-0.412900,0.067754,20.783950,-0.427790,0.032925
2675.000000,20.357950,-0.317740,0.906915,20.362490,-0.222960,0.791934,20.273380,-0.196130,0.400655,19.984420,-0.207560,0.133724,20.044490,-0.195810,0.007494,20.381470,-0.411640,0.802005,20.584610,-0.416690,0.446925,20.643120,-0.413490,0.067134,20.785140,-0.427990,0.029595
2676.000000,20.366230,-0.318480,0.907075,20.370900,-0.224020,0.791714,20.286470,-0.196160,0.399184,19.991850,-0.207400,0.138554,20.045980,-0.196000,0.009584,20.389580,-0.412680,0.802625,20.592990,-0.417480,0.447455,20.644520,-0.414030,0.066624,20.786130,-0.428210,0.026665
2677.000000,20.374430,-0.319220,0.907305,20.379260,-0.225120,0.791555,20.299920,-0.196160,0.397715,19.999780,-0.207240,0.143555,20.047900,-0.196210,0.012015,20.397630,-0.413750,0.803354,20.601180,-0.418240,0.447985,20.645680,-0.414480,0.066204,20.786920,-0.428450,0.024125
2678.000000,20.382560,-0.319960,0.907614,20.387600,-0.226240,0.791455,20.313690,-0.196150,0.396294,20.008200,-0.207100,0.148674,20.050310,-0.196420,0.014774,20.405640,-0.414850,0.804175,20.609140,-0.418960,0.448465,20.646630,-0.414840,0.065864,20.787560,-0.428660,0.021944
2679.000000,20.390610,-0.320720,0.907995,20.395910,-0.227400,0.791415,20.327720,-0.196150,0.394935,20.017120,-0.206980,0.153884,20.053290,-0.196660,0.017865,20.413610,-0.415970,0.805055,20.616800,-0.419630,0.448875,20.647420,-0.415070,0.065595,20.788050,-0.428850,0.020095
2680.000000,20.398580,-0.321500,0.908424,20.404200,-0.228570,0.791435,20.341960,-0.196180,0.393685,20.026530,-0.206910,0.159144,20.056890,-0.196920,0.021275,20.421550,-0.417110,0.805975,20.624120,-0.420240,0.449185,20.648080,-0.415180,0.065374,20.788420,-0.428990,0.018534
2681.000000,20.406480,-0.322290,0.908925,20.412450,-0.229760,0.791535,20.356360,-0.196240,0.392575,20.036430,-0.206890,0.164414,20.061210,-0.197210,0.024965,20.429470,-0.418260,0.806914,20.631060,-0.420800,0.449395,20.648650,-0.415160,0.065204,20.788700,-0.429090,0.017244
2682.000000,20.414310,-0.323100,0.909475,20.420650,-0.230950,0.791714,20.370860,-0.196340,0.391645,20.046790,-0.206940,0.169654,20.066320,-0.197530,0.028915,20.437360,-0.419420,0.807864,20.637620,-0.421290,0.449495,20.649170,-0.415040,0.065064,20.788890,-0.429160,0.016165
2683.000000,20.422080,-0.323930,0.910085,20.428800,-0.232130,0.791975,20.385410,-0.196490,0.390925,20.057600,-0.207050,0.174814,20.072290,-0.197880,0.033065,20.445240,-0.420560,0.808814,20.643790,-0.421720,0.449495,20.649670,-0.414830,0.064954,20.789010,-0.429190,0.015265
2684.000000,20.429780,-0.324770,0.910755,20.436890,-0.233290,0.792345,20.399970,-0.196700,0.390465,20.068840,-0.207220,0.179885,20.079220,-0.198270,0.037354,20.453100,-0.421690,0.809764,20.649580,-0.422100,0.449405,20.650170,-0.414560,0.064854,20.789080,-0.429190,0.014534
2685.000000,20.437420,-0.325630,0.911494,20.444920,-0.234440,0.792814,20.414500,-0.196940,0.390275,20.080480,-0.207450,0.184795,20.087140,-0.198690,0.041724,20.460960,-0.422800,0.810715,20.655010,-0.422430,0.449245,20.650670,-0.414240,0.064764,20.789100,-0.429160,0.013914
2686.000000,20.445010,-0.326490,0.912315,20.452890,-0.235550,0.793405,20.428990,-0.197220,0.390385,20.092500,-0.207740,0.189524,20.096110,-0.199140,0.046074,20.468810,-0.423890,0.811685,20.660120,-0.422710,0.449035,20.651170,-0.413890,0.064674,20.789080,-0.429120,0.013404
2687.000000,20.452570,-0.327360,0.913215,20.460820,-0.236630,0.794115,20.443430,-0.197520,0.390795,20.104900,-0.208080,0.194024,20.106120,-0.199620,0.050345,20.476650,-0.424950,0.812665,20.664920,-0.422950,0.448775,20.651670,-0.413540,0.064594,20.789030,-0.429070,0.012974
2688.000000,20.460090,-0.328220,0.914204,20.468700,-0.237670,0.794955,20.457790,-0.197820,0.391495,20.117660,-0.208470,0.198234,20.117170,-0.200130,0.054455,20.484490,-0.425970,0.813674,20.669450,-0.423160,0.448515,20.652140,-0.413210,0.064514,20.788960,-0.429010,0.012605
2689.000000,20.467580,-0.329060,0.915285,20.476540,-0.238660,0.795914,20.472090,-0.198110,0.392495,20.130780,-0.208900,0.202115,20.129200,-0.200680,0.058324,20.492320,-0.426960,0.814735,20.673720,-0.423350,0.448235,20.652580,-0.412900,0.064444,20.788860,-0.428950,0.012294
2690.000000,20.475050,-0.329890,0.916465,20.484340,-0.239610,0.797015,20.486320,-0.198380,0.393765,20.144230,-0.209360,0.205624,20.142140,-0.201270,0.061904,20.500140,-0.427910,0.815844,20.677770,-0.423530,0.447974,20.652980,-0.412640,0.064394,20.788740,-0.428890,0.012015
2691.000000,20.482490,-0.330690,0.917745,20.492090,-0.240500,0.798245,20.500500,-0.198630,0.395295,20.158020,-0.209830,0.208724,20.155920,-0.201890,0.065124,20.507930,-0.428800,0.817014,20.681580,-0.423710,0.447725,20.653320,-0.412420,0.064364,20.788600,-0.428830,0.011765
2692.000000,20.489910,-0.331450,0.919125,20.499790,-0.241330,0.799615,20.514630,-0.198850,0.397065,20.172130,-0.210300,0.211394,20.170450,-0.202530,0.067944,20.515670,-0.429640,0.818265,20.685180,-0.423910,0.447495,20.653610,-0.412260,0.064344,20.788440,-0.428780,0.011544
2693.000000,20.497300,-0.332180,0.920615,20.507410,-0.242100,0.801104,20.528700,-0.199050,0.399055,20.186540,-0.210790,0.213614,20.185650,-0.203200,0.070344,20.523350,-0.430420,0.819605,20.688560,-0.424120,0.447285,20.653840,-0.412150,0.064354,20.788280,-0.428730,0.011335
2694.000000,20.504680,-0.332870,0.922195,20.514950,-0.242790,0.802725,20.542720,-0.199210,0.401245,20.201240,-0.211270,0.215385,20.201460,-0.203890,0.072284,20.530950,-0.431130,0.821025,20.691720,-0.424360,0.447084,20.654010,-0.412110,0.064394,20.788100,-0.428700,0.011145
2695.000000,20.512030,-0.333510,0.923875,20.522410,-0.243410,0.804465,20.556700,-0.199340,0.403615,20.216210,-0.211770,0.216724,20.217810,-0.204580,0.073774,20.538460,-0.431760,0.822545,20.694660,-0.424630,0.446925,20.654130,-0.412110,0.064464,20.787910,-0.428670,0.010975
2696.000000,20.519350,-0.334110,0.925644,20.529790,-0.243960,0.806295,20.570620,-0.199440,0.406145,20.231430,-0.212280,0.217644,20.234660,-0.205260,0.074814,20.545880,-0.432330,0.824134,20.697390,-0.424930,0.446775,20.654180,-0.412160,0.064564,20.787720,-0.428650,0.010805
2697.000000,20.526660,-0.334670,0.927474,20.537090,-0.244440,0.808225,20.584480,-0.199520,0.408825,20.246870,-0.212810,0.218144,20.251980,-0.205920,0.075424,20.553200,-0.432830,0.825805,20.699910,-0.425270,0.446644,20.654180,-0.412240,0.064704,20.787520,-0.428640,0.010655
2698.000000,20.533960,-0.335200,0.929374,20.544320,-0.244850,0.810215,20.598280,-0.199560,0.411625,20.262530,-0.213360,0.218254,20.269740,-0.206540,0.075614,20.560440,-0.433270,0.827524,20.702240,-0.425620,0.446545,20.654130,-0.412350,0.064874,20.787320,-0.428640,0.010504
2699.000000,20.541240,-0.335690,0.931324,20.551510,-0.245200,0.812275,20.612000,-0.199580,0.414525,20.278370,-0.213920,0.217965,20.287910,-0.207120,0.075424,20.567600,-0.433640,0.829295,20.704380,-0.425990,0.446465,20.654030,-0.412480,0.065074,20.787130,-0.428650,0.010364
2700.000000,20.548510,-0.336150,0.933304,20.558650,-0.245490,0.814375,20.625630,-0.199570,0.417525,20.294400,-0.214500,0.217314,20.306500,-0.207640,0.074874,20.574680,-0.433960,0.831095,20.706350,-0.426360,0.446405,20.653880,-0.412620,0.065304,20.786930,-0.428660,0.010225
2701.000000,20.555780,-0.336590,0.935304,20.565760,-0.245720,0.816495,20.639170,-0.199530,0.420585,20.310600,-0.215080,0.216304,20.325470,-0.208080,0.073994,20.581700,-0.434230,0.832905,20.708190,-0.426720,0.446385,20.653700,-0.412770,0.065564,20.786740,-0.428680,0.010094
2702.000000,20.563040,-0.337010,0.937315,20.572840,-0.245910,0.818624,20.652590,-0.199470,0.423714,20.326970,-0.215660,0.214944,20.344830,-0.208430,0.072834,20.588660,-0.434460,0.834715,20.709890,-0.427070,0.446385,20.653510,-0.412920,0.065844,20.786560,-0.428700,0.009965
2703.000000,20.570290,-0.337400,0.939315,20.579920,-0.246050,0.820755,20.665900,-0.199390,0.426875,20.343480,-0.216230,0.213275,20.364550,-0.208670,0.071414,20.595570,-0.434640,0.836495,20.711480,-0.427410,0.446395,20.653300,-0.413070,0.066154,20.786380,-0.428730,0.009844
2704.000000,20.577540,-0.337790,0.941284,20.586980,-0.246160,0.822855,20.679080,-0.199300,0.430065,20.360150,-0.216770,0.211294,20.384620,-0.208790,0.069764,20.602440,-0.434800,0.838245,20.712970,-0.427730,0.446435,20.653100,-0.413220,0.066464,20.786200,-0.428750,0.009725
2705.000000,20.584770,-0.338150,0.943215,20.594050,-0.246230,0.824914,20.692130,-0.199180,0.433264,20.376960,-0.217290,0.209025,20.405020,-0.208780,0.067924,20.609270,-0.434920,0.839944,20.714380,-0.428030,0.446485,20.652910,-0.413360,0.066794,20.786030,-0.428780,0.009614
2706.000000,20.592010,-0.338510,0.945105,20.601120,-0.246290,0.826925,20.705030,-0.199050,0.436455,20.393920,-0.217760,0.206494,20.425760,-0.208630,0.065924,20.616080,-0.435020,0.841575,20.715710,-0.428320,0.446545,20.652740,-0.413480,0.067134,20.785860,-0.428810,0.009494
2707.000000,20.599230,-0.338850,0.946925,20.608190,-0.246320,0.828865,20.717790,-0.198910,0.439625,20.411030,-0.218180,0.203714,20.446800,-0.208320,0.063784,20.622860,-0.435110,0.843135,20.716990,-0.428590,0.446615,20.652590,-0.413590,0.067474,20.785700,-0.428840,0.009385
2708.000000,20.606430,-0.339190,0.948665,20.615280,-0.246330,0.830735,20.730410,-0.198750,0.442765,20.428300,-0.218550,0.200694,20.468140,-0.207860,0.061534,20.629630,-0.435170,0.844615,20.718220,-0.428850,0.446705,20.652470,-0.413690,0.067804,20.785530,-0.428870,0.009274
2709.000000,20.613630,-0.339510,0.950315,20.622380,-0.246330,0.832525,20.742870,-0.198570,0.445864,20.445750,-0.218850,0.197434,20.489780,-0.207250,0.059214,20.636380,-0.435230,0.845994,20.719420,-0.429110,0.446795,20.652370,-0.413780,0.068134,20.785370,-0.428890,0.009164
2710.000000,20.620800,-0.339810,0.951875,20.629490,-0.246310,0.834205,20.755170,-0.198390,0.448905,20.463380,-0.219070,0.193924,20.511690,-0.206500,0.056825,20.643120,-0.435270,0.847264,20.720600,-0.429360,0.446905,20.652300,-0.413840,0.068464,20.785220,-0.428900,0.009055
2711.000000,20.627960,-0.340110,0.953325,20.636610,-0.246290,0.835794,20.767310,-0.198200,0.451895,20.481230,-0.219210,0.190194,20.533870,-0.205620,0.054414,20.649850,-0.435300,0.848425,20.721770,-0.429600,0.447015,20.652240,-0.413900,0.068784,20.785060,-0.428910,0.008934
2712.000000,20.635100,-0.340390,0.954665,20.643750,-0.246260,0.837264,20.779290,-0.198010,0.454805,20.499300,-0.219250,0.186224,20.556310,-0.204610,0.052005,20.656570,-0.435330,0.849465,20.722950,-0.429850,0.447135,20.652210,-0.413940,0.069094,20.784910,-0.428910,0.008814
2713.000000,20.642210,-0.340660,0.955885,20.650890,-0.246220,0.838615,20.791100,-0.197820,0.457625,20.517610,-0.219210,0.182054,20.578990,-0.203490,0.049614,20.663270,-0.435350,0.850384,20.724150,-0.430090,0.447245,20.652200,-0.413970,0.069394,20.784770,-0.428910,0.008695
2714.000000,20.649310,-0.340910,0.956975,20.658040,-0.246180,0.839844,20.802730,-0.197640,0.460365,20.536160,-0.219070,0.177704,20.601900,-0.202270,0.047265,20.669960,-0.435360,0.851175,20.725370,-0.430320,0.447345,20.652220,-0.413990,0.069694,20.784630,-0.428910,0.008574
2715.000000,20.656380,-0.341150,0.957935,20.665200,-0.246130,0.840944,20.814190,-0.197480,0.462995,20.554970,-0.218830,0.173174,20.625030,-0.200960,0.044994,20.676640,-0.435370,0.851845,20.726610,-0.430550,0.447435,20.652250,-0.414000,0.069984,20.784500,-0.428910,0.008455
2716.000000,20.663430,-0.341370,0.958774,20.672360,-0.246070,0.841915,20.825470,-0.197340,0.465514,20.574030,-0.218500,0.168514,20.648370,-0.199560,0.042814,20.683300,-0.435370,0.852384,20.727890,-0.430780,0.447505,20.652300,-0.414000,0.070264,20.784380,-0.428900,0.008334
2717.000000,20.670460,-0.341570,0.959475,20.679530,-0.246020,0.842755,20.836560,-0.197210,0.467905,20.593360,-0.218080,0.163735,20.671910,-0.198080,0.040754,20.689940,-0.435360,0.852795,20.729200,-0.431000,0.447555,20.652360,-0.413990,0.070534,20.784270,-0.428900,0.008214
2718.000000,20.677480,-0.341750,0.960044,20.686690,-0.245960,0.843465,20.847460,-0.197110,0.470155,20.612960,-0.217580,0.158875,20.695640,-0.196550,0.038815,20.696570,-0.435350,0.853094,20.730540,-0.431220,0.447575,20.652430,-0.413970,0.070794,20.784160,-0.428900,0.008095
2719.000000,20.684480,-0.341910,0.960475,20.693860,-0.245890,0.844035,20.858180,-0.197040,0.472265,20.632830,-0.216980,0.153935,20.719530,-0.194960,0.037034,20.703180,-0.435340,0.853285,20.731930,-0.431430,0.447575,20.652510,-0.413940,0.071044,20.784060,-0.428900,0.007964
2720.000000,20.691470,-0.342040,0.960794,20.701030,-0.245830,0.844465,20.868720,-0.196980,0.474205,20.652990,-0.216310,0.148964,20.743580,-0.193320,0.035415,20.709770,-0.435320,0.853375,20.733350,-0.431640,0.447535,20.652590,-0.413900,0.071294,20.783970,-0.428910,0.007845
2721.000000,20.698460,-0.342150,0.960985,20.708190,-0.245770,0.844774,20.879070,-0.196950,0.475985,20.673420,-0.215560,0.143984,20.767770,-0.191650,0.033974,20.716360,-0.435290,0.853375,20.734820,-0.431840,0.447455,20.652660,-0.413850,0.071534,20.783870,-0.428920,0.007715
2722.000000,20.705440,-0.342230,0.961055,20.715360,-0.245700,0.844944,20.889240,-0.196940,0.477585,20.694140,-0.214740,0.139014,20.792080,-0.189950,0.032745,20.722930,-0.435260,0.853275,20.736320,-0.432040,0.447345,20.652740,-0.413790,0.071764,20.783780,-0.428930,0.007594
2723.000000,20.712410,-0.342270,0.961005,20.722520,-0.245620,0.844985,20.899230,-0.196940,0.479004,20.715140,-0.213860,0.134104,20.816510,-0.188240,0.031734,20.729480,-0.435210,0.853075,20.737870,-0.432230,0.447194,20.652810,-0.413720,0.071984,20.783690,-0.428940,0.007464
2724.000000,20.719380,-0.342290,0.960844,20.729680,-0.245520,0.844905,20.909040,-0.196960,0.480224,20.736380,-0.212930,0.129284,20.841030,-0.186520,0.030955,20.736030,-0.435140,0.852785,20.739460,-0.432420,0.447015,20.652880,-0.413650,0.072194,20.783600,-0.428950,0.007334
2725.000000,20.726340,-0.342260,0.960565,20.736840,-0.245400,0.844715,20.918660,-0.196990,0.481245,20.757840,-0.211950,0.124594,20.865620,-0.184810,0.030444,20.742560,-0.435050,0.852405,20.741090,-0.432600,0.446785,20.652960,-0.413580,0.072394,20.783500,-0.428960,0.007204
2726.000000,20.733300,-0.342210,0.960184,20.744000,-0.245250,0.844395,20.928110,-0.197040,0.482054,20.779480,-0.210930,0.120084,20.890290,-0.183110,0.030225,20.749080,-0.434930,0.851935,20.742770,-0.432770,0.446535,20.653040,-0.413510,0.072584,20.783400,-0.428980,0.007064
2727.000000,20.740270,-0.342110,0.959705,20.751150,-0.245090,0.843975,20.937370,-0.197110,0.482664,20.801250,-0.209870,0.115774,20.914990,-0.181450,0.030304,20.755590,-0.434790,0.851375,20.744480,-0.432930,0.446265,20.653130,-0.413450,0.072764,20.783300,-0.428990,0.006934
2728.000000,20.747240,-0.341980,0.959114,20.758290,-0.244900,0.843445,20.946450,-0.197190,0.483054,20.823110,-0.208760,0.111694,20.939710,-0.179840,0.030725,20.762100,-0.434610,0.850735,20.746240,-0.433080,0.445974,20.653220,-0.413390,0.072944,20.783190,-0.429020,0.006804
2729.000000,20.754210,-0.341820,0.958434,20.765420,-0.244680,0.842805,20.955340,-0.197300,0.483225,20.845030,-0.207590,0.107864,20.964430,-0.178280,0.031504,20.768610,-0.434420,0.850015,20.748030,-0.433210,0.445665,20.653310,-0.413320,0.073114,20.783080,-0.429040,0.006674
2730.000000,20.761200,-0.341630,0.957665,20.772540,-0.244450,0.842064,20.964040,-0.197430,0.483175,20.866940,-0.206350,0.104314,20.989120,-0.176790,0.032664,20.775120,-0.434190,0.849225,20.749860,-0.433320,0.445345,20.653400,-0.413250,0.073294,20.782980,-0.429070,0.006544
2731.000000,20.768200,-0.341410,0.956794,20.779670,-0.244200,0.841225,20.972550,-0.197580,0.482915,20.888840,-0.205030,0.101054,21.013730,-0.175380,0.034224,20.781650,-0.433950,0.848364,20.751730,-0.433400,0.445015,20.653480,-0.413150,0.073484,20.782870,-0.429110,0.006424
2732.000000,20.775220,-0.341160,0.955844,20.786830,-0.243930,0.840275,20.980870,-0.197770,0.482435,20.910690,-0.203630,0.098094,21.038240,-0.174040,0.036205,20.788220,-0.433690,0.847415,20.753660,-0.433460,0.444675,20.653550,-0.413040,0.073694,20.782760,-0.429150,0.006294
2733.000000,20.782270,-0.340890,0.954805,20.794010,-0.243670,0.839234,20.989000,-0.197980,0.481755,20.932480,-0.202170,0.095464,21.062600,-0.172790,0.038635,20.794820,-0.433430,0.846384,20.755660,-0.433490,0.444335,20.653630,-0.412910,0.073924,20.782660,-0.429200,0.006164
2734.000000,20.789350,-0.340600,0.953685,20.801240,-0.243400,0.838095,20.996930,-0.198220,0.480875,20.954190,-0.200640,0.093164,21.086750,-0.171630,0.041495,20.801470,-0.433160,0.845275,20.757730,-0.433490,0.443974,20.653720,-0.412760,0.074164,20.782570,-0.429260,0.006034
2735.000000,20.796470,-0.340290,0.952485,20.808530,-0.243130,0.836865,21.004680,-0.198490,0.479805,20.975790,-0.199060,0.091225,21.110640,-0.170550,0.044804,20.808180,-0.432890,0.844085,20.759900,-0.433470,0.443605,20.653820,-0.412590,0.074424,20.782490,-0.429320,0.005904
2736.000000,20.803610,-0.339960,0.951215,20.815860,-0.242860,0.835554,21.012250,-0.198790,0.478554,20.997240,-0.197440,0.089654,21.134200,-0.169550,0.048555,20.814950,-0.432610,0.842824,20.762190,-0.433410,0.443225,20.653940,-0.412410,0.074704,20.782410,-0.429380,0.005755
2737.000000,20.810790,-0.339610,0.949885,20.823240,-0.242580,0.834164,21.019670,-0.199110,0.477135,21.018510,-0.195790,0.088454,21.157370,-0.168630,0.052705,20.821780,-0.432330,0.841495,20.764610,-0.433330,0.442814,20.654090,-0.412220,0.074984,20.782340,-0.429450,0.005604
2738.000000,20.818010,-0.339240,0.948495,20.830670,-0.242300,0.832715,21.026950,-0.199450,0.475565,21.039540,-0.194150,0.087634,21.180070,-0.167800,0.057214,20.828680,-0.432040,0.840114,20.767190,-0.433220,0.442385,20.654270,-0.412030,0.075284,20.782270,-0.429510,0.005444
2739.000000,20.825270,-0.338840,0.947045,20.838160,-0.242010,0.831195,21.034120,-0.199800,0.473865,21.060270,-0.192530,0.087184,21.202250,-0.167040,0.062044,20.835640,-0.431740,0.838674,20.769950,-0.433090,0.441924,20.654480,-0.411830,0.075604,20.782210,-0.429570,0.005274
2740.000000,20.832550,-0.338420,0.945555,20.845690,-0.241710,0.829624,21.041200,-0.200130,0.472064,21.080610,-0.190990,0.087094,21.223810,-0.166370,0.067114,20.842670,-0.431430,0.837184,20.772910,-0.432950,0.441424,20.654720,-0.411630,0.075944,20.782160,-0.429630,0.005084
2741.000000,20.839880,-0.337980,0.944014,20.853280,-0.241390,0.828005,21.048230,-0.200440,0.470195,21.100510,-0.189540,0.087334,21.244700,-0.165790,0.072354,20.849750,-0.431100,0.835665,20.776070,-0.432780,0.440895,20.655000,-0.411430,0.076314,20.782110,-0.429690,0.004894
2742.000000,20.847240,-0.337510,0.942445,20.860920,-0.241060,0.826334,21.055250,-0.200700,0.468275,21.119870,-0.188240,0.087854,21.264850,-0.165300,0.077664,20.856900,-0.430750,0.834105,20.779460,-0.432600,0.440325,20.655320,-0.411240,0.076714,20.782070,-0.429740,0.004684
2743.000000,20.854630,-0.337020,0.940844,20.868610,-0.240710,0.824635,21.062300,-0.200910,0.466344,21.138600,-0.187130,0.088604,21.284180,-0.164920,0.082954,20.864090,-0.430390,0.832515,20.783060,-0.432400,0.439715,20.655670,-0.411050,0.077154,20.782040,-0.429780,0.004475
2744.000000,20.862060,-0.336500,0.939215,20.876370,-0.240340,0.822905,21.069400,-0.201050,0.464435,21.156630,-0.186250,0.089534,21.302640,-0.164640,0.088094,20.871340,-0.430000,0.830905,20.786900,-0.432190,0.439065,20.656060,-0.410860,0.077634,20.782020,-0.429820,0.004244
2745.000000,20.869530,-0.335950,0.937555,20.884180,-0.239940,0.821155,21.076620,-0.201130,0.462555,21.173860,-0.185630,0.090544,21.320180,-0.164490,0.092994,20.878620,-0.429580,0.829275,20.790970,-0.431950,0.438375,20.656480,-0.410690,0.078164,20.782000,-0.429870,0.004024
2746.000000,20.877050,-0.335380,0.935875,20.892050,-0.239520,0.819385,21.083970,-0.201150,0.460745,21.190230,-0.185310,0.091564,21.336740,-0.164460,0.097514,20.885950,-0.429140,0.827635,20.795270,-0.431700,0.437645,20.656950,-0.410530,0.078754,20.782000,-0.429910,0.003795
2747.000000,20.884610,-0.334770,0.934184,20.899980,-0.239080,0.817605,21.091500,-0.201130,0.459025,21.205640,-0.185300,0.092504,21.352280,-0.164570,0.101564,20.893320,-0.428670,0.825995,20.799780,-0.431430,0.436874,20.657470,-0.410400,0.079394,20.782000,-0.429960,0.003564
2748.000000,20.892230,-0.334130,0.932474,20.907980,-0.238600,0.815825,21.099240,-0.201080,0.457405,21.220070,-0.185610,0.093274,21.366770,-0.164820,0.105034,20.900740,-0.428160,0.824334,20.804520,-0.431130,0.436055,20.658030,-0.410290,0.080104,20.782020,-0.430010,0.003334
2749.000000,20.899900,-0.333470,0.930755,20.916040,-0.238080,0.814045,21.107210,-0.201030,0.455905,21.233460,-0.186210,0.093784,21.380200,-0.165240,0.107804,20.908200,-0.427620,0.822674,20.809470,-0.430820,0.435195,20.658650,-0.410220,0.080864,20.782040,-0.430060,0.003094
2750.000000,20.907630,-0.332760,0.929034,20.924160,-0.237520,0.812285,21.115420,-0.201000,0.454524,21.245810,-0.187070,0.093984,21.392540,-0.165830,0.109794,20.915720,-0.427030,0.821014,20.814620,-0.430480,0.434295,20.659330,-0.410190,0.081694,20.782080,-0.430130,0.002864
2751.000000,20.915420,-0.332020,0.927324,20.932360,-0.236910,0.810565,21.123880,-0.201010,0.453295,21.257120,-0.188150,0.093814,21.403820,-0.166620,0.110944,20.923310,-0.426390,0.819345,20.819990,-0.430130,0.433355,20.660080,-0.410200,0.082594,20.782130,-0.430200,0.002634
2752.000000,20.923290,-0.331250,0.925635,20.940620,-0.236250,0.808875,21.132570,-0.201070,0.452194,21.267430,-0.189380,0.093244,21.414050,-0.167600,0.111184,20.930970,-0.425690,0.817685,20.825580,-0.429760,0.432374,20.660890,-0.410270,0.083584,20.782190,-0.430290,0.002394
2753.000000,20.931220,-0.330440,0.923964,20.948950,-0.235510,0.807245,21.141490,-0.201200,0.451245,21.276760,-0.190720,0.092274,21.423270,-0.168800,0.110494,20.938720,-0.424930,0.816034,20.831380,-0.429380,0.431365,20.661770,-0.410390,0.084654,20.782260,-0.430380,0.002154
2754.000000,20.939220,-0.329590,0.922324,20.957360,-0.234710,0.805675,21.150610,-0.201410,0.450425,21.285160,-0.192150,0.090904,21.431530,-0.170200,0.108884,20.946580,-0.424100,0.814395,20.837410,-0.428980,0.430305,20.662730,-0.410570,0.085834,20.782340,-0.430490,0.001904
2755.000000,20.947300,-0.328700,0.920744,20.965820,-0.233830,0.804195,21.159890,-0.201680,0.449745,21.292680,-0.193620,0.089174,21.438890,-0.171800,0.106364,20.954540,-0.423200,0.812765,20.843680,-0.428570,0.429205,20.663780,-0.410810,0.087134,20.782440,-0.430610,0.001644
2756.000000,20.955440,-0.327780,0.919215,20.974340,-0.232880,0.802805,21.169310,-0.202030,0.449185,21.299380,-0.195100,0.087134,21.445440,-0.173560,0.103024,20.962610,-0.422230,0.811165,20.850210,-0.428140,0.428085,20.664930,-0.411100,0.088554,20.782540,-0.430740,0.001374
2757.000000,20.963670,-0.326820,0.917755,20.982890,-0.231840,0.801515,21.178810,-0.202440,0.448745,21.305360,-0.196560,0.084874,21.451260,-0.175460,0.098944,20.970780,-0.421180,0.809605,20.857010,-0.427700,0.426915,20.666220,-0.411450,0.090134,20.782660,-0.430870,0.001094
2758.000000,20.971950,-0.325850,0.916365,20.991480,-0.230740,0.800345,21.188360,-0.202890,0.448395,21.310710,-0.197960,0.082474,21.456440,-0.177420,0.094254,20.979060,-0.420070,0.808105,20.864110,-0.427260,0.425714,20.667660,-0.411840,0.091884,20.782790,-0.431010,0.000794
2759.000000,20.980300,-0.324850,0.915075,21.000070,-0.229570,0.799285,21.197910,-0.203350,0.448135,21.315530,-0.199260,0.080014,21.461060,-0.179390,0.089094,20.987440,-0.418900,0.806655,20.871530,-0.426820,0.424485,20.669280,-0.412280,0.093804,20.782930,-0.431140,0.000484
2760.000000,20.988700,-0.323840,0.913884,21.008660,-0.228340,0.798365,21.207430,-0.203810,0.447965,21.319940,-0.200400,0.077584,21.465210,-0.181300,0.083594,20.995900,-0.417680,0.805285,20.879290,-0.426370,0.423225,20.671120,-0.412760,0.095934,20.783080,-0.431260,0.000174
2761.000000,20.997150,-0.322830,0.912795,21.017240,-0.227070,0.797565,21.216890,-0.204240,0.447875,21.324010,-0.201340,0.075254,21.468950,-0.183070,0.077884,21.004440,-0.416430,0.803995,20.887420,-0.425930,0.421925,20.673230,-0.413260,0.098264,20.783240,-0.431360,-0.000126
2762.000000,21.005620,-0.321830,0.911825,21.025790,-0.225780,0.796895,21.226280,-0.204600,0.447855,21.327840,-0.202040,0.073084,21.472350,-0.184640,0.072074,21.013040,-0.415150,0.802814,20.895950,-0.425500,0.420585,20.675660,-0.413760,0.100814,20.783400,-0.431440,-0.000406
2763.000000,21.014120,-0.320840,0.910975,21.034310,-0.224470,0.796355,21.235600,-0.204870,0.447925,21.331440,-0.202490,0.071104,21.475430,-0.185950,0.066294,21.021680,-0.413860,0.801735,20.904900,-0.425070,0.419224,20.678480,-0.414270,0.103574,20.783570,-0.431480,-0.000646
2764.000000,21.022630,-0.319880,0.910254,21.042800,-0.223150,0.795945,21.244840,-0.205020,0.448075,21.334840,-0.202690,0.069324,21.478230,-0.186980,0.060604,21.030360,-0.412580,0.800775,20.914300,-0.424660,0.417825,20.681720,-0.414750,0.106554,20.783750,-0.431490,-0.000816
2765.000000,21.031130,-0.318940,0.909644,21.051250,-0.221840,0.795655,21.254030,-0.205030,0.448295,21.338020,-0.202650,0.067744,21.480760,-0.187720,0.055105,21.039060,-0.411300,0.799934,20.924160,-0.424260,0.416395,20.685450,-0.415190,0.109744,20.783940,-0.431470,-0.000896
2766.000000,21.039630,-0.318020,0.909174,21.059690,-0.220550,0.795494,21.263180,-0.204900,0.448595,21.340950,-0.202420,0.066374,21.483030,-0.188180,0.049844,21.047780,-0.410030,0.799195,20.934510,-0.423870,0.414925,20.689690,-0.415590,0.113144,20.784160,-0.431410,-0.000846
2767.000000,21.048110,-0.317130,0.908805,21.068100,-0.219260,0.795465,21.272290,-0.204610,0.448965,21.343630,-0.202040,0.065184,21.485060,-0.188390,0.044874,21.056510,-0.408780,0.798575,20.945360,-0.423510,0.413415,20.694480,-0.415940,0.116734,20.784440,-0.431320,-0.000636
2768.000000,21.056570,-0.316250,0.908555,21.076510,-0.217990,0.795535,21.281380,-0.204170,0.449375,21.346050,-0.201560,0.064164,21.486860,-0.188400,0.040225,21.065250,-0.407540,0.798034,20.956700,-0.423160,0.411865,20.699830,-0.416250,0.120525,20.784790,-0.431190,-0.000216
2769.000000,21.065000,-0.315390,0.908405,21.084910,-0.216730,0.795725,21.290420,-0.203590,0.449815,21.348250,-0.201010,0.063304,21.488450,-0.188250,0.035915,21.073980,-0.406310,0.797594,20.968540,-0.422810,0.410265,20.705740,-0.416500,0.124484,20.785280,-0.431050,0.000444
2770.000000,21.073400,-0.314540,0.908355,21.093320,-0.215480,0.796005,21.299390,-0.202880,0.450245,21.350230,-0.200420,0.062574,21.489840,-0.187990,0.031954,21.082710,-0.405080,0.797225,20.980850,-0.422460,0.408625,20.712220,-0.416700,0.128604,20.785930,-0.430890,0.001384
2771.000000,21.081770,-0.313690,0.908374,21.101720,-0.214230,0.796374,21.308260,-0.202060,0.450655,21.352030,-0.199840,0.061955,21.491040,-0.187670,0.028365,21.091420,-0.403850,0.796925,20.993620,-0.422090,0.406945,20.719250,-0.416840,0.132894,20.786830,-0.430730,0.002645
2772.000000,21.090090,-0.312840,0.908475,21.110110,-0.212990,0.796825,21.316960,-0.201150,0.450995,21.353680,-0.199300,0.061415,21.492080,-0.187320,0.025135,21.100100,-0.402620,0.796694,21.006810,-0.421680,0.405225,20.726800,-0.416920,0.137324,20.788030,-0.430590,0.004244
2773.000000,21.098370,-0.311980,0.908635,21.118490,-0.211740,0.797345,21.325450,-0.200190,0.451255,21.355180,-0.198820,0.060955,21.492960,-0.186980,0.022274,21.108730,-0.401390,0.796524,21.020380,-0.421210,0.403485,20.734870,-0.416940,0.141884,20.789610,-0.430460,0.006194
2774.000000,21.106610,-0.311110,0.908855,21.126860,-0.210500,0.797914,21.333670,-0.199200,0.451414,21.356560,-0.198430,0.060544,21.493690,-0.186660,0.019785,21.117300,-0.400150,0.796424,21.034290,-0.420680,0.401745,20.743440,-0.416900,0.146555,20.791650,-0.430350,0.008514
2775.000000,21.114790,-0.310220,0.909125,21.135200,-0.209280,0.798524,21.341580,-0.198210,0.451455,21.357830,-0.198160,0.060184,21.494290,-0.186370,0.017645,21.125800,-0.398930,0.796405,21.048480,-0.420070,0.400045,20.752470,-0.416780,0.151334,20.794220,-0.430250,0.011204
2776.000000,21.122910,-0.309320,0.909444,21.143510,-0.208070,0.799175,21.349140,-0.197250,0.451365,21.358970,-0.198020,0.059864,21.494750,-0.186140,0.015855,21.134200,-0.397710,0.796455,21.062900,-0.419380,0.398404,20.761970,-0.416600,0.156174,20.797430,-0.430160,0.014254
2777.000000,21.130980,-0.308400,0.909814,21.151780,-0.206880,0.799855,21.356330,-0.196350,0.451165,21.359990,-0.198000,0.059585,21.495110,-0.185950,0.014364,21.142500,-0.396520,0.796585,21.077490,-0.418610,0.396875,20.771900,-0.416340,0.161064,20.801370,-0.430070,0.017635
2778.000000,21.138990,-0.307480,0.910235,21.160000,-0.205730,0.800555,21.363140,-0.195530,0.450865,21.360880,-0.198100,0.059345,21.495360,-0.185800,0.013154,21.150680,-0.395360,0.796814,21.092210,-0.417780,0.395515,20.782270,-0.416020,0.165964,20.806140,-0.429970,0.021324
2779.000000,21.146930,-0.306540,0.910714,21.168160,-0.204610,0.801295,21.369570,-0.194800,0.450474,21.361650,-0.198300,0.059144,21.495540,-0.185690,0.012185,21.158740,-0.394230,0.797145,21.107000,-0.416900,0.394354,20.793060,-0.415640,0.170844,20.811840,-0.429840,0.025264
2780.000000,21.154810,-0.305610,0.911254,21.176260,-0.203550,0.802065,21.375620,-0.194170,0.450024,21.362290,-0.198590,0.058994,21.495640,-0.185620,0.011405,21.166670,-0.393150,0.797594,21.121820,-0.415990,0.393445,20.804260,-0.415190,0.175674,20.818570,-0.429670,0.029394
2781.000000,21.162620,-0.304690,0.911864,21.184290,-0.202540,0.802885,21.381310,-0.193640,0.449535,21.362840,-0.198930,0.058884,21.495690,-0.185580,0.010794,21.174470,-0.392130,0.798154,21.136620,-0.415060,0.392835,20.815870,-0.414680,0.180404,20.826390,-0.429470,0.033625
2782.000000,21.170360,-0.303790,0.912544,21.192230,-0.201600,0.803755,21.386640,-0.193200,0.449025,21.363280,-0.199300,0.058814,21.495690,-0.185560,0.010305,21.182150,-0.391160,0.798835,21.151390,-0.414140,0.392545,20.827870,-0.414110,0.184995,20.835360,-0.429210,0.037854
2783.000000,21.178040,-0.302900,0.913324,21.200080,-0.200710,0.804685,21.391630,-0.192850,0.448505,21.363650,-0.199680,0.058775,21.495660,-0.185560,0.009924,21.189700,-0.390250,0.799644,21.166090,-0.413250,0.392605,20.840270,-0.413490,0.189384,20.845470,-0.428900,0.042005
2784.000000,21.185640,-0.302060,0.914204,21.207830,-0.199890,0.805694,21.396310,-0.192560,0.447995,21.363960,-0.200030,0.058754,21.495600,-0.185580,0.009614,21.197150,-0.389410,0.800594,21.180720,-0.412400,0.393024,20.853070,-0.412810,0.193524,20.856710,-0.428540,0.045964
2785.000000,21.193180,-0.301250,0.915185,21.215500,-0.199130,0.806785,21.400690,-0.192330,0.447505,21.364210,-0.200350,0.058765,21.495530,-0.185610,0.009375,21.204500,-0.388640,0.801675,21.195260,-0.411600,0.393785,20.866270,-0.412090,0.197345,20.869020,-0.428110,0.049645
2786.000000,21.200670,-0.300480,0.916285,21.223080,-0.198440,0.807964,21.404810,-0.192150,0.447035,21.364430,-0.200630,0.058784,21.495440,-0.185640,0.009164,21.211760,-0.387930,0.802885,21.209730,-0.410860,0.394885,20.879880,-0.411320,0.200794,20.882320,-0.427630,0.052984
2787.000000,21.208100,-0.299760,0.917494,21.230590,-0.197820,0.809234,21.408680,-0.192000,0.446605,21.364600,-0.200870,0.058824,21.495330,-0.185680,0.008994,21.218960,-0.387290,0.804235,21.224130,-0.410200,0.396305,20.893890,-0.410510,0.203804,20.896530,-0.427070,0.055914
2788.000000,21.215490,-0.299090,0.918814,21.238030,-0.197260,0.810594,21.412320,-0.191880,0.446205,21.364730,-0.201080,0.058875,21.495220,-0.185720,0.008854,21.226120,-0.386720,0.805705,21.238470,-0.409610,0.398005,20.908310,-0.409680,0.206354,20.911560,-0.426460,0.058405
2789.000000,21.222850,-0.298470,0.920254,21.245410,-0.196760,0.812034,21.415750,-0.191780,0.445835,21.364830,-0.201240,0.058945,21.495100,-0.185760,0.008724,21.233250,-0.386210,0.807304,21.252750,-0.409090,0.399955,20.923110,-0.408820,0.208394,20.927330,-0.425790,0.060424
2790.000000,21.230180,-0.297900,0.921785,21.252760,-0.196330,0.813555,21.418970,-0.191700,0.445505,21.364890,-0.201380,0.059034,21.494960,-0.185800,0.008605,21.240370,-0.385770,0.809005,21.266980,-0.408640,0.402135,20.938280,-0.407940,0.209904,20.943770,-0.425060,0.061964
2791.000000,21.237490,-0.297370,0.923424,21.260080,-0.195970,0.815145,21.422000,-0.191620,0.445205,21.364910,-0.201500,0.059165,21.494820,-0.185820,0.008494,21.247490,-0.385400,0.810814,21.281160,-0.408240,0.404505,20.953790,-0.407020,0.210894,20.960810,-0.424290,0.063034
2792.000000,21.244790,-0.296880,0.925145,21.267390,-0.195660,0.816785,21.424840,-0.191540,0.444945,21.364890,-0.201610,0.059314,21.494670,-0.185850,0.008404,21.254630,-0.385080,0.812705,21.295300,-0.407890,0.407025,20.969620,-0.406050,0.211334,20.978420,-0.423470,0.063654
2793.000000,21.252080,-0.296430,0.926934,21.274690,-0.195410,0.818465,21.427480,-0.191460,0.444715,21.364830,-0.201710,0.059494,21.494510,-0.185860,0.008304,21.261780,-0.384830,0.814665,21.309380,-0.407580,0.409674,20.985750,-0.405040,0.211254,20.996550,-0.422610,0.063844
2794.000000,21.259370,-0.296010,0.928794,21.281990,-0.195210,0.820175,21.429930,-0.191360,0.444515,21.364740,-0.201800,0.059705,21.494350,-0.185870,0.008214,21.268960,-0.384620,0.816674,21.323390,-0.407300,0.412425,21.002160,-0.403950,0.210665,21.015160,-0.421720,0.063634
2795.000000,21.266650,-0.295620,0.930694,21.289280,-0.195050,0.821914,21.432190,-0.191250,0.444345,21.364620,-0.201900,0.059934,21.494180,-0.185870,0.008124,21.276150,-0.384460,0.818724,21.337340,-0.407050,0.415265,21.018840,-0.402810,0.209585,21.034230,-0.420800,0.063044
2796.000000,21.273940,-0.295260,0.932624,21.296560,-0.194920,0.823655,21.434270,-0.191120,0.444195,21.364480,-0.201990,0.060184,21.494000,-0.185860,0.008034,21.283350,-0.384340,0.820805,21.351200,-0.406820,0.418164,21.035770,-0.401620,0.208074,21.053740,-0.419860,0.062125
2797.000000,21.281220,-0.294920,0.934574,21.303830,-0.194830,0.825395,21.436190,-0.190980,0.444065,21.364330,-0.202070,0.060455,21.493820,-0.185860,0.007945,21.290560,-0.384240,0.822885,21.364960,-0.406620,0.421115,21.052920,-0.400400,0.206165,21.073650,-0.418900,0.060894
2798.000000,21.288500,-0.294600,0.936535,21.311070,-0.194750,0.827134,21.437950,-0.190830,0.443955,21.364180,-0.202150,0.060735,21.493630,-0.185850,0.007855,21.297760,-0.384170,0.824964,21.378620,-0.406450,0.424095,21.070280,-0.399180,0.203914,21.093960,-0.417940,0.059405
2799.000000,21.295770,-0.294290,0.938485,21.318260,-0.194680,0.828855,21.439570,-0.190660,0.443855,21.364030,-0.202220,0.061015,21.493450,-0.185840,0.007755,21.304950,-0.384100,0.827035,21.392170,-0.406310,0.427095,21.087830,-0.397970,0.201354,21.114640,-0.416990,0.057674
2800.000000,21.303030,-0.294000,0.940415,21.325400,-0.194620,0.830545,21.441070,-0.190490,0.443775,21.363900,-0.202280,0.061294,21.493270,-0.185830,0.007664,21.312120,-0.384040,0.829075,21.405570,-0.406200,0.430125,21.105570,-0.396800,0.198514,21.135670,-0.416050,0.055745
2801.000000,21.310280,-0.293720,0.942304,21.332480,-0.194550,0.832205,21.442470,-0.190320,0.443705,21.363780,-0.202340,0.061574,21.493100,-0.185820,0.007564,21.319280,-0.383980,0.831085,21.418830,-0.406120,0.433145,21.123480,-0.395670,0.195434,21.157050,-0.415140,0.053644
2802.000000,21.317520,-0.293450,0.944145,21.339500,-0.194480,0.833815,21.443780,-0.190140,0.443655,21.363680,-0.202390,0.061854,21.492930,-0.185820,0.007474,21.326420,-0.383930,0.833044,21.431920,-0.406080,0.436175,21.141560,-0.394610,0.192134,21.178740,-0.414260,0.051415
2803.000000,21.324740,-0.293190,0.945925,21.346470,-0.194420,0.835365,21.445010,-0.189980,0.443625,21.363610,-0.202450,0.062135,21.492760,-0.185820,0.007374,21.333550,-0.383870,0.834944,21.444820,-0.406070,0.439195,21.159820,-0.393610,0.188634,21.200750,-0.413430,0.049075
2804.000000,21.331930,-0.292940,0.947624,21.353380,-0.194350,0.836844,21.446180,-0.189830,0.443605,21.363560,-0.202530,0.062415,21.492610,-0.185820,0.007285,21.340670,-0.383820,0.836774,21.457540,-0.406100,0.442185,21.178250,-0.392690,0.184954,21.223050,-0.412670,0.046664
2805.000000,21.339110,-0.292700,0.949234,21.360240,-0.194300,0.838245,21.447300,-0.189680,0.443605,21.363540,-0.202620,0.062704,21.492460,-0.185830,0.007184,21.347790,-0.383780,0.838535,21.470060,-0.406170,0.445135,21.196870,-0.391840,0.181114,21.245640,-0.411970,0.044205
2806.000000,21.346260,-0.292480,0.950755,21.367050,-0.194250,0.839554,21.448390,-0.189550,0.443635,21.363530,-0.202730,0.062994,21.492310,-0.185840,0.007104,21.354900,-0.383760,0.840205,21.482370,-0.406260,0.448045,21.215670,-0.391060,0.177135,21.268510,-0.411350,0.041735
2807.000000,21.353400,-0.292270,0.952164,21.373830,-0.194220,0.840765,21.449460,-0.189430,0.443665,21.363520,-0.202860,0.063294,21.492180,-0.185860,0.007014,21.362020,-0.383740,0.841785,21.494480,-0.406390,0.450895,21.234660,-0.390360,0.173014,21.291640,-0.410810,0.039265
2808.000000,21.360510,-0.292080,0.953465,21.380580,-0.194200,0.841874,21.450520,-0.189310,0.443725,21.363520,-0.203000,0.063594,21.492050,-0.185870,0.006924,21.369150,-0.383750,0.843264,21.506370,-0.406540,0.453685,21.253860,-0.389730,0.168785,21.315010,-0.410370,0.036845
2809.000000,21.367610,-0.291900,0.954645,21.387300,-0.194210,0.842874,21.451570,-0.189190,0.443775,21.363520,-0.203150,0.063904,21.491930,-0.185880,0.006844,21.376290,-0.383770,0.844645,21.518060,-0.406700,0.456385,21.273250,-0.389180,0.164455,21.338630,-0.410020,0.034474
2810.000000,21.374680,-0.291740,0.955695,21.394000,-0.194220,0.843765,21.452640,-0.189070,0.443835,21.363500,-0.203290,0.064204,21.491810,-0.185900,0.006775,21.383440,-0.383810,0.845905,21.529540,-0.406880,0.459005,21.292850,-0.388720,0.160054,21.362460,-0.409770,0.032204
2811.000000,21.381740,-0.291590,0.956624,21.400670,-0.194260,0.844525,21.453720,-0.188930,0.443885,21.363480,-0.203440,0.064504,21.491690,-0.185910,0.006694,21.390600,-0.383870,0.847044,21.540830,-0.407060,0.461525,21.312650,-0.388330,0.155584,21.386510,-0.409630,0.030034
2812.000000,21.388770,-0.291460,0.957415,21.407320,-0.194300,0.845175,21.454840,-0.188790,0.443915,21.363440,-0.203580,0.064794,21.491580,-0.185910,0.006624,21.397760,-0.383930,0.848044,21.551910,-0.407230,0.463915,21.332650,-0.388040,0.151084,21.410750,-0.409600,0.027994
2813.000000,21.395780,-0.291340,0.958064,21.413950,-0.194350,0.845695,21.455990,-0.188630,0.443915,21.363390,-0.203710,0.065074,21.491460,-0.185920,0.006544,21.404930,-0.384010,0.848894,21.562790,-0.407410,0.466165,21.352840,-0.387850,0.146555,21.435180,-0.409670,0.026114
2814.000000,21.402780,-0.291240,0.958574,21.420550,-0.194410,0.846085,21.457170,-0.188470,0.443885,21.363340,-0.203840,0.065354,21.491340,-0.185920,0.006474,21.412110,-0.384090,0.849595,21.573460,-0.407580,0.468265,21.373230,-0.387770,0.142024,21.459780,-0.409850,0.024404
2815.000000,21.409750,-0.291160,0.958944,21.427130,-0.194480,0.846345,21.458390,-0.188300,0.443805,21.363270,-0.203960,0.065614,21.491230,-0.185920,0.006395,21.419290,-0.384180,0.850155,21.583940,-0.407740,0.470174,21.393800,-0.387800,0.137514,21.484540,-0.410130,0.022915
2816.000000,21.416700,-0.291090,0.959175,21.433700,-0.194560,0.846484,21.459650,-0.188130,0.443695,21.363210,-0.204080,0.065874,21.491110,-0.185920,0.006314,21.426480,-0.384270,0.850554,21.594210,-0.407890,0.471894,21.414550,-0.387940,0.133034,21.509430,-0.410530,0.021655
2817.000000,21.423640,-0.291040,0.959275,21.440240,-0.194650,0.846495,21.460940,-0.187950,0.443545,21.363140,-0.204190,0.066114,21.491000,-0.185930,0.006234,21.433680,-0.384380,0.850805,21.604290,-0.408030,0.473415,21.435480,-0.388210,0.128614,21.534460,-0.411030,0.020644
2818.000000,21.430560,-0.291010,0.959245,21.446760,-0.194740,0.846384,21.462250,-0.187770,0.443355,21.363090,-0.204310,0.066354,21.490880,-0.185930,0.006135,21.440880,-0.384490,0.850905,21.614190,-0.408140,0.474724,21.456590,-0.388600,0.124264,21.559590,-0.411640,0.019925
2819.000000,21.437470,-0.291000,0.959085,21.453270,-0.194850,0.846155,21.463580,-0.187580,0.443144,21.363040,-0.204420,0.066584,21.490770,-0.185940,0.006034,21.448100,-0.384610,0.850865,21.623890,-0.408220,0.475805,21.477880,-0.389130,0.120014,21.584810,-0.412350,0.019525
2820.000000,21.444370,-0.291020,0.958805,21.459780,-0.194970,0.845815,21.464930,-0.187390,0.442905,21.363000,-0.204540,0.066804,21.490650,-0.185940,0.005934,21.455330,-0.384750,0.850685,21.633410,-0.408270,0.476665,21.499340,-0.389790,0.115894,21.610090,-0.413160,0.019454
2821.000000,21.451270,-0.291060,0.958404,21.466280,-0.195100,0.845375,21.466300,-0.187190,0.442635,21.362970,-0.204660,0.067024,21.490540,-0.185950,0.005824,21.462570,-0.384890,0.850375,21.642750,-0.408300,0.477285,21.520950,-0.390590,0.111924,21.635420,-0.414050,0.019734
2822.000000,21.458170,-0.291140,0.957894,21.472790,-0.195250,0.844824,21.467690,-0.186990,0.442345,21.362950,-0.204780,0.067254,21.490420,-0.185950,0.005714,21.469830,-0.385050,0.849944,21.651920,-0.408290,0.477665,21.542680,-0.391530,0.108154,21.660750,-0.415020,0.020404
2823.000000,21.465080,-0.291240,0.957284,21.479310,-0.195410,0.844195,21.469100,-0.186790,0.442045,21.362950,-0.204910,0.067474,21.490300,-0.185950,0.005604,21.477110,-0.385230,0.849384,21.660900,-0.408260,0.477815,21.564520,-0.392600,0.104604,21.686060,-0.416040,0.021465
2824.000000,21.471990,-0.291370,0.956585,21.485860,-0.195600,0.843465,21.470540,-0.186580,0.441725,21.362950,-0.205050,0.067704,21.490180,-0.185940,0.005494,21.484420,-0.385420,0.848724,21.669710,-0.408190,0.477735,21.586420,-0.393810,0.101304,21.711300,-0.417120,0.022944
2825.000000,21.478920,-0.291530,0.955774,21.492430,-0.195800,0.842665,21.472010,-0.186380,0.441385,21.362960,-0.205190,0.067934,21.490050,-0.185920,0.005394,21.491750,-0.385620,0.847944,21.678350,-0.408090,0.477415,21.608340,-0.395140,0.098294,21.736440,-0.418240,0.024865
2826.000000,21.485860,-0.291720,0.954875,21.499030,-0.196010,0.841774,21.473530,-0.186160,0.441025,21.362990,-0.205340,0.068174,21.489920,-0.185900,0.005294,21.499120,-0.385840,0.847055,21.686830,-0.407960,0.476885,21.630260,-0.396590,0.095604,21.761420,-0.419400,0.027224
2827.000000,21.492840,-0.291940,0.953894,21.505670,-0.196240,0.840815,21.475100,-0.185950,0.440644,21.363020,-0.205490,0.068414,21.489790,-0.185870,0.005194,21.506520,-0.386060,0.846075,21.695150,-0.407810,0.476135,21.652130,-0.398150,0.093244,21.786190,-0.420590,0.030045
2828.000000,21.499840,-0.292190,0.952815,21.512350,-0.196480,0.839774,21.476740,-0.185730,0.440245,21.363070,-0.205650,0.068664,21.489660,-0.185830,0.005104,21.513950,-0.386300,0.844994,21.703330,-0.407640,0.475185,21.673900,-0.399810,0.091234,21.810710,-0.421800,0.033314
2829.000000,21.506890,-0.292460,0.951655,21.519080,-0.196730,0.838674,21.478470,-0.185510,0.439805,21.363140,-0.205810,0.068914,21.489530,-0.185780,0.005014,21.521420,-0.386540,0.843815,21.711370,-0.407460,0.474045,21.695530,-0.401560,0.089594,21.834920,-0.423040,0.037045
2830.000000,21.513980,-0.292760,0.950415,21.525850,-0.196980,0.837504,21.480310,-0.185300,0.439345,21.363220,-0.205980,0.069174,21.489410,-0.185730,0.004924,21.528930,-0.386790,0.842554,21.719300,-0.407280,0.472735,21.716990,-0.403360,0.088324,21.858750,-0.424280,0.041204
2831.000000,21.521110,-0.293080,0.949095,21.532670,-0.197240,0.836275,21.482270,-0.185100,0.438835,21.363320,-0.206160,0.069434,21.489290,-0.185670,0.004834,21.536480,-0.387030,0.841205,21.727130,-0.407100,0.471265,21.738210,-0.405200,0.087424,21.882150,-0.425540,0.045784
2832.000000,21.528290,-0.293420,0.947694,21.539520,-0.197490,0.834985,21.484370,-0.184920,0.438305,21.363430,-0.206340,0.069694,21.489170,-0.185620,0.004734,21.544060,-0.387270,0.839774,21.734880,-0.406950,0.469674,21.759150,-0.407040,0.086904,21.905040,-0.426810,0.050735
2833.000000,21.535520,-0.293770,0.946234,21.546400,-0.197740,0.833635,21.486640,-0.184770,0.437725,21.363550,-0.206520,0.069954,21.489060,-0.185560,0.004634,21.551660,-0.387500,0.838264,21.742580,-0.406840,0.467975,21.779740,-0.408870,0.086734,21.927350,-0.428060,0.055984
2834.000000,21.542790,-0.294140,0.944694,21.553300,-0.197980,0.832234,21.489080,-0.184670,0.437105,21.363690,-0.206720,0.070224,21.488950,-0.185500,0.004524,21.559290,-0.387730,0.836695,21.750250,-0.406780,0.466195,21.799920,-0.410640,0.086894,21.949030,-0.429300,0.061485
2835.000000,21.550100,-0.294520,0.943105,21.560210,-0.198210,0.830774,21.491730,-0.184610,0.436455,21.363840,-0.206910,0.070494,21.488860,-0.185440,0.004404,21.566940,-0.387940,0.835055,21.757900,-0.406790,0.464365,21.819620,-0.412310,0.087354,21.970000,-0.430510,0.067134
2836.000000,21.557450,-0.294920,0.941454,21.567120,-0.198440,0.829265,21.494590,-0.184590,0.435745,21.364020,-0.207110,0.070774,21.488770,-0.185390,0.004284,21.574600,-0.388150,0.833365,21.765580,-0.406870,0.462514,21.838780,-0.413850,0.088054,21.990200,-0.431690,0.072844
2837.000000,21.564830,-0.295330,0.939755,21.574020,-0.198670,0.827705,21.497700,-0.184620,0.434995,21.364220,-0.207310,0.071064,21.488690,-0.185350,0.004154,21.582260,-0.388340,0.831624,21.773290,-0.407040,0.460665,21.857330,-0.415230,0.088964,22.009570,-0.432810,0.078504
2838.000000,21.572250,-0.295750,0.938014,21.580900,-0.198880,0.826105,21.501060,-0.184690,0.434195,21.364450,-0.207500,0.071374,21.488620,-0.185300,0.004014,21.589940,-0.388530,0.829844,21.781080,-0.407290,0.458854,21.875210,-0.416410,0.089994,22.028050,-0.433860,0.084004
2839.000000,21.579700,-0.296180,0.936245,21.587770,-0.199100,0.824474,21.504680,-0.184800,0.433345,21.364710,-0.207690,0.071714,21.488560,-0.185260,0.003864,21.597630,-0.388710,0.828035,21.788950,-0.407610,0.457095,21.892350,-0.417370,0.091094,22.045590,-0.434850,0.089234
2840.000000,21.587180,-0.296630,0.934445,21.594650,-0.199320,0.822825,21.508570,-0.184950,0.432445,21.365020,-0.207870,0.072104,21.488500,-0.185220,0.003714,21.605340,-0.388880,0.826205,21.796930,-0.407970,0.455414,21.908690,-0.418080,0.092184,22.062160,-0.435750,0.094084
2841.000000,21.594710,-0.297080,0.932624,21.601550,-0.199550,0.821145,21.512720,-0.185130,0.431495,21.365390,-0.208030,0.072534,21.488460,-0.185190,0.003554,21.613090,-0.389070,0.824354,21.805040,-0.408370,0.453825,21.924180,-0.418550,0.093184,22.077710,-0.436550,0.098444
2842.000000,21.602290,-0.297560,0.930805,21.608510,-0.199810,0.819435,21.517140,-0.185340,0.430505,21.365800,-0.208170,0.073034,21.488420,-0.185160,0.003394,21.620910,-0.389280,0.822495,21.813290,-0.408760,0.452335,21.938770,-0.418760,0.094034,22.092230,-0.437230,0.102194
2843.000000,21.609940,-0.298050,0.928984,21.615580,-0.200130,0.817715,21.521820,-0.185570,0.429465,21.366290,-0.208290,0.073604,21.488390,-0.185140,0.003234,21.628820,-0.389540,0.820644,21.821690,-0.409140,0.450955,21.952440,-0.418730,0.094654,22.105700,-0.437780,0.105254
2844.000000,21.617650,-0.298560,0.927165,21.622780,-0.200500,0.815975,21.526750,-0.185840,0.428395,21.366830,-0.208380,0.074254,21.488380,-0.185130,0.003064,21.636850,-0.389860,0.818794,21.830250,-0.409470,0.449705,21.965160,-0.418470,0.094994,22.118110,-0.438160,0.107514
2845.000000,21.625450,-0.299100,0.925365,21.630160,-0.200960,0.814204,21.531920,-0.186140,0.427295,21.367450,-0.208440,0.075004,21.488370,-0.185120,0.002894,21.645010,-0.390260,0.816955,21.838960,-0.409740,0.448575,21.976930,-0.418010,0.095014,22.129490,-0.438350,0.108904
2846.000000,21.633330,-0.299670,0.923594,21.637720,-0.201510,0.812424,21.537320,-0.186460,0.426165,21.368140,-0.208470,0.075854,21.488370,-0.185120,0.002714,21.653300,-0.390740,0.815155,21.847830,-0.409930,0.447575,21.987760,-0.417370,0.094684,22.139850,-0.438330,0.109384
2847.000000,21.641290,-0.300260,0.921845,21.645470,-0.202150,0.810635,21.542950,-0.186820,0.425015,21.368900,-0.208460,0.076814,21.488380,-0.185120,0.002544,21.661740,-0.391320,0.813395,21.856840,-0.410050,0.446694,21.997640,-0.416580,0.093984,22.149220,-0.438090,0.108904
2848.000000,21.649340,-0.300880,0.920145,21.653410,-0.202880,0.808855,21.548820,-0.187200,0.423845,21.369750,-0.208430,0.077894,21.488400,-0.185110,0.002364,21.670290,-0.392000,0.811685,21.865980,-0.410080,0.445945,22.006590,-0.415660,0.092924,22.157660,-0.437610,0.107454
2849.000000,21.657460,-0.301540,0.918505,21.661510,-0.203700,0.807084,21.554910,-0.187620,0.422655,21.370690,-0.208370,0.079114,21.488430,-0.185100,0.002184,21.678940,-0.392770,0.810045,21.875240,-0.410030,0.445305,22.014640,-0.414630,0.091514,22.165220,-0.436900,0.105054
2850.000000,21.665670,-0.302220,0.916925,21.669740,-0.204600,0.805345,21.561250,-0.188060,0.421455,21.371740,-0.208280,0.080474,21.488480,-0.185100,0.002004,21.687670,-0.393620,0.808505,21.884570,-0.409920,0.444775,22.021850,-0.413520,0.089814,22.171980,-0.435970,0.101774
2851.000000,21.673940,-0.302930,0.915435,21.678090,-0.205570,0.803665,21.567830,-0.188530,0.420245,21.372910,-0.208180,0.081984,21.488540,-0.185090,0.001814,21.696430,-0.394540,0.807075,21.893970,-0.409770,0.444355,22.028290,-0.412370,0.087884,22.178000,-0.434850,0.097684
2852.000000,21.682290,-0.303680,0.914025,21.686510,-0.206590,0.802045,21.574670,-0.189020,0.419025,21.374230,-0.208060,0.083664,21.488600,-0.185080,0.001624,21.705210,-0.395530,0.805785,21.903390,-0.409600,0.444034,22.034040,-0.411210,0.085784,22.183380,-0.433580,0.092924
2853.000000,21.690690,-0.304440,0.912725,21.694980,-0.207660,0.800515,21.581790,-0.189530,0.417795,21.375720,-0.207920,0.085514,21.488680,-0.185070,0.001434,21.713970,-0.396560,0.804635,21.912820,-0.409430,0.443815,22.039210,-0.410070,0.083624,22.188180,-0.432210,0.087634
2854.000000,21.699140,-0.305220,0.911535,21.703490,-0.208740,0.799075,21.589210,-0.190060,0.416565,21.377410,-0.207790,0.087544,21.488760,-0.185070,0.001244,21.722690,-0.397610,0.803635,21.922230,-0.409280,0.443695,22.043890,-0.409010,0.081464,22.192480,-0.430810,0.081984
2855.000000,21.707640,-0.306010,0.910455,21.712010,-0.209830,0.797744,21.596950,-0.190610,0.415325,21.379330,-0.207640,0.089764,21.488840,-0.185070,0.001074,21.731340,-0.398670,0.802785,21.931610,-0.409180,0.443685,22.048180,-0.408080,0.079384,22.196340,-0.429440,0.076114
2856.000000,21.716170,-0.306800,0.909505,21.720530,-0.210910,0.796524,21.605020,-0.191160,0.414085,21.381520,-0.207490,0.092184,21.488930,-0.185080,0.000924,21.739930,-0.399730,0.802084,21.940940,-0.409150,0.443775,22.052150,-0.407300,0.077444,22.199790,-0.428150,0.070184
2857.000000,21.724720,-0.307590,0.908675,21.729040,-0.211960,0.795424,21.613460,-0.191710,0.412855,21.383990,-0.207340,0.094824,21.489020,-0.185100,0.000814,21.748440,-0.400770,0.801535,21.950220,-0.409200,0.443985,22.055860,-0.406700,0.075684,22.202890,-0.427000,0.064314
2858.000000,21.733290,-0.308360,0.907975,21.737540,-0.212990,0.794444,21.622270,-0.192260,0.411614,21.386790,-0.207190,0.097664,21.489110,-0.185130,0.000754,21.756860,-0.401780,0.801134,21.959430,-0.409330,0.444285,22.059320,-0.406310,0.074114,22.205650,-0.426030,0.058595
2859.000000,21.741850,-0.309130,0.907394,21.746030,-0.213980,0.793585,21.631500,-0.192800,0.410375,21.389950,-0.207030,0.100744,21.489220,-0.185170,0.000764,21.765210,-0.402770,0.800875,21.968590,-0.409550,0.444695,22.062530,-0.406130,0.072734,22.208110,-0.425250,0.053104
2860.000000,21.750420,-0.309880,0.906945,21.754520,-0.214950,0.792845,21.641140,-0.193330,0.409135,21.393500,-0.206880,0.104044,21.489350,-0.185230,0.000884,21.773510,-0.403730,0.800755,21.977680,-0.409850,0.445195,22.065450,-0.406120,0.071524,22.210290,-0.424690,0.047925
2861.000000,21.758970,-0.310620,0.906605,21.763040,-0.215910,0.792215,21.651220,-0.193840,0.407875,21.397470,-0.206740,0.107584,21.489510,-0.185300,0.001124,21.781760,-0.404680,0.800775,21.986710,-0.410220,0.445754,22.068070,-0.406280,0.070484,22.212200,-0.424320,0.043084
2862.000000,21.767520,-0.311350,0.906385,21.771600,-0.216860,0.791675,21.661750,-0.194330,0.406615,21.401890,-0.206600,0.111354,21.489730,-0.185380,0.001534,21.790000,-0.405640,0.800925,21.995660,-0.410650,0.446375,22.070390,-0.406570,0.069574,22.213860,-0.424140,0.038615
2863.000000,21.776050,-0.312060,0.906274,21.780200,-0.217830,0.791235,21.672750,-0.194780,0.405325,21.406780,-0.206450,0.115364,21.490050,-0.185480,0.002144,21.798240,-0.406610,0.801204,22.004510,-0.411130,0.447005,22.072420,-0.406940,0.068794,22.215300,-0.424100,0.034524
2864.000000,21.784550,-0.312780,0.906255,21.788870,-0.218830,0.790884,21.684210,-0.195200,0.404025,21.412170,-0.206310,0.119594,21.490490,-0.185590,0.002994,21.806490,-0.407600,0.801605,22.013250,-0.411640,0.447625,22.074190,-0.407350,0.068114,22.216530,-0.424180,0.030844
2865.000000,21.793030,-0.313500,0.906344,21.797570,-0.219860,0.790605,21.696130,-0.195560,0.402705,21.418060,-0.206160,0.124045,21.491120,-0.185720,0.004114,21.814750,-0.408630,0.802115,22.021840,-0.412170,0.448205,22.075740,-0.407760,0.067524,22.217580,-0.424330,0.027544
2866.000000,21.801470,-0.314230,0.906525,21.806310,-0.220930,0.790415,21.708500,-0.195870,0.401375,21.424470,-0.205990,0.128704,21.491980,-0.185860,0.005534,21.823040,-0.409690,0.802735,22.030240,-0.412700,0.448705,22.077120,-0.408130,0.067004,22.218460,-0.424540,0.024654
2867.000000,21.809870,-0.314980,0.906784,21.815070,-0.222040,0.790305,21.721300,-0.196120,0.400035,21.431400,-0.205830,0.133544,21.493150,-0.186010,0.007285,21.831340,-0.410780,0.803445,22.038420,-0.413230,0.449115,22.078350,-0.408410,0.066544,22.219200,-0.424770,0.022135
2868.000000,21.818220,-0.315750,0.907125,21.823820,-0.223200,0.790274,21.734480,-0.196340,0.398705,21.438860,-0.205660,0.138554,21.494690,-0.186190,0.009385,21.839660,-0.411920,0.804225,22.046330,-0.413730,0.449414,22.079460,-0.408600,0.066144,22.219790,-0.424990,0.019974
2869.000000,21.826520,-0.316550,0.907535,21.832550,-0.224390,0.790315,21.748020,-0.196530,0.397385,21.446850,-0.205500,0.143704,21.496670,-0.186390,0.011845,21.847990,-0.413080,0.805065,22.053940,-0.414200,0.449595,22.080470,-0.408670,0.065784,22.220280,-0.425190,0.018155
2870.000000,21.834770,-0.317380,0.908025,21.841240,-0.225610,0.790435,21.761870,-0.196700,0.396105,21.455370,-0.205360,0.148944,21.499170,-0.186620,0.014665,21.856330,-0.414260,0.805955,22.061230,-0.414630,0.449655,22.081400,-0.408620,0.065464,22.220660,-0.425350,0.016634
2871.000000,21.842960,-0.318230,0.908575,21.849870,-0.226850,0.790644,21.775980,-0.196870,0.394885,21.464410,-0.205240,0.154245,21.502270,-0.186900,0.017844,21.864660,-0.415470,0.806864,22.068180,-0.415020,0.449625,22.082260,-0.408480,0.065184,22.220960,-0.425470,0.015374
2872.000000,21.851090,-0.319120,0.909185,21.858430,-0.228100,0.790925,21.790280,-0.197060,0.393775,21.473960,-0.205150,0.159584,21.506040,-0.187230,0.021354,21.873000,-0.416680,0.807805,22.074790,-0.415350,0.449495,22.083080,-0.408250,0.064944,22.221180,-0.425540,0.014325
2873.000000,21.859150,-0.320030,0.909855,21.866900,-0.229340,0.791295,21.804730,-0.197280,0.392785,21.483990,-0.205090,0.164914,21.510580,-0.187620,0.025195,21.881320,-0.417880,0.808744,22.081040,-0.415640,0.449304,22.083850,-0.407960,0.064734,22.221330,-0.425570,0.013465
2874.000000,21.867140,-0.320960,0.910585,21.875270,-0.230570,0.791755,21.819270,-0.197520,0.391985,21.494470,-0.205050,0.170214,21.515950,-0.188100,0.029295,21.889610,-0.419070,0.809705,22.086950,-0.415890,0.449065,22.084590,-0.407630,0.064554,22.221440,-0.425570,0.012754
2875.000000,21.875060,-0.321900,0.911374,21.883510,-0.231760,0.792295,21.833860,-0.197800,0.391385,21.505400,-0.205040,0.175445,21.522250,-0.188660,0.033614,21.897850,-0.420220,0.810665,22.092520,-0.416100,0.448804,22.085290,-0.407300,0.064404,22.221490,-0.425540,0.012175
2876.000000,21.882900,-0.322830,0.912224,21.891620,-0.232890,0.792934,21.848450,-0.198110,0.391045,21.516730,-0.205050,0.180574,21.529520,-0.189310,0.038085,21.906030,-0.421310,0.811635,22.097780,-0.416280,0.448525,22.085940,-0.406960,0.064284,22.221510,-0.425490,0.011695
2877.000000,21.890670,-0.323750,0.913145,21.899580,-0.233960,0.793685,21.863000,-0.198440,0.390965,21.528460,-0.205100,0.185554,21.537810,-0.190070,0.042614,21.914150,-0.422350,0.812615,22.102730,-0.416450,0.448245,22.086530,-0.406660,0.064184,22.221490,-0.425430,0.011284
2878.000000,21.898370,-0.324650,0.914125,21.907420,-0.234950,0.794524,21.877500,-0.198790,0.391185,21.540570,-0.205180,0.190354,21.547130,-0.190930,0.047124,21.922180,-0.423310,0.813624,22.107400,-0.416620,0.447965,22.087050,-0.406390,0.064104,22.221450,-0.425360,0.010954
2879.000000,21.905990,-0.325520,0.915195,21.915130,-0.235870,0.795474,21.891930,-0.199130,0.391715,21.553050,-0.205300,0.194904,21.557460,-0.191890,0.051525,21.930140,-0.424200,0.814655,22.111790,-0.416800,0.447694,22.087500,-0.406170,0.064044,22.221380,-0.425290,0.010665
2880.000000,21.913550,-0.326350,0.916335,21.922720,-0.236700,0.796524,21.906290,-0.199460,0.392535,21.565900,-0.205450,0.199164,21.568770,-0.192950,0.055734,21.938010,-0.425000,0.815725,22.115930,-0.416990,0.447435,22.087870,-0.406000,0.064014,22.221280,-0.425230,0.010424
2881.000000,21.921040,-0.327130,0.917555,21.930220,-0.237450,0.797685,21.920580,-0.199750,0.393655,21.579100,-0.205630,0.203074,21.580980,-0.194090,0.059674,21.945790,-0.425730,0.816835,22.119820,-0.417220,0.447185,22.088170,-0.405890,0.064004,22.221170,-0.425170,0.010215
2882.000000,21.928470,-0.327860,0.918864,21.937630,-0.238110,0.798945,21.934820,-0.200010,0.395045,21.592660,-0.205850,0.206615,21.594030,-0.195300,0.063294,21.953490,-0.426380,0.817995,22.123480,-0.417470,0.446935,22.088410,-0.405850,0.064014,22.221040,-0.425130,0.010024
2883.000000,21.935840,-0.328540,0.920245,21.944960,-0.238700,0.800315,21.949010,-0.200210,0.396675,21.606550,-0.206120,0.209745,21.607840,-0.196560,0.066514,21.961100,-0.426960,0.819205,22.126900,-0.417760,0.446705,22.088590,-0.405850,0.064044,22.220890,-0.425100,0.009854
2884.000000,21.943170,-0.329170,0.921714,21.952230,-0.239220,0.801785,21.963170,-0.200340,0.398514,21.620770,-0.206420,0.212444,21.622340,-0.197830,0.069314,21.968620,-0.427480,0.820474,22.130100,-0.418090,0.446495,22.088710,-0.405900,0.064114,22.220740,-0.425090,0.009704
2885.000000,21.950460,-0.329760,0.923265,21.959450,-0.239680,0.803354,21.977320,-0.200420,0.400555,21.635290,-0.206770,0.214715,21.637470,-0.199100,0.071674,21.976060,-0.427950,0.821825,22.133080,-0.418460,0.446295,22.088790,-0.406000,0.064204,22.220580,-0.425090,0.009565
2886.000000,21.957710,-0.330300,0.924895,21.966630,-0.240100,0.805014,21.991450,-0.200430,0.402755,21.650090,-0.207190,0.216545,21.653170,-0.200330,0.073564,21.983420,-0.428370,0.823245,22.135850,-0.418860,0.446105,22.088820,-0.406120,0.064324,22.220420,-0.425100,0.009424
2887.000000,21.964940,-0.330800,0.926594,21.973770,-0.240470,0.806744,22.005550,-0.200380,0.405095,21.665150,-0.207660,0.217965,21.669430,-0.201500,0.075004,21.990690,-0.428750,0.824744,22.138400,-0.419300,0.445945,22.088800,-0.406270,0.064474,22.220250,-0.425130,0.009305
2888.000000,21.972150,-0.331270,0.928354,21.980880,-0.240810,0.808565,22.019630,-0.200270,0.407564,21.680450,-0.208200,0.218954,21.686200,-0.202590,0.075984,21.997890,-0.429110,0.826315,22.140750,-0.419760,0.445805,22.088750,-0.406430,0.064654,22.220080,-0.425160,0.009184
2889.000000,21.979340,-0.331720,0.930165,21.987970,-0.241120,0.810445,22.033660,-0.200100,0.410165,21.695980,-0.208810,0.219545,21.703460,-0.203570,0.076534,22.005020,-0.429430,0.827944,22.142910,-0.420240,0.445685,22.088650,-0.406610,0.064874,22.219910,-0.425210,0.009064
2890.000000,21.986530,-0.332140,0.932014,21.995030,-0.241400,0.812374,22.047630,-0.199890,0.412865,21.711710,-0.209460,0.219724,21.721200,-0.204440,0.076684,22.012070,-0.429740,0.829624,22.144900,-0.420720,0.445605,22.088520,-0.406790,0.065114,22.219730,-0.425260,0.008955
2891.000000,21.993710,-0.332540,0.933905,22.002070,-0.241650,0.814354,22.061520,-0.199630,0.415675,21.727650,-0.210140,0.219504,21.739390,-0.205160,0.076454,22.019050,-0.430020,0.831345,22.146740,-0.421210,0.445545,22.088370,-0.406970,0.065394,22.219550,-0.425310,0.008844
2892.000000,22.000890,-0.332940,0.935805,22.009100,-0.241880,0.816354,22.075320,-0.199340,0.418565,21.743770,-0.210840,0.218894,21.758020,-0.205740,0.075864,22.025960,-0.430290,0.833085,22.148440,-0.421680,0.445525,22.088190,-0.407140,0.065684,22.219370,-0.425370,0.008744
2893.000000,22.008060,-0.333320,0.937715,22.016110,-0.242090,0.818385,22.089020,-0.199010,0.421535,21.760070,-0.211550,0.217905,21.777080,-0.206160,0.074974,22.032810,-0.430530,0.834835,22.150030,-0.422130,0.445525,22.088000,-0.407310,0.066004,22.219190,-0.425430,0.008644
2894.000000,22.015230,-0.333700,0.939615,22.023120,-0.242270,0.820415,22.102610,-0.198650,0.424575,21.776550,-0.212240,0.216564,21.796540,-0.206410,0.073794,22.039600,-0.430760,0.836574,22.151510,-0.422570,0.445555,22.087810,-0.407470,0.066344,22.219000,-0.425500,0.008554
2895.000000,22.022390,-0.334070,0.941485,22.030120,-0.242430,0.822425,22.116080,-0.198270,0.427655,21.793190,-0.212900,0.214885,21.816390,-0.206490,0.072364,22.046330,-0.430970,0.838275,22.152910,-0.422990,0.445605,22.087620,-0.407610,0.066684,22.218820,-0.425560,0.008455
2896.000000,22.029540,-0.334440,0.943335,22.037120,-0.242560,0.824425,22.129420,-0.197870,0.430785,21.810000,-0.213530,0.212885,21.836610,-0.206390,0.070724,22.053020,-0.431150,0.839944,22.154230,-0.423380,0.445665,22.087460,-0.407740,0.067034,22.218640,-0.425620,0.008365
2897.000000,22.036680,-0.334810,0.945134,22.044120,-0.242670,0.826375,22.142630,-0.197470,0.433935,21.826970,-0.214100,0.210584,21.857180,-0.206110,0.068894,22.059680,-0.431320,0.841554,22.155500,-0.423760,0.445735,22.087310,-0.407850,0.067394,22.218470,-0.425670,0.008275
2898.000000,22.043800,-0.335170,0.946875,22.051130,-0.242760,0.828275,22.155690,-0.197060,0.437105,21.844100,-0.214620,0.208014,21.878100,-0.205660,0.066904,22.066300,-0.431470,0.843094,22.156710,-0.424110,0.445805,22.087180,-0.407950,0.067744,22.218300,-0.425720,0.008174
2899.000000,22.050900,-0.335520,0.948545,22.058140,-0.242830,0.830105,22.168620,-0.196660,0.440265,21.861410,-0.215060,0.205164,21.899330,-0.205040,0.064784,22.072900,-0.431600,0.844554,22.157890,-0.424450,0.445895,22.087080,-0.408030,0.068104,22.218140,-0.425760,0.008084
2900.000000,22.057970,-0.335870,0.950134,22.065170,-0.242880,0.831865,22.181390,-0.196260,0.443415,21.878910,-0.215420,0.202044,21.920880,-0.204260,0.062564,22.079480,-0.431720,0.845915,22.159040,-0.424770,0.446005,22.087010,-0.408090,0.068454,22.217980,-0.425800,0.007994
2901.000000,22.065030,-0.336200,0.951645,22.072200,-0.242910,0.833535,22.194010,-0.195860,0.446535,21.896620,-0.215680,0.198664,21.942720,-0.203350,0.060275,22.086060,-0.431810,0.847175,22.160170,-0.425060,0.446115,22.086960,-0.408130,0.068804,22.217840,-0.425820,0.007894
2902.000000,22.072050,-0.336520,0.953055,22.079250,-0.242930,0.835095,22.206470,-0.195480,0.449625,21.914560,-0.215840,0.195014,21.964860,-0.202300,0.057935,22.092630,-0.431890,0.848334,22.161290,-0.425340,0.446245,22.086940,-0.408160,0.069144,22.217700,-0.425840,0.007794
2903.000000,22.079050,-0.336820,0.954354,22.086300,-0.242920,0.836554,22.218760,-0.195110,0.452665,21.932740,-0.215900,0.191134,21.987270,-0.201130,0.055585,22.099190,-0.431950,0.849364,22.162420,-0.425600,0.446395,22.086940,-0.408180,0.069484,22.217570,-0.425860,0.007694
2904.000000,22.086030,-0.337110,0.955545,22.093370,-0.242900,0.837905,22.230900,-0.194760,0.455655,21.951160,-0.215840,0.187034,22.009950,-0.199840,0.053234,22.105750,-0.431990,0.850284,22.163550,-0.425840,0.446545,22.086960,-0.408180,0.069814,22.217450,-0.425870,0.007594
2905.000000,22.092980,-0.337370,0.956624,22.100430,-0.242860,0.839135,22.242860,-0.194440,0.458565,21.969840,-0.215690,0.182734,22.032880,-0.198460,0.050924,22.112310,-0.432010,0.851065,22.164690,-0.426060,0.446685,22.087000,-0.408170,0.070144,22.217330,-0.425880,0.007494
2906.000000,22.099900,-0.337610,0.957574,22.107500,-0.242800,0.840245,22.254640,-0.194150,0.461395,21.988770,-0.215440,0.178275,22.056070,-0.197000,0.048675,22.118860,-0.432010,0.851735,22.165840,-0.426270,0.446825,22.087050,-0.408160,0.070464,22.217220,-0.425880,0.007384
2907.000000,22.106810,-0.337830,0.958404,22.114570,-0.242730,0.841225,22.266250,-0.193900,0.464135,22.007970,-0.215080,0.173664,22.079480,-0.195450,0.046515,22.125410,-0.432000,0.852264,22.167020,-0.426460,0.446945,22.087120,-0.408140,0.070785,22.217120,-0.425890,0.007285
2908.000000,22.113690,-0.338020,0.959114,22.121630,-0.242640,0.842085,22.277660,-0.193680,0.466765,22.027450,-0.214640,0.168934,22.103120,-0.193840,0.044444,22.131940,-0.431960,0.852675,22.168230,-0.426650,0.447055,22.087200,-0.408110,0.071084,22.217020,-0.425890,0.007184
2909.000000,22.120550,-0.338190,0.959695,22.128690,-0.242540,0.842815,22.288900,-0.193510,0.469275,22.047200,-0.214110,0.164104,22.126960,-0.192170,0.042515,22.138460,-0.431910,0.852955,22.169460,-0.426820,0.447135,22.087290,-0.408080,0.071384,22.216920,-0.425900,0.007075
2910.000000,22.127410,-0.338330,0.960155,22.135730,-0.242420,0.843415,22.299930,-0.193390,0.471645,22.067250,-0.213500,0.159194,22.150990,-0.190460,0.040715,22.144960,-0.431850,0.853135,22.170720,-0.426980,0.447185,22.087380,-0.408040,0.071674,22.216820,-0.425910,0.006974
2911.000000,22.134240,-0.338440,0.960495,22.142780,-0.242300,0.843885,22.310780,-0.193310,0.473875,22.087580,-0.212820,0.154234,22.175200,-0.188710,0.039074,22.151440,-0.431770,0.853194,22.172010,-0.427130,0.447215,22.087480,-0.408000,0.071954,22.216720,-0.425910,0.006864
2912.000000,22.141070,-0.338510,0.960715,22.149810,-0.242160,0.844234,22.321430,-0.193280,0.475955,22.108210,-0.212070,0.149264,22.199560,-0.186940,0.037615,22.157910,-0.431670,0.853155,22.173350,-0.427270,0.447215,22.087580,-0.407940,0.072224,22.216620,-0.425920,0.006754
2913.000000,22.147900,-0.338560,0.960824,22.156840,-0.242010,0.844454,22.331880,-0.193300,0.477865,22.129120,-0.211280,0.144305,22.224070,-0.185150,0.036345,22.164360,-0.431560,0.853025,22.174720,-0.427400,0.447175,22.087670,-0.407890,0.072484,22.216520,-0.425930,0.006634
2914.000000,22.154730,-0.338570,0.960824,22.163870,-0.241850,0.844554,22.342150,-0.193360,0.479595,22.150290,-0.210450,0.139414,22.248700,-0.183350,0.035285,22.170810,-0.431440,0.852815,22.176140,-0.427520,0.447115,22.087770,-0.407820,0.072744,22.216420,-0.425930,0.006514
2915.000000,22.161560,-0.338550,0.960715,22.170910,-0.241690,0.844545,22.352220,-0.193460,0.481145,22.171700,-0.209600,0.134614,22.273450,-0.181570,0.034454,22.177250,-0.431310,0.852525,22.177610,-0.427640,0.447015,22.087860,-0.407740,0.072994,22.216330,-0.425930,0.006395
2916.000000,22.168390,-0.338480,0.960504,22.177950,-0.241510,0.844415,22.362100,-0.193600,0.482505,22.193320,-0.208730,0.129944,22.298300,-0.179790,0.033895,22.183680,-0.431160,0.852155,22.179130,-0.427760,0.446875,22.087950,-0.407650,0.073244,22.216230,-0.425930,0.006265
2917.000000,22.175230,-0.338380,0.960184,22.185000,-0.241310,0.844175,22.371790,-0.193780,0.483664,22.215110,-0.207860,0.125444,22.323230,-0.178040,0.033614,22.190120,-0.430990,0.851704,22.180710,-0.427870,0.446715,22.088040,-0.407540,0.073484,22.216130,-0.425930,0.006124
2918.000000,22.182080,-0.338240,0.959774,22.192060,-0.241100,0.843824,22.381290,-0.193990,0.484625,22.237050,-0.206960,0.121135,22.348230,-0.176340,0.033645,22.196560,-0.430800,0.851175,22.182340,-0.427970,0.446525,22.088140,-0.407420,0.073734,22.216030,-0.425930,0.005984
2919.000000,22.188950,-0.338060,0.959275,22.199130,-0.240860,0.843384,22.390590,-0.194240,0.485375,22.259090,-0.206030,0.117044,22.373270,-0.174680,0.034015,22.203010,-0.430580,0.850565,22.184030,-0.428050,0.446305,22.088230,-0.407290,0.073994,22.215940,-0.425940,0.005844
2920.000000,22.195820,-0.337840,0.958674,22.206220,-0.240610,0.842835,22.399690,-0.194520,0.485905,22.281190,-0.205060,0.113184,22.398330,-0.173080,0.034755,22.209460,-0.430350,0.849874,22.185770,-0.428120,0.446065,22.088310,-0.407150,0.074254,22.215840,-0.425950,0.005704
2921.000000,22.202710,-0.337580,0.957985,22.213310,-0.240330,0.842185,22.408600,-0.194830,0.486235,22.303320,-0.204020,0.109584,22.423380,-0.171570,0.035884,22.215930,-0.430080,0.849114,22.187570,-0.428170,0.445805,22.088390,-0.406990,0.074524,22.215750,-0.425970,0.005574
2922.000000,22.209610,-0.337290,0.957214,22.220400,-0.240040,0.841434,22.417290,-0.195160,0.486345,22.325440,-0.202920,0.106244,22.448390,-0.170130,0.037424,22.222420,-0.429800,0.848284,22.189430,-0.428190,0.445525,22.088470,-0.406820,0.074814,22.215650,-0.426000,0.005444
2923.000000,22.216520,-0.336970,0.956354,22.227510,-0.239720,0.840604,22.425760,-0.195520,0.486235,22.347550,-0.201760,0.103204,22.473320,-0.168790,0.039405,22.228910,-0.429490,0.847375,22.191350,-0.428190,0.445235,22.088560,-0.406640,0.075114,22.215550,-0.426030,0.005314
2924.000000,22.223460,-0.336630,0.955425,22.234610,-0.239390,0.839674,22.434010,-0.195900,0.485905,22.369630,-0.200530,0.100464,22.498110,-0.167550,0.041835,22.235430,-0.429170,0.846395,22.193360,-0.428160,0.444925,22.088650,-0.406450,0.075424,22.215460,-0.426070,0.005194
2925.000000,22.230400,-0.336260,0.954415,22.241720,-0.239030,0.838674,22.442040,-0.196310,0.485355,22.391640,-0.199270,0.098044,22.522720,-0.166400,0.044714,22.241970,-0.428810,0.845355,22.195450,-0.428100,0.444605,22.088740,-0.406250,0.075744,22.215370,-0.426100,0.005064
2926.000000,22.237370,-0.335860,0.953345,22.248850,-0.238660,0.837595,22.449860,-0.196720,0.484585,22.413580,-0.197970,0.095984,22.547090,-0.165370,0.048054,22.248530,-0.428440,0.844245,22.197640,-0.428010,0.444275,22.088860,-0.406050,0.076084,22.215270,-0.426140,0.004934
2927.000000,22.244360,-0.335440,0.952215,22.255990,-0.238250,0.836454,22.457470,-0.197140,0.483605,22.435390,-0.196650,0.094274,22.571150,-0.164440,0.051854,22.255130,-0.428030,0.843075,22.199950,-0.427890,0.443924,22.088990,-0.405840,0.076444,22.215190,-0.426170,0.004804
2928.000000,22.251370,-0.334990,0.951025,22.263150,-0.237830,0.835245,22.464890,-0.197560,0.482425,22.457050,-0.195350,0.092944,22.594830,-0.163610,0.056065,22.261780,-0.427600,0.841855,22.202390,-0.427750,0.443555,22.089140,-0.405630,0.076814,22.215100,-0.426200,0.004654
2929.000000,22.258410,-0.334530,0.949774,22.270360,-0.237380,0.833975,22.472140,-0.197970,0.481054,22.478500,-0.194090,0.091994,22.618060,-0.162900,0.060665,22.268480,-0.427150,0.840585,22.204990,-0.427590,0.443155,22.089320,-0.405410,0.077194,22.215020,-0.426230,0.004504
2930.000000,22.265480,-0.334040,0.948485,22.277620,-0.236920,0.832655,22.479250,-0.198360,0.479525,22.499660,-0.192900,0.091434,22.640760,-0.162310,0.065604,22.275240,-0.426680,0.839264,22.207750,-0.427410,0.442735,22.089530,-0.405190,0.077594,22.214940,-0.426260,0.004344
2931.000000,22.272590,-0.333530,0.947145,22.284950,-0.236440,0.831265,22.486240,-0.198720,0.477845,22.520450,-0.191820,0.091244,22.662850,-0.161850,0.070804,22.282070,-0.426200,0.837894,22.210700,-0.427200,0.442285,22.089750,-0.404970,0.078014,22.214870,-0.426290,0.004184
2932.000000,22.279740,-0.333000,0.945765,22.292370,-0.235950,0.829835,22.493160,-0.199030,0.476055,22.540800,-0.190890,0.091404,22.684260,-0.161510,0.076204,22.288980,-0.425700,0.836475,22.213840,-0.426990,0.441805,22.090010,-0.404760,0.078464,22.214800,-0.426310,0.004014
2933.000000,22.286950,-0.332460,0.944334,22.299860,-0.235460,0.828345,22.500020,-0.199290,0.474165,22.560600,-0.190130,0.091874,22.704910,-0.161330,0.081694,22.295960,-0.425200,0.835035,22.217190,-0.426760,0.441295,22.090290,-0.404550,0.078944,22.214740,-0.426340,0.003834
2934.000000,22.294210,-0.331890,0.942875,22.307440,-0.234960,0.826825,22.506880,-0.199500,0.472205,22.579760,-0.189560,0.092604,22.724740,-0.161300,0.087184,22.303010,-0.424690,0.833554,22.220750,-0.426510,0.440745,22.090610,-0.404350,0.079464,22.214690,-0.426360,0.003654
2935.000000,22.301530,-0.331320,0.941365,22.315110,-0.234460,0.825265,22.513780,-0.199650,0.470215,22.598200,-0.189220,0.093514,22.743680,-0.161450,0.092544,22.310140,-0.424170,0.832045,22.224520,-0.426240,0.440155,22.090960,-0.404160,0.080024,22.214650,-0.426390,0.003464
2936.000000,22.308910,-0.330730,0.939825,22.322860,-0.233960,0.823665,22.520760,-0.199740,0.468215,22.615820,-0.189110,0.094534,22.761670,-0.161770,0.097684,22.317320,-0.423650,0.830515,22.228520,-0.425960,0.439534,22.091360,-0.403990,0.080624,22.214620,-0.426420,0.003274
2937.000000,22.316360,-0.330120,0.938245,22.330690,-0.233460,0.822045,22.527860,-0.199800,0.466245,22.632540,-0.189240,0.095574,22.778660,-0.162300,0.102465,22.324560,-0.423130,0.828975,22.232740,-0.425660,0.438875,22.091810,-0.403850,0.081274,22.214600,-0.426450,0.003084
2938.000000,22.323870,-0.329500,0.936644,22.338610,-0.232940,0.820395,22.535120,-0.199830,0.464325,22.648290,-0.189600,0.096554,22.794610,-0.163030,0.106774,22.331860,-0.422590,0.827415,22.237190,-0.425350,0.438175,22.092320,-0.403740,0.081974,22.214590,-0.426490,0.002894
2939.000000,22.331440,-0.328850,0.935014,22.346600,-0.232410,0.818735,22.542580,-0.199860,0.462485,22.663030,-0.190180,0.097354,22.809470,-0.163970,0.110504,22.339220,-0.422030,0.825844,22.241860,-0.425010,0.437435,22.092900,-0.403670,0.082734,22.214580,-0.426530,0.002704
2940.000000,22.339090,-0.328180,0.933365,22.354660,-0.231850,0.817064,22.550270,-0.199910,0.460745,22.676690,-0.190960,0.097914,22.823220,-0.165130,0.113554,22.346630,-0.421440,0.824265,22.246760,-0.424660,0.436655,22.093540,-0.403630,0.083544,22.214570,-0.426580,0.002514
2941.000000,22.346800,-0.327480,0.931705,22.362800,-0.231270,0.815404,22.558220,-0.200000,0.459135,22.689280,-0.191930,0.098144,22.835860,-0.166510,0.115834,22.354100,-0.420820,0.822674,22.251890,-0.424290,0.435835,22.094260,-0.403630,0.084434,22.214580,-0.426650,0.002314
2942.000000,22.354580,-0.326750,0.930025,22.371000,-0.230640,0.813744,22.566420,-0.200160,0.457665,22.700780,-0.193070,0.097994,22.847390,-0.168110,0.117274,22.361640,-0.420160,0.821075,22.257240,-0.423910,0.434975,22.095040,-0.403680,0.085394,22.214580,-0.426720,0.002124
2943.000000,22.362440,-0.325990,0.928354,22.379280,-0.229960,0.812105,22.574880,-0.200410,0.456345,22.711200,-0.194370,0.097424,22.857830,-0.169920,0.117824,22.369260,-0.419450,0.819474,22.262830,-0.423510,0.434065,22.095900,-0.403770,0.086444,22.214590,-0.426810,0.001924
2944.000000,22.370370,-0.325180,0.926685,22.387630,-0.229230,0.810495,22.583590,-0.200750,0.455175,22.720580,-0.195820,0.096424,22.867220,-0.171960,0.117464,22.376970,-0.418680,0.817864,22.268660,-0.423090,0.433115,22.096830,-0.403910,0.087584,22.214610,-0.426910,0.001714
2945.000000,22.378380,-0.324330,0.925034,22.396050,-0.228430,0.808925,22.592540,-0.201190,0.454165,22.728960,-0.197400,0.094994,22.875620,-0.174190,0.116204,22.384780,-0.417850,0.816254,22.274730,-0.422670,0.432105,22.097840,-0.404100,0.088834,22.214630,-0.427030,0.001504
2946.000000,22.386480,-0.323450,0.923415,22.404550,-0.227570,0.807415,22.601670,-0.201740,0.453295,22.736400,-0.199070,0.093194,22.883100,-0.176600,0.114064,22.392700,-0.416950,0.814644,22.281060,-0.422250,0.431055,22.098950,-0.404350,0.090204,22.214680,-0.427150,0.001274
2947.000000,22.394650,-0.322530,0.921835,22.413120,-0.226630,0.805975,22.610960,-0.202380,0.452555,22.743010,-0.200820,0.091054,22.889770,-0.179160,0.111114,22.400740,-0.415990,0.813045,22.287650,-0.421820,0.429945,22.100160,-0.404660,0.091704,22.214730,-0.427290,0.001024
2948.000000,22.402910,-0.321570,0.920304,22.421760,-0.225640,0.804605,22.620350,-0.203090,0.451925,22.748880,-0.202600,0.088664,22.895710,-0.181830,0.107414,22.408920,-0.414970,0.811454,22.294520,-0.421400,0.428795,22.101510,-0.405020,0.093344,22.214810,-0.427420,0.000754
2949.000000,22.411240,-0.320580,0.918845,22.430460,-0.224570,0.803315,22.629780,-0.203860,0.451375,22.754140,-0.204380,0.086104,22.901030,-0.184560,0.103094,22.417210,-0.413890,0.809905,22.301700,-0.420990,0.427595,22.103010,-0.405440,0.095144,22.214890,-0.427560,0.000474
2950.000000,22.419650,-0.319570,0.917444,22.439200,-0.223450,0.802125,22.639210,-0.204660,0.450905,22.758920,-0.206080,0.083474,22.905840,-0.187290,0.098244,22.425630,-0.412760,0.808395,22.309190,-0.420580,0.426345,22.104700,-0.405900,0.097124,22.214980,-0.427690,0.000184
2951.000000,22.428120,-0.318550,0.916145,22.447970,-0.222290,0.801045,22.648580,-0.205450,0.450495,22.763360,-0.207660,0.080854,22.910220,-0.189960,0.092994,22.434160,-0.411590,0.806934,22.317010,-0.420180,0.425045,22.106610,-0.406390,0.099274,22.215090,-0.427820,-0.000106
2952.000000,22.436650,-0.317510,0.914925,22.456750,-0.221080,0.800065,22.657870,-0.206190,0.450125,22.767570,-0.209070,0.078314,22.914260,-0.192500,0.087444,22.442790,-0.410380,0.805555,22.325200,-0.419790,0.423705,22.108810,-0.406910,0.101614,22.215190,-0.427920,-0.000396
2953.000000,22.445230,-0.316480,0.913825,22.465520,-0.219840,0.799204,22.667050,-0.206870,0.449815,22.771630,-0.210250,0.075914,22.918020,-0.194840,0.081704,22.451490,-0.409150,0.804265,22.333780,-0.419410,0.422315,22.111330,-0.407430,0.104144,22.215310,-0.428010,-0.000656
2954.000000,22.453830,-0.315450,0.912825,22.474260,-0.218580,0.798455,22.676140,-0.207450,0.449555,22.775590,-0.211170,0.073694,22.921520,-0.196910,0.075874,22.460250,-0.407900,0.803084,22.342770,-0.419030,0.420884,22.114230,-0.407940,0.106864,22.215430,-0.428070,-0.000866
2955.000000,22.462450,-0.314430,0.911945,22.482970,-0.217300,0.797845,22.685130,-0.207920,0.449365,22.779460,-0.211820,0.071674,22.924780,-0.198680,0.070034,22.469050,-0.406640,0.802005,22.352190,-0.418660,0.419415,22.117570,-0.408420,0.109774,22.215560,-0.428110,-0.000996
2956.000000,22.471080,-0.313430,0.911195,22.491620,-0.216020,0.797345,22.694070,-0.208250,0.449255,22.783190,-0.212200,0.069864,22.927800,-0.200110,0.064264,22.477870,-0.405380,0.801045,22.362080,-0.418290,0.417885,22.121390,-0.408850,0.112884,22.215710,-0.428110,-0.001016
2957.000000,22.479710,-0.312460,0.910555,22.500220,-0.214740,0.796975,22.702990,-0.208430,0.449245,22.786750,-0.212350,0.068244,22.930570,-0.201180,0.058655,22.486700,-0.404130,0.800204,22.372440,-0.417930,0.416315,22.125730,-0.409230,0.116174,22.215910,-0.428080,-0.000906
2958.000000,22.488320,-0.311500,0.910025,22.508780,-0.213470,0.796714,22.711910,-0.208460,0.449325,22.790080,-0.212290,0.066824,22.933100,-0.201920,0.053245,22.495530,-0.402880,0.799465,22.383290,-0.417570,0.414695,22.130590,-0.409550,0.119644,22.216160,-0.428020,-0.000606
2959.000000,22.496910,-0.310570,0.909605,22.517290,-0.212200,0.796575,22.720870,-0.208330,0.449495,22.793160,-0.212080,0.065574,22.935370,-0.202350,0.048094,22.504350,-0.401640,0.798825,22.394650,-0.417220,0.413004,22.136000,-0.409810,0.123314,22.216510,-0.427930,-0.000086
2960.000000,22.505470,-0.309660,0.909285,22.525770,-0.210940,0.796544,22.729860,-0.208040,0.449755,22.795960,-0.211750,0.064494,22.937400,-0.202510,0.043244,22.513160,-0.400410,0.798274,22.406500,-0.416870,0.411265,22.141970,-0.410020,0.127144,22.216990,-0.427820,0.000684
2961.000000,22.513990,-0.308770,0.909045,22.534220,-0.209680,0.796615,22.738890,-0.207600,0.450065,22.798480,-0.211350,0.063564,22.939200,-0.202460,0.038714,22.521960,-0.399180,0.797785,22.418840,-0.416520,0.409454,22.148500,-0.410160,0.131154,22.217670,-0.427680,0.001754
2962.000000,22.522480,-0.307890,0.908884,22.542650,-0.208430,0.796775,22.747910,-0.207020,0.450414,22.800730,-0.210910,0.062774,22.940780,-0.202250,0.034524,22.530740,-0.397950,0.797365,22.431650,-0.416140,0.407585,22.155570,-0.410240,0.135324,22.218600,-0.427530,0.003155
2963.000000,22.530920,-0.307020,0.908795,22.551060,-0.207180,0.797015,22.756890,-0.206320,0.450745,22.802740,-0.210480,0.062084,22.942150,-0.201950,0.030694,22.539480,-0.396730,0.796995,22.444890,-0.415740,0.405655,22.163200,-0.410260,0.139634,22.219860,-0.427380,0.004884
2964.000000,22.539320,-0.306150,0.908764,22.559460,-0.205940,0.797315,22.765750,-0.205530,0.451045,22.804520,-0.210070,0.061485,22.943330,-0.201590,0.027224,22.548200,-0.395500,0.796675,22.458540,-0.415300,0.403685,22.171350,-0.410210,0.144085,22.221520,-0.427230,0.006984
2965.000000,22.547660,-0.305270,0.908775,22.567840,-0.204700,0.797685,22.774440,-0.204670,0.451275,22.806090,-0.209700,0.060955,22.944340,-0.201220,0.024125,22.556860,-0.394270,0.796405,22.472540,-0.414810,0.401705,22.180010,-0.410110,0.148635,22.223670,-0.427090,0.009434
2966.000000,22.555950,-0.304390,0.908845,22.576200,-0.203460,0.798095,22.782900,-0.203770,0.451405,22.807480,-0.209390,0.060485,22.945180,-0.200860,0.021395,22.565470,-0.393040,0.796185,22.486850,-0.414260,0.399725,22.189170,-0.409950,0.153284,22.226380,-0.426950,0.012224
2967.000000,22.564170,-0.303490,0.908954,22.584530,-0.202220,0.798544,22.791050,-0.202870,0.451425,22.808700,-0.209150,0.060044,22.945870,-0.200540,0.019034,22.574010,-0.391810,0.796015,22.501410,-0.413640,0.397805,22.198810,-0.409730,0.158004,22.229740,-0.426800,0.015355
2968.000000,22.572330,-0.302580,0.909104,22.592830,-0.200990,0.799034,22.798870,-0.201980,0.451325,22.809770,-0.208970,0.059655,22.946430,-0.200260,0.017025,22.582470,-0.390580,0.795914,22.516170,-0.412960,0.395985,22.208910,-0.409460,0.162765,22.233850,-0.426650,0.018794
2969.000000,22.580420,-0.301640,0.909305,22.601070,-0.199770,0.799565,22.806310,-0.201130,0.451105,22.810700,-0.208860,0.059284,22.946860,-0.200030,0.015355,22.590840,-0.389350,0.795884,22.531050,-0.412230,0.394325,22.219450,-0.409140,0.167535,22.238790,-0.426470,0.022514
2970.000000,22.588440,-0.300690,0.909564,22.609260,-0.198560,0.800125,22.813360,-0.200340,0.450785,22.811500,-0.208810,0.058954,22.947190,-0.199860,0.013975,22.599100,-0.388130,0.795945,22.546010,-0.411450,0.392865,22.230420,-0.408760,0.172274,22.244670,-0.426260,0.026454
2971.000000,22.596390,-0.299720,0.909875,22.617380,-0.197360,0.800725,22.820000,-0.199630,0.450375,22.812190,-0.208820,0.058665,22.947420,-0.199730,0.012855,22.607240,-0.386930,0.796104,22.561000,-0.410650,0.391665,22.241810,-0.408340,0.176954,22.251570,-0.426020,0.030554
2972.000000,22.604260,-0.298740,0.910265,22.625420,-0.196200,0.801365,22.826250,-0.199000,0.449895,22.812790,-0.208880,0.058415,22.947580,-0.199650,0.011954,22.615270,-0.385760,0.796374,22.575970,-0.409840,0.390785,22.253610,-0.407860,0.181525,22.259550,-0.425730,0.034735
2973.000000,22.612060,-0.297760,0.910725,22.633380,-0.195070,0.802065,22.832120,-0.198450,0.449385,22.813320,-0.208990,0.058225,22.947670,-0.199610,0.011235,22.623170,-0.384620,0.796775,22.590880,-0.409040,0.390244,22.265810,-0.407340,0.185924,22.268650,-0.425390,0.038894
2974.000000,22.619790,-0.296770,0.911274,22.641240,-0.193980,0.802814,22.837610,-0.197990,0.448855,22.813780,-0.209150,0.058085,22.947710,-0.199590,0.010665,22.630950,-0.383520,0.797304,22.605720,-0.408260,0.390085,22.278410,-0.406770,0.190114,22.278870,-0.424990,0.042945
2975.000000,22.627460,-0.295780,0.911934,22.649030,-0.192950,0.803644,22.842760,-0.197610,0.448325,22.814210,-0.209350,0.058004,22.947700,-0.199600,0.010215,22.638630,-0.382480,0.797975,22.620470,-0.407520,0.390295,22.291410,-0.406150,0.194024,22.290180,-0.424530,0.046795
2976.000000,22.635070,-0.294820,0.912695,22.656730,-0.191980,0.804544,22.847590,-0.197280,0.447804,22.814600,-0.209570,0.057975,22.947660,-0.199620,0.009844,22.646210,-0.381500,0.798795,22.635130,-0.406810,0.390895,22.304810,-0.405500,0.197584,22.302540,-0.424000,0.050355
2977.000000,22.642620,-0.293870,0.913575,22.664350,-0.191080,0.805535,22.852110,-0.197000,0.447304,22.814980,-0.209810,0.057994,22.947590,-0.199670,0.009555,22.653700,-0.380590,0.799775,22.649710,-0.406150,0.391845,22.318620,-0.404810,0.200755,22.315860,-0.423410,0.053565
2978.000000,22.650120,-0.292950,0.914575,22.671910,-0.190250,0.806615,22.856350,-0.196760,0.446835,22.815330,-0.210060,0.058055,22.947490,-0.199720,0.009305,22.661120,-0.379750,0.800914,22.664220,-0.405540,0.393134,22.332810,-0.404090,0.203475,22.330070,-0.422750,0.056375
2979.000000,22.657580,-0.292070,0.915714,22.679410,-0.189500,0.807794,22.860340,-0.196540,0.446385,22.815650,-0.210300,0.058155,22.947380,-0.199770,0.009094,22.668480,-0.379000,0.802204,22.678680,-0.404990,0.394725,22.347400,-0.403350,0.205725,22.345080,-0.422030,0.058735
2980.000000,22.665010,-0.291230,0.916984,22.686850,-0.188820,0.809065,22.864080,-0.196340,0.445974,22.815930,-0.210520,0.058284,22.947250,-0.199820,0.008914,22.675800,-0.378320,0.803644,22.693090,-0.404490,0.396585,22.362360,-0.402580,0.207484,22.360820,-0.421260,0.060644
2981.000000,22.672400,-0.290440,0.918374,22.694260,-0.188220,0.810435,22.867590,-0.196140,0.445595,22.816180,-0.210700,0.058424,22.947110,-0.199870,0.008754,22.683090,-0.377710,0.805225,22.707450,-0.404050,0.398675,22.377670,-0.401790,0.208775,22.377230,-0.420440,0.062095
2982.000000,22.679770,-0.289690,0.919895,22.701640,-0.187690,0.811895,22.870890,-0.195940,0.445254,22.816370,-0.210860,0.058585,22.946970,-0.199920,0.008615,22.690360,-0.377190,0.806945,22.721780,-0.403670,0.400975,22.393310,-0.400970,0.209585,22.394250,-0.419580,0.063084
2983.000000,22.687120,-0.288990,0.921535,22.708990,-0.187230,0.813435,22.873970,-0.195720,0.444955,22.816510,-0.210970,0.058765,22.946820,-0.199950,0.008484,22.697610,-0.376730,0.808785,22.736060,-0.403320,0.403445,22.409230,-0.400130,0.209964,22.411850,-0.418670,0.063644
2984.000000,22.694460,-0.288340,0.923274,22.716320,-0.186830,0.815045,22.876840,-0.195500,0.444675,22.816600,-0.211050,0.058954,22.946670,-0.199970,0.008374,22.704860,-0.376330,0.810735,22.750290,-0.403010,0.406064,22.425420,-0.399250,0.209915,22.429980,-0.417740,0.063784
2985.000000,22.701780,-0.287730,0.925115,22.723640,-0.186490,0.816715,22.879510,-0.195260,0.444445,22.816640,-0.211090,0.059155,22.946520,-0.199980,0.008265,22.712120,-0.375990,0.812775,22.764440,-0.402720,0.408815,22.441850,-0.398340,0.209464,22.448620,-0.416770,0.063544
2986.000000,22.709100,-0.287160,0.927025,22.730930,-0.186190,0.818435,22.881980,-0.195000,0.444245,22.816630,-0.211100,0.059384,22.946380,-0.199980,0.008164,22.719370,-0.375700,0.814894,22.778520,-0.402440,0.411665,22.458500,-0.397400,0.208624,22.467730,-0.415770,0.062934
2987.000000,22.716410,-0.286620,0.929005,22.738200,-0.185920,0.820205,22.884260,-0.194720,0.444075,22.816580,-0.211090,0.059625,22.946230,-0.199970,0.008074,22.726620,-0.375440,0.817075,22.792510,-0.402180,0.414605,22.475370,-0.396430,0.207434,22.487280,-0.414750,0.062015
2988.000000,22.723720,-0.286120,0.931034,22.745440,-0.185680,0.821995,22.886360,-0.194430,0.443924,22.816500,-0.211060,0.059885,22.946080,-0.199950,0.007994,22.733860,-0.375200,0.819304,22.806400,-0.401940,0.417625,22.492430,-0.395450,0.205884,22.507270,-0.413720,0.060794
2989.000000,22.731030,-0.285640,0.933105,22.752640,-0.185450,0.823805,22.888290,-0.194110,0.443815,22.816400,-0.211010,0.060155,22.945930,-0.199930,0.007904,22.741100,-0.374980,0.821565,22.820180,-0.401710,0.420705,22.509700,-0.394460,0.204005,22.527660,-0.412690,0.059324
2990.000000,22.738330,-0.285180,0.935184,22.759790,-0.185240,0.825624,22.890060,-0.193770,0.443715,22.816290,-0.210950,0.060445,22.945780,-0.199900,0.007824,22.748330,-0.374780,0.823844,22.833830,-0.401500,0.423845,22.527150,-0.393470,0.201814,22.548420,-0.411660,0.057625
2991.000000,22.745620,-0.284750,0.937275,22.766900,-0.185030,0.827435,22.891690,-0.193420,0.443644,22.816170,-0.210880,0.060754,22.945620,-0.199870,0.007744,22.755550,-0.374590,0.826125,22.847350,-0.401310,0.427035,22.544800,-0.392500,0.199334,22.569550,-0.410650,0.055725
2992.000000,22.752900,-0.284340,0.939345,22.773950,-0.184840,0.829234,22.893190,-0.193060,0.443595,22.816060,-0.210790,0.061065,22.945470,-0.199840,0.007664,22.762750,-0.374410,0.828395,22.860730,-0.401150,0.430275,22.562640,-0.391560,0.196584,22.591030,-0.409670,0.053664
2993.000000,22.760170,-0.283950,0.941395,22.780950,-0.184660,0.831005,22.894580,-0.192680,0.443575,22.815960,-0.210710,0.061385,22.945310,-0.199810,0.007594,22.769920,-0.374240,0.830624,22.873930,-0.401000,0.433535,22.580660,-0.390650,0.193595,22.612820,-0.408730,0.051485
2994.000000,22.767420,-0.283580,0.943385,22.787900,-0.184500,0.832724,22.895860,-0.192310,0.443565,22.815880,-0.210620,0.061714,22.945150,-0.199780,0.007514,22.777090,-0.374090,0.832794,22.886960,-0.400850,0.436814,22.598860,-0.389790,0.190384,22.634930,-0.407850,0.049195
2995.000000,22.774650,-0.283230,0.945315,22.794800,-0.184350,0.834404,22.897070,-0.191930,0.443575,22.815820,-0.210540,0.062044,22.944990,-0.199750,0.007444,22.784250,-0.373950,0.834915,22.899790,-0.400700,0.440094,22.617250,-0.388970,0.186994,22.657330,-0.407030,0.046824
2996.000000,22.781870,-0.282910,0.947175,22.801650,-0.184220,0.836005,22.898200,-0.191560,0.443605,22.815770,-0.210470,0.062375,22.944830,-0.199730,0.007364,22.791400,-0.373830,0.836944,22.912420,-0.400560,0.443355,22.635820,-0.388210,0.183424,22.680020,-0.406300,0.044424
2997.000000,22.789060,-0.282600,0.948944,22.808450,-0.184100,0.837545,22.899270,-0.191190,0.443655,22.815740,-0.210420,0.062714,22.944670,-0.199700,0.007294,22.798560,-0.373730,0.838894,22.924860,-0.400410,0.446584,22.654580,-0.387490,0.179704,22.702970,-0.405660,0.042005
2998.000000,22.796220,-0.282310,0.950615,22.815210,-0.183990,0.838985,22.900290,-0.190840,0.443725,22.815710,-0.210380,0.063054,22.944520,-0.199690,0.007224,22.805720,-0.373640,0.840735,22.937090,-0.400260,0.449775,22.673530,-0.386820,0.175844,22.726190,-0.405120,0.039605
2999.000000,22.803370,-0.282040,0.952184,22.821920,-0.183900,0.840334,22.901280,-0.190500,0.443805,22.815680,-0.210370,0.063404,22.944370,-0.199670,0.007154,22.812910,-0.373570,0.842475,22.949120,-0.400130,0.452895,22.692690,-0.386210,0.171865,22.749650,-0.404690,0.037244
3000.000000,22.810490,-0.281780,0.953635,22.828610,-0.183830,0.841595,22.902240,-0.190160,0.443895,22.815640,-0.210390,0.063754,22.944220,-0.199660,0.007094,22.820110,-0.373520,0.844094,22.960950,-0.399990,0.455945,22.712050,-0.385650,0.167774,22.773340,-0.404370,0.034954
3001.000000,22.817600,-0.281540,0.954964,22.835260,-0.183770,0.842735,22.903200,-0.189840,0.443995,22.815600,-0.210440,0.064114,22.944080,-0.199640,0.007024,22.827340,-0.373480,0.845604,22.972590,-0.399860,0.458905,22.731620,-0.385140,0.163614,22.797260,-0.404160,0.032754
3002.000000,22.824680,-0.281310,0.956175,22.841880,-0.183720,0.843774,22.904160,-0.189520,0.444095,22.815560,-0.210530,0.064485,22.943940,-0.199630,0.006954,22.834590,-0.373450,0.846994,22.984030,-0.399720,0.461765,22.751380,-0.384690,0.159384,22.821380,-0.404070,0.030675
3003.000000,22.831750,-0.281100,0.957255,22.848480,-0.183700,0.844685,22.905120,-0.189210,0.444185,22.815510,-0.210650,0.064844,22.943810,-0.199610,0.006894,22.841870,-0.373450,0.848264,22.995270,-0.399580,0.464495,22.771340,-0.384310,0.155105,22.845690,-0.404080,0.028725
3004.000000,22.838810,-0.280910,0.958205,22.855040,-0.183700,0.845465,22.906110,-0.188900,0.444265,22.815450,-0.210780,0.065214,22.943680,-0.199600,0.006824,22.849170,-0.373460,0.849405,23.006310,-0.399440,0.467085,22.791490,-0.384000,0.150804,22.870190,-0.404200,0.026945
3005.000000,22.845840,-0.280740,0.959025,22.861580,-0.183710,0.846125,22.907140,-0.188590,0.444325,22.815400,-0.210920,0.065574,22.943560,-0.199590,0.006764,22.856500,-0.373490,0.850425,23.017150,-0.399300,0.469525,22.811830,-0.383770,0.146494,22.894850,-0.404430,0.025344
3006.000000,22.852860,-0.280580,0.959695,22.868080,-0.183740,0.846645,22.908200,-0.188290,0.444355,22.815340,-0.211060,0.065914,22.943440,-0.199580,0.006694,22.863830,-0.373530,0.851295,23.027780,-0.399160,0.471775,22.832360,-0.383620,0.142195,22.919660,-0.404740,0.023945
3007.000000,22.859870,-0.280440,0.960225,22.874550,-0.183770,0.847025,22.909300,-0.188000,0.444355,22.815270,-0.211200,0.066254,22.943320,-0.199570,0.006624,22.871170,-0.373570,0.852015,23.038200,-0.399030,0.473835,22.853070,-0.383550,0.137914,22.944600,-0.405150,0.022765
3008.000000,22.866850,-0.280330,0.960615,22.880980,-0.183820,0.847284,22.910450,-0.187720,0.444315,22.815210,-0.211340,0.066584,22.943200,-0.199570,0.006554,22.878520,-0.373620,0.852584,23.048430,-0.398890,0.475685,22.873970,-0.383570,0.133675,22.969660,-0.405640,0.021834
3009.000000,22.873820,-0.280230,0.960855,22.887390,-0.183860,0.847415,22.911640,-0.187460,0.444235,22.815140,-0.211480,0.066904,22.943090,-0.199580,0.006474,22.885860,-0.373670,0.853005,23.058470,-0.398750,0.477315,22.895040,-0.383690,0.129494,22.994830,-0.406220,0.021174
3010.000000,22.880780,-0.280160,0.960964,22.893770,-0.183920,0.847415,22.912860,-0.187200,0.444125,22.815080,-0.211630,0.067204,22.942980,-0.199580,0.006395,22.893210,-0.373720,0.853255,23.068330,-0.398610,0.478715,22.916290,-0.383890,0.125405,23.020090,-0.406870,0.020805
3011.000000,22.887740,-0.280120,0.960944,22.900120,-0.183980,0.847305,22.914110,-0.186970,0.443985,22.815020,-0.211790,0.067494,22.942870,-0.199590,0.006305,22.900560,-0.373780,0.853355,23.078010,-0.398470,0.479875,22.937700,-0.384190,0.121424,23.045410,-0.407600,0.020744
3012.000000,22.894690,-0.280100,0.960785,22.906470,-0.184050,0.847075,22.915390,-0.186740,0.443815,22.814980,-0.211950,0.067784,22.942750,-0.199590,0.006204,22.907910,-0.373840,0.853305,23.087520,-0.398310,0.480795,22.959260,-0.384570,0.117574,23.070770,-0.408380,0.021015
3013.000000,22.901630,-0.280110,0.960504,22.912800,-0.184120,0.846745,22.916700,-0.186530,0.443605,22.814940,-0.212130,0.068054,22.942640,-0.199580,0.006104,22.915270,-0.373900,0.853105,23.096860,-0.398140,0.481465,22.980960,-0.385040,0.113894,23.096140,-0.409210,0.021645
3014.000000,22.908590,-0.280150,0.960105,22.919140,-0.184210,0.846314,22.918030,-0.186320,0.443375,22.814910,-0.212330,0.068324,22.942520,-0.199580,0.006004,22.922630,-0.373970,0.852765,23.106040,-0.397960,0.481875,23.002770,-0.385600,0.110404,23.121500,-0.410070,0.022635
3015.000000,22.915550,-0.280230,0.959595,22.925490,-0.184320,0.845785,22.919380,-0.186130,0.443125,22.814890,-0.212530,0.068574,22.942400,-0.199570,0.005914,22.930010,-0.374050,0.852275,23.115060,-0.397750,0.482035,23.024670,-0.386240,0.107134,23.146810,-0.410960,0.024005
3016.000000,22.922530,-0.280340,0.958964,22.931860,-0.184430,0.845164,22.920750,-0.185950,0.442845,22.814880,-0.212740,0.068824,22.942280,-0.199560,0.005814,22.937410,-0.374140,0.851665,23.123920,-0.397520,0.481944,23.046610,-0.386960,0.104124,23.172030,-0.411860,0.025774
3017.000000,22.929520,-0.280480,0.958225,22.938250,-0.184570,0.844454,22.922160,-0.185770,0.442545,22.814880,-0.212960,0.069064,22.942160,-0.199540,0.005724,22.944830,-0.374240,0.850915,23.132630,-0.397270,0.481605,23.068570,-0.387750,0.101374,23.197120,-0.412760,0.027944
3018.000000,22.936530,-0.280660,0.957384,22.944680,-0.184720,0.843674,22.923600,-0.185600,0.442215,22.814900,-0.213180,0.069294,22.942030,-0.199510,0.005634,22.952280,-0.374350,0.850055,23.141190,-0.396990,0.481035,23.090520,-0.388620,0.098934,23.222050,-0.413640,0.030545
3019.000000,22.943570,-0.280880,0.956454,22.951150,-0.184880,0.842805,22.925100,-0.185440,0.441864,22.814930,-0.213410,0.069524,22.941900,-0.199490,0.005544,22.959750,-0.374480,0.849075,23.149600,-0.396680,0.480224,23.112420,-0.389570,0.096794,23.246770,-0.414510,0.033564
3020.000000,22.950640,-0.281120,0.955415,22.957660,-0.185060,0.841855,22.926660,-0.185280,0.441485,22.814980,-0.213630,0.069754,22.941780,-0.199460,0.005455,22.967260,-0.374610,0.847975,23.157880,-0.396350,0.479195,23.134230,-0.390590,0.094994,23.271230,-0.415340,0.037014
3021.000000,22.957740,-0.281400,0.954284,22.964230,-0.185250,0.840835,22.928300,-0.185120,0.441075,22.815050,-0.213860,0.069974,22.941650,-0.199430,0.005364,22.974790,-0.374760,0.846765,23.166030,-0.396010,0.477955,23.155910,-0.391660,0.093544,23.295380,-0.416140,0.040895
3022.000000,22.964870,-0.281700,0.953055,22.970850,-0.185440,0.839735,22.930050,-0.184960,0.440625,22.815140,-0.214070,0.070204,22.941530,-0.199390,0.005264,22.982360,-0.374900,0.845454,23.174060,-0.395650,0.476535,23.177430,-0.392790,0.092444,23.319160,-0.416900,0.045194
3023.000000,22.972040,-0.282040,0.951744,22.977530,-0.185640,0.838575,22.931920,-0.184800,0.440135,22.815250,-0.214280,0.070434,22.941410,-0.199360,0.005164,22.989960,-0.375050,0.844044,23.181990,-0.395290,0.474955,23.198730,-0.393950,0.091704,23.342520,-0.417600,0.049875
3024.000000,22.979240,-0.282390,0.950345,22.984270,-0.185840,0.837345,22.933940,-0.184660,0.439615,22.815370,-0.214480,0.070674,22.941290,-0.199320,0.005054,22.997590,-0.375200,0.842535,23.189830,-0.394940,0.473225,23.219760,-0.395120,0.091314,23.365400,-0.418250,0.054914
3025.000000,22.986480,-0.282780,0.948864,22.991060,-0.186050,0.836035,22.936130,-0.184520,0.439034,22.815510,-0.214680,0.070914,22.941180,-0.199280,0.004945,23.005250,-0.375350,0.840935,23.197610,-0.394620,0.471385,23.240450,-0.396270,0.091264,23.387720,-0.418840,0.060265
3026.000000,22.993750,-0.283180,0.947304,22.997910,-0.186260,0.834665,22.938510,-0.184400,0.438424,22.815660,-0.214870,0.071174,22.941080,-0.199240,0.004815,23.012940,-0.375500,0.839255,23.205330,-0.394340,0.469465,23.260730,-0.397380,0.091544,23.409430,-0.419370,0.065844
3027.000000,23.001050,-0.283610,0.945674,23.004810,-0.186480,0.833225,22.941080,-0.184310,0.437765,22.815830,-0.215060,0.071444,22.940970,-0.199200,0.004684,23.020650,-0.375660,0.837495,23.213030,-0.394110,0.467495,23.280560,-0.398400,0.092114,23.430460,-0.419810,0.071594
3028.000000,23.008390,-0.284050,0.943975,23.011750,-0.186700,0.831724,22.943880,-0.184260,0.437065,22.816010,-0.215240,0.071734,22.940880,-0.199160,0.004544,23.028380,-0.375830,0.835665,23.220720,-0.393950,0.465505,23.299840,-0.399310,0.092924,23.450750,-0.420180,0.077424
3029.000000,23.015760,-0.284500,0.942225,23.018740,-0.186940,0.830155,22.946920,-0.184230,0.436314,22.816220,-0.215420,0.072044,22.940790,-0.199130,0.004394,23.036130,-0.376000,0.833774,23.228430,-0.393850,0.463525,23.318530,-0.400070,0.093934,23.470230,-0.420480,0.083234
3030.000000,23.023160,-0.284960,0.940415,23.025760,-0.187180,0.828535,22.950210,-0.184250,0.435525,22.816460,-0.215600,0.072384,22.940700,-0.199090,0.004244,23.043910,-0.376180,0.831844,23.236180,-0.393810,0.461585,23.336550,-0.400630,0.095094,23.488850,-0.420690,0.088914
3031.000000,23.030600,-0.285430,0.938574,23.032840,-0.187440,0.826865,22.953750,-0.184290,0.434685,22.816730,-0.215770,0.072754,22.940630,-0.199060,0.004084,23.051710,-0.376370,0.829865,23.244000,-0.393830,0.459715,23.353850,-0.400980,0.096324,23.506560,-0.420830,0.094354
3032.000000,23.038060,-0.285890,0.936694,23.039960,-0.187700,0.825155,22.957560,-0.184370,0.433805,22.817030,-0.215940,0.073164,22.940560,-0.199030,0.003914,23.059530,-0.376560,0.827865,23.251910,-0.393890,0.457935,23.370360,-0.401090,0.097554,23.523300,-0.420880,0.099444
3033.000000,23.045570,-0.286360,0.934805,23.047130,-0.187980,0.823415,22.961630,-0.184490,0.432885,22.817380,-0.216090,0.073614,22.940510,-0.199000,0.003744,23.067400,-0.376770,0.825844,23.259950,-0.393970,0.456265,23.386030,-0.400930,0.098714,23.539050,-0.420870,0.104074
3034.000000,23.053110,-0.286830,0.932905,23.054360,-0.188280,0.821644,22.965960,-0.184630,0.431915,22.817790,-0.216220,0.074124,22.940460,-0.198970,0.003564,23.075310,-0.377000,0.823825,23.268140,-0.394030,0.454715,23.400830,-0.400520,0.099744,23.553770,-0.420770,0.108134
3035.000000,23.060710,-0.287300,0.931014,23.061670,-0.188600,0.819864,22.970550,-0.184800,0.430915,22.818250,-0.216330,0.074704,22.940420,-0.198950,0.003384,23.083280,-0.377260,0.821825,23.276490,-0.394060,0.453315,23.414710,-0.399850,0.100554,23.567450,-0.420590,0.111524
3036.000000,23.068350,-0.287780,0.929145,23.069050,-0.188970,0.818075,22.975400,-0.185000,0.429885,22.818770,-0.216400,0.075354,22.940390,-0.198920,0.003194,23.091310,-0.377550,0.819855,23.285010,-0.394040,0.452045,23.427660,-0.398930,0.101094,23.580070,-0.420310,0.114164
3037.000000,23.076060,-0.288260,0.927295,23.076530,-0.189390,0.816284,22.980490,-0.185220,0.428824,22.819360,-0.216440,0.076094,22.940370,-0.198890,0.003004,23.099410,-0.377890,0.817945,23.293720,-0.393950,0.450935,23.439660,-0.397770,0.101314,23.591660,-0.419900,0.115994
3038.000000,23.083840,-0.288760,0.925485,23.084100,-0.189870,0.814485,22.985830,-0.185470,0.427745,22.820030,-0.216440,0.076924,22.940360,-0.198860,0.002815,23.107590,-0.378300,0.816105,23.302600,-0.393760,0.449974,23.450700,-0.396390,0.101164,23.602210,-0.419370,0.116964
3039.000000,23.091700,-0.289270,0.923725,23.091800,-0.190420,0.812705,22.991400,-0.185730,0.426645,22.820770,-0.216390,0.077854,22.940350,-0.198820,0.002614,23.115860,-0.378780,0.814354,23.311650,-0.393470,0.449155,23.460790,-0.394800,0.100624,23.611790,-0.418670,0.117044
3040.000000,23.099640,-0.289800,0.922025,23.099620,-0.191050,0.810935,22.997210,-0.186010,0.425535,22.821600,-0.216290,0.078904,22.940340,-0.198790,0.002414,23.124210,-0.379340,0.812715,23.320840,-0.393080,0.448465,23.469940,-0.393040,0.099674,23.620430,-0.417790,0.116224
3041.000000,23.107670,-0.290360,0.920385,23.107570,-0.191770,0.809195,23.003260,-0.186300,0.424395,22.822520,-0.216130,0.080084,22.940340,-0.198750,0.002204,23.132650,-0.379990,0.811175,23.330150,-0.392590,0.447885,23.478200,-0.391120,0.098354,23.628200,-0.416710,0.114544
3042.000000,23.115790,-0.290940,0.918814,23.115660,-0.192560,0.807485,23.009550,-0.186600,0.423255,22.823550,-0.215930,0.081404,22.940330,-0.198710,0.001994,23.141160,-0.380720,0.809755,23.339530,-0.392010,0.447385,23.485630,-0.389070,0.096664,23.635190,-0.415410,0.112034
3043.000000,23.124010,-0.291540,0.917324,23.123900,-0.193430,0.805814,23.016100,-0.186900,0.422095,22.824690,-0.215670,0.082874,22.940330,-0.198680,0.001784,23.149740,-0.381540,0.808445,23.348940,-0.391360,0.446965,23.492290,-0.386920,0.094694,23.641470,-0.413890,0.108765
3044.000000,23.132320,-0.292170,0.915905,23.132270,-0.194350,0.804204,23.022900,-0.187200,0.420925,22.825970,-0.215360,0.084504,22.940320,-0.198650,0.001564,23.158370,-0.382420,0.807245,23.358340,-0.390640,0.446584,23.498290,-0.384720,0.092484,23.647150,-0.412160,0.104804
3045.000000,23.140730,-0.292830,0.914575,23.140780,-0.195330,0.802644,23.029980,-0.187480,0.419755,22.827410,-0.215010,0.086304,22.940310,-0.198620,0.001354,23.167050,-0.383360,0.806145,23.367690,-0.389900,0.446235,23.503730,-0.382500,0.090124,23.652310,-0.410230,0.100264
3046.000000,23.149230,-0.293500,0.913335,23.149410,-0.196340,0.801154,23.037340,-0.187750,0.418565,22.829020,-0.214610,0.088294,22.940290,-0.198600,0.001144,23.175760,-0.384360,0.805165,23.376940,-0.389150,0.445895,23.508710,-0.380340,0.087694,23.657050,-0.408150,0.095254
3047.000000,23.157820,-0.294190,0.912185,23.158160,-0.197380,0.799744,23.045020,-0.188000,0.417365,22.830860,-0.214180,0.090474,22.940260,-0.198580,0.000944,23.184500,-0.385380,0.804285,23.386060,-0.388430,0.445565,23.513360,-0.378300,0.085274,23.661430,-0.405970,0.089864
3048.000000,23.166500,-0.294900,0.911145,23.167020,-0.198430,0.798424,23.053020,-0.188220,0.416165,22.832940,-0.213720,0.092844,22.940220,-0.198570,0.000764,23.193250,-0.386430,0.803515,23.395030,-0.387770,0.445245,23.517780,-0.376440,0.082944,23.665520,-0.403760,0.084204
3049.000000,23.175240,-0.295620,0.910204,23.175950,-0.199480,0.797204,23.061360,-0.188410,0.414944,22.835300,-0.213220,0.095414,22.940180,-0.198560,0.000614,23.202010,-0.387490,0.802855,23.403850,-0.387190,0.444935,23.522040,-0.374810,0.080744,23.669350,-0.401600,0.078384
3050.000000,23.184040,-0.296330,0.909365,23.184960,-0.200510,0.796075,23.070080,-0.188550,0.413705,22.837990,-0.212680,0.098184,22.940130,-0.198550,0.000524,23.210760,-0.388540,0.802295,23.412510,-0.386720,0.444665,23.526180,-0.373480,0.078704,23.672940,-0.399570,0.072494
3051.000000,23.192890,-0.297040,0.908644,23.194030,-0.201520,0.795045,23.079190,-0.188650,0.412455,22.841040,-0.212120,0.101154,22.940090,-0.198550,0.000504,23.219500,-0.389580,0.801845,23.421030,-0.386370,0.444455,23.530170,-0.372450,0.076864,23.676280,-0.397750,0.066624
3052.000000,23.201780,-0.297740,0.908025,23.203130,-0.202500,0.794115,23.088720,-0.188700,0.411174,22.844490,-0.211530,0.104334,22.940060,-0.198560,0.000574,23.228220,-0.390590,0.801485,23.429440,-0.386170,0.444315,23.533990,-0.371740,0.075194,23.679370,-0.396190,0.060854
3053.000000,23.210670,-0.298410,0.907515,23.212260,-0.203450,0.793285,23.098690,-0.188700,0.409865,22.848370,-0.210920,0.107724,22.940070,-0.198570,0.000774,23.236930,-0.391570,0.801235,23.437790,-0.386120,0.444265,23.537550,-0.371340,0.073694,23.682190,-0.394940,0.055285
3054.000000,23.219570,-0.299060,0.907104,23.221400,-0.204360,0.792544,23.109110,-0.188650,0.408505,22.852710,-0.210280,0.111314,22.940140,-0.198580,0.001134,23.245610,-0.392520,0.801095,23.446090,-0.386210,0.444325,23.540810,-0.371230,0.072344,23.684740,-0.394010,0.049954
3055.000000,23.228460,-0.299680,0.906795,23.230540,-0.205250,0.791895,23.120010,-0.188540,0.407095,22.857530,-0.209610,0.115114,22.940310,-0.198600,0.001694,23.254260,-0.393440,0.801065,23.454400,-0.386450,0.444495,23.543730,-0.371350,0.071134,23.687010,-0.393390,0.044924
3056.000000,23.237310,-0.300270,0.906585,23.239680,-0.206120,0.791324,23.131390,-0.188380,0.405635,22.862860,-0.208920,0.119114,22.940600,-0.198620,0.002484,23.262890,-0.394340,0.801154,23.462740,-0.386820,0.444775,23.546300,-0.371660,0.070054,23.689010,-0.393070,0.040234
3057.000000,23.246130,-0.300830,0.906465,23.248800,-0.206990,0.790834,23.143260,-0.188170,0.404115,22.868710,-0.208200,0.123314,22.941090,-0.198630,0.003544,23.271470,-0.395230,0.801365,23.471110,-0.387300,0.445144,23.548530,-0.372120,0.069094,23.690750,-0.392990,0.035904
3058.000000,23.254900,-0.301360,0.906424,23.257900,-0.207860,0.790405,23.155620,-0.187910,0.402545,22.875090,-0.207460,0.127714,22.941810,-0.198630,0.004894,23.280020,-0.396120,0.801685,23.479500,-0.387870,0.445584,23.550440,-0.372660,0.068264,23.692240,-0.393090,0.031964
3059.000000,23.263610,-0.301870,0.906475,23.266970,-0.208740,0.790034,23.168440,-0.187620,0.400925,22.881990,-0.206690,0.132315,22.942830,-0.198610,0.006554,23.288530,-0.397020,0.802134,23.487890,-0.388520,0.446075,23.552080,-0.373240,0.067534,23.693500,-0.393330,0.028424
3060.000000,23.272260,-0.302370,0.906585,23.276000,-0.209650,0.789735,23.181710,-0.187310,0.399265,22.889420,-0.205900,0.137084,22.944210,-0.198580,0.008545,23.296990,-0.397940,0.802694,23.496250,-0.389200,0.446575,23.553490,-0.373790,0.066904,23.694540,-0.393650,0.025285
3061.000000,23.280830,-0.302860,0.906775,23.284980,-0.210580,0.789485,23.195410,-0.186990,0.397574,22.897370,-0.205090,0.142034,22.946000,-0.198520,0.010864,23.305410,-0.398870,0.803345,23.504500,-0.389890,0.447065,23.554690,-0.374270,0.066374,23.695390,-0.393990,0.022544
3062.000000,23.289330,-0.303360,0.907025,23.293910,-0.211550,0.789285,23.209480,-0.186670,0.395895,22.905840,-0.204280,0.147124,22.948260,-0.198430,0.013525,23.313770,-0.399820,0.804084,23.512580,-0.390570,0.447525,23.555710,-0.374660,0.065934,23.696070,-0.394330,0.020195
3063.000000,23.297750,-0.303870,0.907324,23.302780,-0.212540,0.789154,23.223880,-0.186390,0.394255,22.914830,-0.203460,0.152325,22.951070,-0.198330,0.016505,23.322080,-0.400800,0.804905,23.520440,-0.391230,0.447915,23.556590,-0.374910,0.065574,23.696600,-0.394640,0.018205
3064.000000,23.306100,-0.304400,0.907685,23.311580,-0.213560,0.789084,23.238560,-0.186160,0.392675,22.924350,-0.202660,0.157594,22.954480,-0.198220,0.019804,23.330330,-0.401790,0.805775,23.528020,-0.391830,0.448225,23.557370,-0.375030,0.065274,23.697010,-0.394890,0.016535
3065.000000,23.314360,-0.304950,0.908095,23.320310,-0.214600,0.789075,23.253450,-0.186000,0.391205,22.934390,-0.201870,0.162884,22.958570,-0.198100,0.023405,23.338540,-0.402800,0.806685,23.535270,-0.392380,0.448445,23.558070,-0.375020,0.065044,23.697310,-0.395070,0.015155
3066.000000,23.322530,-0.305530,0.908555,23.328960,-0.215650,0.789145,23.268490,-0.185930,0.389885,22.944930,-0.201090,0.168154,22.963430,-0.197980,0.027275,23.346690,-0.403810,0.807615,23.542150,-0.392870,0.448584,23.558750,-0.374880,0.064864,23.697520,-0.395200,0.014024
3067.000000,23.330630,-0.306140,0.909075,23.337520,-0.216700,0.789295,23.283640,-0.185960,0.388765,22.955960,-0.200330,0.173365,22.969150,-0.197870,0.031374,23.354800,-0.404820,0.808555,23.548640,-0.393290,0.448635,23.559420,-0.374650,0.064714,23.697660,-0.395260,0.013105
3068.000000,23.338650,-0.306780,0.909644,23.346000,-0.217740,0.789535,23.298820,-0.186080,0.387885,22.967450,-0.199570,0.178464,22.975810,-0.197780,0.035645,23.362860,-0.405830,0.809505,23.554760,-0.393650,0.448605,23.560110,-0.374330,0.064584,23.697740,-0.395280,0.012365
3069.000000,23.346590,-0.307450,0.910274,23.354380,-0.218770,0.789875,23.314000,-0.186290,0.387275,22.979380,-0.198840,0.183435,22.983500,-0.197710,0.040015,23.370870,-0.406820,0.810465,23.560490,-0.393960,0.448505,23.560810,-0.373970,0.064474,23.697770,-0.395250,0.011755
3070.000000,23.354460,-0.308140,0.910965,23.362680,-0.219760,0.790315,23.329140,-0.186560,0.386974,22.991730,-0.198120,0.188204,22.992270,-0.197650,0.044415,23.378840,-0.407790,0.811424,23.565880,-0.394220,0.448364,23.561510,-0.373590,0.064364,23.697760,-0.395210,0.011265
3071.000000,23.362260,-0.308840,0.911745,23.370890,-0.220720,0.790875,23.344210,-0.186890,0.387005,23.004480,-0.197430,0.192754,23.002150,-0.197610,0.048765,23.386770,-0.408730,0.812404,23.570930,-0.394430,0.448185,23.562200,-0.373200,0.064264,23.697720,-0.395140,0.010864
3072.000000,23.369990,-0.309550,0.912594,23.379000,-0.221640,0.791544,23.359210,-0.187240,0.387375,23.017610,-0.196770,0.197035,23.013160,-0.197570,0.052975,23.394640,-0.409630,0.813395,23.575690,-0.394620,0.447974,23.562860,-0.372830,0.064174,23.697650,-0.395070,0.010534
3073.000000,23.377660,-0.310250,0.913544,23.387030,-0.222510,0.792355,23.374120,-0.187600,0.388084,23.031120,-0.196160,0.201014,23.025260,-0.197530,0.056964,23.402470,-0.410480,0.814435,23.580170,-0.394770,0.447745,23.563470,-0.372500,0.064084,23.697560,-0.395000,0.010264
3074.000000,23.385270,-0.310940,0.914585,23.394970,-0.223320,0.793285,23.388960,-0.187940,0.389125,23.044990,-0.195590,0.204624,23.038390,-0.197470,0.060684,23.410240,-0.411290,0.815524,23.584410,-0.394920,0.447505,23.564020,-0.372210,0.064004,23.697450,-0.394930,0.010035
3075.000000,23.392840,-0.311610,0.915735,23.402830,-0.224080,0.794355,23.403730,-0.188260,0.390465,23.059210,-0.195070,0.207854,23.052460,-0.197400,0.064054,23.417950,-0.412050,0.816674,23.588420,-0.395060,0.447275,23.564490,-0.371980,0.063944,23.697330,-0.394870,0.009844
3076.000000,23.400350,-0.312250,0.916984,23.410610,-0.224770,0.795555,23.418460,-0.188560,0.392085,23.073770,-0.194610,0.210665,23.067390,-0.197290,0.067024,23.425600,-0.412750,0.817894,23.592210,-0.395200,0.447035,23.564880,-0.371810,0.063904,23.697190,-0.394810,0.009674
3077.000000,23.407830,-0.312850,0.918345,23.418320,-0.225380,0.796884,23.433150,-0.188830,0.393945,23.088670,-0.194190,0.213025,23.083080,-0.197140,0.069554,23.433180,-0.413380,0.819195,23.595790,-0.395360,0.446815,23.565200,-0.371690,0.063884,23.697040,-0.394770,0.009524
3078.000000,23.415270,-0.313400,0.919805,23.425960,-0.225930,0.798354,23.447820,-0.189080,0.396015,23.103870,-0.193820,0.214944,23.099450,-0.196910,0.071634,23.440690,-0.413940,0.820574,23.599180,-0.395530,0.446605,23.565440,-0.371620,0.063904,23.696870,-0.394740,0.009375
3079.000000,23.422680,-0.313910,0.921374,23.433540,-0.226380,0.799945,23.462480,-0.189310,0.398275,23.119380,-0.193510,0.216414,23.116410,-0.196610,0.073234,23.448130,-0.414430,0.822014,23.602360,-0.395730,0.446415,23.565600,-0.371600,0.063954,23.696690,-0.394720,0.009244
3080.000000,23.430070,-0.314370,0.923034,23.441080,-0.226750,0.801665,23.477120,-0.189510,0.400695,23.135150,-0.193240,0.217444,23.133930,-0.196230,0.074365,23.455500,-0.414830,0.823524,23.605350,-0.395950,0.446254,23.565680,-0.371610,0.064044,23.696510,-0.394710,0.009115
3081.000000,23.437450,-0.314790,0.924775,23.448570,-0.227030,0.803505,23.491750,-0.189700,0.403265,23.151180,-0.193030,0.218045,23.151940,-0.195750,0.075034,23.462800,-0.415160,0.825095,23.608140,-0.396190,0.446105,23.565690,-0.371650,0.064164,23.696310,-0.394710,0.008984
3082.000000,23.444820,-0.315170,0.926594,23.456030,-0.227240,0.805435,23.506330,-0.189860,0.405975,23.167440,-0.192860,0.218234,23.170420,-0.195170,0.075264,23.470030,-0.415420,0.826715,23.610730,-0.396460,0.445974,23.565620,-0.371720,0.064324,23.696110,-0.394730,0.008865
3083.000000,23.452190,-0.315500,0.928474,23.463460,-0.227370,0.807455,23.520870,-0.190010,0.408795,23.183920,-0.192750,0.218014,23.189340,-0.194500,0.075064,23.477210,-0.415610,0.828375,23.613140,-0.396740,0.445875,23.565490,-0.371800,0.064524,23.695910,-0.394740,0.008734
3084.000000,23.459570,-0.315810,0.930415,23.470860,-0.227440,0.809545,23.535320,-0.190150,0.411735,23.200590,-0.192670,0.217414,23.208700,-0.193740,0.074484,23.484330,-0.415740,0.830075,23.615380,-0.397030,0.445795,23.565310,-0.371890,0.064744,23.695710,-0.394760,0.008615
3085.000000,23.466950,-0.316100,0.932374,23.478240,-0.227460,0.811685,23.549670,-0.190260,0.414775,23.217440,-0.192630,0.216444,23.228460,-0.192880,0.073544,23.491390,-0.415830,0.831785,23.617450,-0.397320,0.445735,23.565090,-0.371990,0.064994,23.695510,-0.394790,0.008484
3086.000000,23.474340,-0.316360,0.934354,23.485600,-0.227440,0.813855,23.563900,-0.190370,0.417905,23.234470,-0.192600,0.215105,23.248620,-0.191940,0.072294,23.498410,-0.415880,0.833515,23.619370,-0.397610,0.445685,23.564860,-0.372090,0.065264,23.695310,-0.394810,0.008365
3087.000000,23.481740,-0.316610,0.936335,23.492950,-0.227380,0.816034,23.578000,-0.190460,0.421115,23.251660,-0.192580,0.213424,23.269170,-0.190930,0.070754,23.505390,-0.415890,0.835234,23.621150,-0.397880,0.445665,23.564630,-0.372190,0.065554,23.695120,-0.394840,0.008244
3088.000000,23.489140,-0.316840,0.938304,23.500290,-0.227300,0.818205,23.591940,-0.190540,0.424375,23.269000,-0.192540,0.211415,23.290090,-0.189850,0.068964,23.512330,-0.415880,0.836935,23.622810,-0.398140,0.445655,23.564410,-0.372280,0.065844,23.694940,-0.394870,0.008124
3089.000000,23.496550,-0.317070,0.940245,23.507630,-0.227190,0.820354,23.605730,-0.190590,0.427685,23.286500,-0.192480,0.209094,23.311380,-0.188710,0.066964,23.519240,-0.415850,0.838604,23.624370,-0.398380,0.445655,23.564210,-0.372360,0.066154,23.694760,-0.394900,0.007994
3090.000000,23.503950,-0.317290,0.942145,23.514970,-0.227080,0.822454,23.619360,-0.190620,0.431025,23.304170,-0.192390,0.206464,23.333010,-0.187520,0.064784,23.526120,-0.415810,0.840225,23.625840,-0.398600,0.445675,23.564040,-0.372430,0.066454,23.694590,-0.394930,0.007874
3091.000000,23.511340,-0.317510,0.943975,23.522310,-0.226950,0.824504,23.632820,-0.190620,0.434385,23.322010,-0.192250,0.203535,23.354990,-0.186290,0.062464,23.532980,-0.415760,0.841785,23.627230,-0.398800,0.445694,23.563910,-0.372480,0.066754,23.694420,-0.394950,0.007755
3092.000000,23.518720,-0.317720,0.945744,23.529650,-0.226820,0.826475,23.646100,-0.190580,0.437725,23.340030,-0.192050,0.200315,23.377300,-0.185000,0.060025,23.539830,-0.415700,0.843264,23.628570,-0.398980,0.445735,23.563810,-0.372510,0.067064,23.694270,-0.394970,0.007625
3093.000000,23.526080,-0.317930,0.947425,23.537000,-0.226690,0.828354,23.659200,-0.190500,0.441055,23.358280,-0.191790,0.196794,23.399930,-0.183680,0.057505,23.546670,-0.415630,0.844665,23.629880,-0.399160,0.445775,23.563750,-0.372530,0.067364,23.694120,-0.394980,0.007494
3094.000000,23.533420,-0.318140,0.949025,23.544360,-0.226550,0.830145,23.672130,-0.190390,0.444355,23.376760,-0.191440,0.192985,23.422870,-0.182320,0.054945,23.553490,-0.415560,0.845965,23.631180,-0.399320,0.445835,23.563720,-0.372530,0.067654,23.693970,-0.394990,0.007374
3095.000000,23.540720,-0.318330,0.950515,23.551730,-0.226410,0.831835,23.684860,-0.190250,0.447595,23.395490,-0.191020,0.188894,23.446110,-0.180920,0.052354,23.560310,-0.415490,0.847164,23.632470,-0.399470,0.445895,23.563720,-0.372520,0.067954,23.693830,-0.394990,0.007254
3096.000000,23.548000,-0.318520,0.951894,23.559100,-0.226270,0.833404,23.697400,-0.190080,0.450785,23.414480,-0.190530,0.184564,23.469640,-0.179490,0.049774,23.567110,-0.415420,0.848255,23.633760,-0.399610,0.445965,23.563740,-0.372490,0.068244,23.693700,-0.394990,0.007124
3097.000000,23.555240,-0.318700,0.953164,23.566480,-0.226130,0.834855,23.709750,-0.189880,0.453885,23.433740,-0.189960,0.180025,23.493440,-0.178020,0.047234,23.573900,-0.415340,0.849225,23.635060,-0.399750,0.446045,23.563780,-0.372460,0.068524,23.693570,-0.394990,0.007004
3098.000000,23.562460,-0.318870,0.954304,23.573860,-0.225990,0.836175,23.721890,-0.189660,0.456905,23.453240,-0.189340,0.175314,23.517500,-0.176530,0.044755,23.580680,-0.415250,0.850065,23.636370,-0.399890,0.446125,23.563830,-0.372420,0.068814,23.693440,-0.394980,0.006884
3099.000000,23.569630,-0.319020,0.955325,23.581240,-0.225840,0.837365,23.733820,-0.189430,0.459815,23.472990,-0.188670,0.170475,23.541800,-0.175000,0.042364,23.587440,-0.415160,0.850785,23.637690,-0.400020,0.446205,23.563890,-0.372380,0.069084,23.693310,-0.394970,0.006775
3100.000000,23.576780,-0.319160,0.956214,23.588610,-0.225680,0.838425,23.745530,-0.189180,0.462595,23.493010,-0.187950,0.165524,23.566320,-0.173460,0.040085,23.594180,-0.415060,0.851364,23.639020,-0.400150,0.446275,23.563950,-0.372340,0.069364,23.693180,-0.394960,0.006664
3101.000000,23.583900,-0.319270,0.956964,23.595990,-0.225520,0.839355,23.757020,-0.188920,0.465245,23.513300,-0.187200,0.160474,23.591060,-0.171900,0.037935,23.600900,-0.414950,0.851824,23.640370,-0.400280,0.446325,23.564010,-0.372300,0.069634,23.693060,-0.394960,0.006554
3102.000000,23.590980,-0.319360,0.957585,23.603360,-0.225360,0.840145,23.768280,-0.188660,0.467734,23.533900,-0.186420,0.155344,23.616010,-0.170320,0.035944,23.607590,-0.414830,0.852144,23.641730,-0.400400,0.446364,23.564080,-0.372250,0.069894,23.692930,-0.394950,0.006444
3103.000000,23.598040,-0.319430,0.958064,23.610720,-0.225180,0.840795,23.779320,-0.188390,0.470064,23.554800,-0.185620,0.150154,23.641140,-0.168740,0.034134,23.614250,-0.414690,0.852345,23.643110,-0.400500,0.446375,23.564130,-0.372210,0.070144,23.692810,-0.394950,0.006344
3104.000000,23.605080,-0.319480,0.958415,23.618090,-0.225000,0.841305,23.790120,-0.188120,0.472225,23.576010,-0.184810,0.144954,23.666450,-0.167160,0.032535,23.620880,-0.414550,0.852405,23.644510,-0.400600,0.446355,23.564190,-0.372160,0.070384,23.692690,-0.394950,0.006234
3105.000000,23.612100,-0.319490,0.958635,23.625460,-0.224810,0.841685,23.800700,-0.187850,0.474195,23.597490,-0.184010,0.139785,23.691910,-0.165580,0.031155,23.627490,-0.414390,0.852355,23.645930,-0.400690,0.446315,23.564240,-0.372110,0.070614,23.692570,-0.394960,0.006135
3106.000000,23.619100,-0.319480,0.958735,23.632830,-0.224610,0.841935,23.811060,-0.187590,0.475975,23.619230,-0.183230,0.134694,23.717510,-0.164010,0.030034,23.634070,-0.414220,0.852194,23.647360,-0.400780,0.446245,23.564280,-0.372060,0.070834,23.692460,-0.394960,0.006024
3107.000000,23.626090,-0.319430,0.958705,23.640210,-0.224390,0.842055,23.821220,-0.187330,0.477555,23.641190,-0.182500,0.129724,23.743230,-0.162470,0.029194,23.640630,-0.414030,0.851924,23.648820,-0.400850,0.446155,23.564320,-0.371990,0.071044,23.692350,-0.394970,0.005914
3108.000000,23.633080,-0.319350,0.958565,23.647600,-0.224170,0.842055,23.831170,-0.187080,0.478925,23.663350,-0.181810,0.124905,23.769040,-0.160950,0.028654,23.647170,-0.413830,0.851554,23.650300,-0.400920,0.446045,23.564360,-0.371910,0.071244,23.692240,-0.394970,0.005795
3109.000000,23.640070,-0.319230,0.958315,23.655010,-0.223940,0.841925,23.840910,-0.186850,0.480085,23.685700,-0.181160,0.120275,23.794930,-0.159480,0.028455,23.653720,-0.413610,0.851105,23.651800,-0.400990,0.445915,23.564400,-0.371820,0.071444,23.692130,-0.394980,0.005674
3110.000000,23.647060,-0.319080,0.957964,23.662430,-0.223700,0.841685,23.850450,-0.186640,0.481015,23.708200,-0.180530,0.115844,23.820860,-0.158060,0.028604,23.660260,-0.413380,0.850575,23.653330,-0.401050,0.445765,23.564420,-0.371710,0.071634,23.692020,-0.395000,0.005564
3111.000000,23.654060,-0.318900,0.957515,23.669860,-0.223460,0.841334,23.859770,-0.186450,0.481715,23.730820,-0.179880,0.111664,23.846820,-0.156710,0.029144,23.666820,-0.413140,0.849974,23.654880,-0.401100,0.445595,23.564450,-0.371580,0.071844,23.691910,-0.395010,0.005444
3112.000000,23.661080,-0.318680,0.956964,23.677310,-0.223220,0.840865,23.868860,-0.186270,0.482175,23.753520,-0.179190,0.107744,23.872760,-0.155440,0.030104,23.673390,-0.412890,0.849325,23.656470,-0.401160,0.445415,23.564470,-0.371430,0.072054,23.691800,-0.395040,0.005324
3113.000000,23.668110,-0.318430,0.956334,23.684760,-0.222970,0.840284,23.877720,-0.186120,0.482395,23.776270,-0.178450,0.104124,23.898660,-0.154270,0.031495,23.679990,-0.412620,0.848604,23.658100,-0.401200,0.445215,23.564490,-0.371270,0.072294,23.691680,-0.395070,0.005214
3114.000000,23.675150,-0.318150,0.955604,23.692220,-0.222700,0.839604,23.886350,-0.185970,0.482375,23.799030,-0.177630,0.100804,23.924480,-0.153200,0.033344,23.686610,-0.412340,0.847824,23.659790,-0.401240,0.444995,23.564500,-0.371090,0.072544,23.691560,-0.395110,0.005115
3115.000000,23.682210,-0.317830,0.954794,23.699680,-0.222430,0.838824,23.894750,-0.185830,0.482115,23.821770,-0.176750,0.097834,23.950150,-0.152250,0.035665,23.693250,-0.412040,0.846975,23.661540,-0.401260,0.444745,23.564520,-0.370900,0.072824,23.691430,-0.395150,0.005004
3116.000000,23.689300,-0.317490,0.953905,23.707140,-0.222130,0.837944,23.902920,-0.185700,0.481635,23.844460,-0.175790,0.095214,23.975640,-0.151420,0.038475,23.699930,-0.411720,0.846055,23.663370,-0.401260,0.444474,23.564540,-0.370690,0.073124,23.691310,-0.395200,0.004905
3117.000000,23.696400,-0.317120,0.952925,23.714610,-0.221810,0.836975,23.910880,-0.185580,0.480944,23.867080,-0.174770,0.092984,24.000880,-0.150720,0.041765,23.706650,-0.411370,0.845064,23.665300,-0.401230,0.444175,23.564570,-0.370480,0.073444,23.691180,-0.395250,0.004804
3118.000000,23.703530,-0.316720,0.951875,23.722080,-0.221460,0.835935,23.918630,-0.185460,0.480045,23.889570,-0.173700,0.091154,24.025790,-0.150130,0.045525,23.713410,-0.410990,0.844005,23.667330,-0.401160,0.443855,23.564610,-0.370270,0.073774,23.691060,-0.395300,0.004694
3119.000000,23.710680,-0.316290,0.950755,23.729570,-0.221090,0.834805,23.926200,-0.185340,0.478965,23.911900,-0.172600,0.089744,24.050310,-0.149660,0.049755,23.720220,-0.410580,0.842865,23.669480,-0.401050,0.443495,23.564670,-0.370050,0.074104,23.690940,-0.395350,0.004574
3120.000000,23.717870,-0.315840,0.949554,23.737090,-0.220680,0.833604,23.933620,-0.185220,0.477724,23.934010,-0.171500,0.088764,24.074360,-0.149320,0.054394,23.727080,-0.410140,0.841645,23.671780,-0.400890,0.443115,23.564750,-0.369840,0.074444,23.690820,-0.395400,0.004444
3121.000000,23.725080,-0.315370,0.948295,23.744630,-0.220250,0.832334,23.940900,-0.185090,0.476334,23.955820,-0.170430,0.088204,24.097850,-0.149090,0.059415,23.733990,-0.409680,0.840365,23.674250,-0.400690,0.442685,23.564860,-0.369620,0.074784,23.690710,-0.395450,0.004314
3122.000000,23.732320,-0.314870,0.946964,23.752200,-0.219800,0.831005,23.948070,-0.184950,0.474825,23.977250,-0.169440,0.088064,24.120710,-0.148970,0.064744,23.740940,-0.409190,0.839005,23.676900,-0.400440,0.442225,23.565000,-0.369410,0.075124,23.690620,-0.395500,0.004174
3123.000000,23.739590,-0.314360,0.945585,23.759820,-0.219320,0.829615,23.955190,-0.184790,0.473225,23.998230,-0.168550,0.088304,24.142870,-0.148970,0.070304,23.747940,-0.408680,0.837574,23.679760,-0.400150,0.441725,23.565170,-0.369200,0.075474,23.690530,-0.395550,0.004024
3124.000000,23.746880,-0.313830,0.944145,23.767470,-0.218830,0.828175,23.962270,-0.184600,0.471564,24.018650,-0.167810,0.088894,24.164230,-0.149090,0.076004,23.754970,-0.408150,0.836085,23.682860,-0.399830,0.441185,23.565380,-0.369000,0.075824,23.690460,-0.395590,0.003874
3125.000000,23.754210,-0.313290,0.942665,23.775160,-0.218340,0.826694,23.969370,-0.184390,0.469865,24.038410,-0.167260,0.089774,24.184730,-0.149320,0.081744,23.762040,-0.407610,0.834554,23.686190,-0.399480,0.440605,23.565620,-0.368810,0.076194,23.690390,-0.395630,0.003714
3126.000000,23.761560,-0.312720,0.941145,23.782890,-0.217830,0.825175,23.976520,-0.184150,0.468165,24.057420,-0.166920,0.090874,24.204300,-0.149680,0.087414,23.769150,-0.407060,0.832985,23.689780,-0.399130,0.439975,23.565900,-0.368630,0.076594,23.690350,-0.395670,0.003544
3127.000000,23.768950,-0.312140,0.939594,23.790660,-0.217300,0.823624,23.983770,-0.183900,0.466475,24.075590,-0.166820,0.092124,24.222890,-0.150160,0.092884,23.776300,-0.406500,0.831395,23.693620,-0.398760,0.439305,23.566220,-0.368470,0.077024,23.690310,-0.395700,0.003374
3128.000000,23.776370,-0.311550,0.938025,23.798470,-0.216770,0.822055,23.991160,-0.183630,0.464844,24.092840,-0.166980,0.093414,24.240430,-0.150770,0.098034,23.783490,-0.405920,0.829785,23.697730,-0.398380,0.438594,23.566590,-0.368330,0.077494,23.690280,-0.395740,0.003194
3129.000000,23.783830,-0.310930,0.936445,23.806320,-0.216220,0.820465,23.998720,-0.183370,0.463285,24.109080,-0.167400,0.094664,24.256880,-0.151500,0.102744,23.790700,-0.405320,0.828164,23.702080,-0.397990,0.437845,23.567000,-0.368220,0.078014,23.690260,-0.395770,0.003024
3130.000000,23.791320,-0.310280,0.934844,23.814210,-0.215650,0.818875,24.006490,-0.183130,0.461825,24.124280,-0.168080,0.095774,24.272220,-0.152370,0.106904,23.797950,-0.404700,0.826545,23.706690,-0.397590,0.437055,23.567480,-0.368130,0.078584,23.690250,-0.395800,0.002844
3131.000000,23.798860,-0.309610,0.933234,23.822140,-0.215060,0.817284,24.014480,-0.182950,0.460475,24.138390,-0.169010,0.096664,24.286430,-0.153380,0.110394,23.805240,-0.404050,0.824935,23.711530,-0.397180,0.436235,23.568020,-0.368070,0.079224,23.690240,-0.395830,0.002664
3132.000000,23.806450,-0.308910,0.931635,23.830120,-0.214430,0.815694,24.022720,-0.182840,0.459255,24.151400,-0.170170,0.097254,24.299480,-0.154520,0.113134,23.812580,-0.403360,0.823334,23.716620,-0.396750,0.435385,23.568630,-0.368030,0.079944,23.690240,-0.395860,0.002484
3133.000000,23.814090,-0.308180,0.930045,23.838140,-0.213760,0.814134,24.031200,-0.182820,0.458165,24.163310,-0.171510,0.097484,24.311400,-0.155810,0.115044,23.819960,-0.402630,0.821744,23.721920,-0.396320,0.434495,23.569310,-0.368020,0.080734,23.690240,-0.395890,0.002305
3134.000000,23.821790,-0.307410,0.928465,23.846230,-0.213040,0.812605,24.039930,-0.182910,0.457225,24.174140,-0.173010,0.097314,24.322190,-0.157240,0.116074,23.827410,-0.401850,0.820165,23.727450,-0.395870,0.433565,23.570050,-0.368030,0.081614,23.690250,-0.395940,0.002114
3135.000000,23.829550,-0.306600,0.926914,23.854390,-0.212270,0.811115,24.048880,-0.183130,0.456415,24.183930,-0.174610,0.096724,24.331910,-0.158830,0.116194,23.834940,-0.401020,0.818605,23.733210,-0.395420,0.432615,23.570880,-0.368070,0.082604,23.690270,-0.395990,0.001934
3136.000000,23.837390,-0.305750,0.925385,23.862620,-0.211440,0.809675,24.058040,-0.183470,0.455744,24.192710,-0.176270,0.095694,24.340590,-0.160580,0.115404,23.842560,-0.400130,0.817064,23.739180,-0.394960,0.431615,23.571790,-0.368130,0.083694,23.690290,-0.396060,0.001744
3137.000000,23.845310,-0.304850,0.923895,23.870930,-0.210550,0.808295,24.067380,-0.183940,0.455185,24.200560,-0.177970,0.094274,24.348310,-0.162470,0.113734,23.850280,-0.399180,0.815535,23.745380,-0.394510,0.430595,23.572790,-0.368220,0.084904,23.690310,-0.396140,0.001554
3138.000000,23.853310,-0.303920,0.922445,23.879330,-0.209600,0.806975,24.076850,-0.184530,0.454735,24.207540,-0.179670,0.092474,24.355160,-0.164510,0.111235,23.858120,-0.398170,0.814034,23.751820,-0.394060,0.429525,23.573890,-0.368340,0.086244,23.690350,-0.396240,0.001344
3139.000000,23.861400,-0.302940,0.921054,23.887810,-0.208580,0.805735,24.086410,-0.185220,0.454354,24.213750,-0.181360,0.090374,24.361210,-0.166680,0.107984,23.866080,-0.397110,0.812565,23.758510,-0.393630,0.428434,23.575120,-0.368490,0.087724,23.690410,-0.396350,0.001134
3140.000000,23.869570,-0.301930,0.919714,23.896360,-0.207500,0.804574,24.096000,-0.185990,0.454035,24.219270,-0.183000,0.088054,24.366580,-0.168940,0.104064,23.874160,-0.395980,0.811125,23.765450,-0.393210,0.427305,23.576500,-0.368670,0.089354,23.690480,-0.396490,0.000894
3141.000000,23.877830,-0.300880,0.918444,23.904990,-0.206370,0.803505,24.105580,-0.186810,0.453744,24.224240,-0.184570,0.085574,24.371370,-0.171270,0.099604,23.882370,-0.394810,0.809735,23.772680,-0.392820,0.426145,23.578040,-0.368880,0.091144,23.690570,-0.396630,0.000644
3142.000000,23.886170,-0.299820,0.917245,23.913670,-0.205190,0.802524,24.115100,-0.187660,0.453455,24.228760,-0.186040,0.083044,24.375670,-0.173620,0.094704,23.890690,-0.393600,0.808415,23.780210,-0.392460,0.424955,23.579780,-0.369120,0.093104,23.690680,-0.396780,0.000384
3143.000000,23.894580,-0.298730,0.916125,23.922390,-0.203980,0.801635,24.124530,-0.188500,0.453165,24.232950,-0.187370,0.080534,24.379580,-0.175920,0.089474,23.899110,-0.392360,0.807154,23.788060,-0.392140,0.423745,23.581750,-0.369380,0.095244,23.690810,-0.396930,0.000104
3144.000000,23.903060,-0.297640,0.915095,23.931140,-0.202730,0.800835,24.133840,-0.189310,0.452875,24.236910,-0.188540,0.078104,24.383170,-0.178130,0.084024,23.907620,-0.391100,0.805984,23.796260,-0.391850,0.422505,23.583990,-0.369660,0.097594,23.690960,-0.397070,-0.000166
3145.000000,23.911580,-0.296550,0.914165,23.939910,-0.201470,0.800134,24.143020,-0.190060,0.452565,24.240720,-0.189520,0.075824,24.386510,-0.180180,0.078454,23.916200,-0.389820,0.804895,23.804830,-0.391590,0.421235,23.586550,-0.369960,0.100134,23.691130,-0.397190,-0.000436
3146.000000,23.920130,-0.295460,0.913335,23.948670,-0.200200,0.799544,24.152070,-0.190730,0.452265,24.244420,-0.190290,0.073724,24.389620,-0.182020,0.072824,23.924840,-0.388550,0.803914,23.813800,-0.391380,0.419944,23.589450,-0.370260,0.102904,23.691300,-0.397280,-0.000666
3147.000000,23.928720,-0.294390,0.912605,23.957420,-0.198930,0.799045,24.161010,-0.191310,0.451975,24.247990,-0.190870,0.071814,24.392530,-0.183600,0.067234,23.933520,-0.387280,0.803025,23.823200,-0.391210,0.418625,23.592750,-0.370560,0.105884,23.691490,-0.397330,-0.000836
3148.000000,23.937300,-0.293340,0.911984,23.966160,-0.197670,0.798664,24.169860,-0.191770,0.451735,24.251440,-0.191240,0.070094,24.395250,-0.184900,0.061735,23.942230,-0.386020,0.802245,23.833050,-0.391090,0.417265,23.596480,-0.370860,0.109084,23.691700,-0.397350,-0.000906
3149.000000,23.945890,-0.292310,0.911455,23.974880,-0.196420,0.798385,24.178640,-0.192110,0.451535,24.254700,-0.191430,0.068564,24.397780,-0.185910,0.056395,23.950950,-0.384780,0.801555,23.843360,-0.391030,0.415875,23.600690,-0.371150,0.112494,23.691940,-0.397320,-0.000856
3150.000000,23.954460,-0.291310,0.911034,23.983580,-0.195180,0.798204,24.187370,-0.192320,0.451405,24.257760,-0.191470,0.067214,24.400110,-0.186650,0.051264,23.959690,-0.383550,0.800955,23.854150,-0.391010,0.414435,23.605400,-0.371420,0.116114,23.692230,-0.397250,-0.000646
3151.000000,23.963010,-0.290330,0.910705,23.992250,-0.193950,0.798134,24.196080,-0.192390,0.451345,24.260570,-0.191370,0.066014,24.402230,-0.187120,0.046385,23.968410,-0.382330,0.800424,23.865430,-0.391040,0.412945,23.610650,-0.371680,0.119934,23.692600,-0.397140,-0.000226
3152.000000,23.971510,-0.289380,0.910455,24.000900,-0.192730,0.798175,24.204760,-0.192330,0.451355,24.263140,-0.191170,0.064954,24.404150,-0.187390,0.041794,23.977130,-0.381120,0.799964,23.877210,-0.391120,0.411385,23.616460,-0.371900,0.123935,23.693080,-0.397010,0.000444
3153.000000,23.979980,-0.288440,0.910295,24.009520,-0.191510,0.798304,24.213400,-0.192130,0.451405,24.265460,-0.190880,0.064014,24.405880,-0.187470,0.037505,23.985820,-0.379920,0.799574,23.889460,-0.391230,0.409775,23.622840,-0.372100,0.128104,23.693740,-0.396860,0.001384
3154.000000,23.988400,-0.287530,0.910195,24.018100,-0.190300,0.798524,24.221980,-0.191820,0.451475,24.267550,-0.190530,0.063164,24.407420,-0.187430,0.033535,23.994480,-0.378720,0.799225,23.902160,-0.391370,0.408095,23.629780,-0.372270,0.132404,23.694620,-0.396700,0.002645
3155.000000,23.996760,-0.286630,0.910165,24.026640,-0.189080,0.798825,24.230450,-0.191400,0.451555,24.269440,-0.190130,0.062404,24.408770,-0.187300,0.029894,24.003090,-0.377510,0.798934,23.915300,-0.391530,0.406365,23.637290,-0.372400,0.136844,23.695790,-0.396540,0.004234
3156.000000,24.005060,-0.285730,0.910195,24.035130,-0.187860,0.799204,24.238750,-0.190890,0.451605,24.271130,-0.189700,0.061714,24.409940,-0.187120,0.026595,24.011650,-0.376300,0.798694,23.928820,-0.391690,0.404595,23.645340,-0.372510,0.141384,23.697330,-0.396400,0.006164
3157.000000,24.013290,-0.284840,0.910274,24.043560,-0.186640,0.799655,24.246850,-0.190300,0.451605,24.272650,-0.189270,0.061074,24.410950,-0.186910,0.023644,24.020130,-0.375080,0.798494,23.942690,-0.391840,0.402815,23.653920,-0.372590,0.145994,23.699310,-0.396280,0.008464
3158.000000,24.021460,-0.283950,0.910405,24.051920,-0.185420,0.800154,24.254670,-0.189670,0.451545,24.274020,-0.188870,0.060494,24.411790,-0.186690,0.021045,24.028530,-0.373870,0.798345,23.956860,-0.391970,0.401035,23.663020,-0.372640,0.150674,23.701810,-0.396170,0.011104
3159.000000,24.029560,-0.283070,0.910575,24.060220,-0.184210,0.800705,24.262190,-0.189010,0.451405,24.275220,-0.188520,0.059964,24.412490,-0.186490,0.018794,24.036840,-0.372650,0.798265,23.971280,-0.392060,0.399305,23.672600,-0.372660,0.155384,23.704930,-0.396080,0.014084
3160.000000,24.037580,-0.282180,0.910795,24.068430,-0.183020,0.801304,24.269360,-0.188350,0.451194,24.276280,-0.188250,0.059475,24.413040,-0.186300,0.016875,24.045050,-0.371450,0.798235,23.985880,-0.392100,0.397675,23.682650,-0.372650,0.160095,23.708770,-0.396000,0.017395
3161.000000,24.045530,-0.281300,0.911065,24.076560,-0.181850,0.801945,24.276160,-0.187700,0.450905,24.277190,-0.188080,0.059045,24.413470,-0.186140,0.015274,24.053150,-0.370260,0.798274,24.000620,-0.392110,0.396195,23.693140,-0.372620,0.164794,23.713410,-0.395920,0.020994
3162.000000,24.053400,-0.280410,0.911394,24.084600,-0.180710,0.802625,24.282590,-0.187100,0.450555,24.277960,-0.188000,0.058674,24.413770,-0.186000,0.013955,24.061130,-0.369100,0.798405,24.015420,-0.392070,0.394915,23.704060,-0.372550,0.169434,23.718960,-0.395840,0.024844
3163.000000,24.061180,-0.279540,0.911775,24.092550,-0.179610,0.803345,24.288640,-0.186550,0.450165,24.278610,-0.188000,0.058354,24.413980,-0.185900,0.012894,24.069010,-0.367980,0.798615,24.030240,-0.392000,0.393885,23.715400,-0.372450,0.173994,23.725510,-0.395760,0.028874
3164.000000,24.068890,-0.278670,0.912235,24.100410,-0.178560,0.804104,24.294320,-0.186080,0.449745,24.279140,-0.188080,0.058104,24.414100,-0.185830,0.012035,24.076760,-0.366900,0.798934,24.045040,-0.391900,0.393175,23.727120,-0.372320,0.178434,23.733140,-0.395670,0.033024
3165.000000,24.076520,-0.277810,0.912764,24.108160,-0.177560,0.804914,24.299650,-0.185690,0.449315,24.279580,-0.188220,0.057894,24.414140,-0.185780,0.011355,24.084410,-0.365880,0.799365,24.059780,-0.391800,0.392795,23.739230,-0.372160,0.182724,23.741890,-0.395570,0.037194
3166.000000,24.084080,-0.276970,0.913394,24.115830,-0.176620,0.805775,24.304630,-0.185380,0.448895,24.279940,-0.188400,0.057754,24.414140,-0.185760,0.010825,24.091960,-0.364920,0.799925,24.074430,-0.391700,0.392795,23.751710,-0.371960,0.186804,23.751790,-0.395470,0.041285
3167.000000,24.091560,-0.276150,0.914115,24.123400,-0.175750,0.806705,24.309300,-0.185130,0.448474,24.280250,-0.188600,0.057655,24.414080,-0.185760,0.010395,24.099410,-0.364030,0.800615,24.088990,-0.391610,0.393165,23.764560,-0.371740,0.190634,23.762810,-0.395350,0.045205
3168.000000,24.098980,-0.275340,0.914945,24.130890,-0.174940,0.807694,24.313670,-0.184930,0.448065,24.280510,-0.188820,0.057604,24.413990,-0.185780,0.010055,24.106780,-0.363200,0.801445,24.103440,-0.391550,0.393915,23.777780,-0.371500,0.194164,23.774900,-0.395220,0.048875
3169.000000,24.106330,-0.274570,0.915895,24.138300,-0.174210,0.808755,24.317750,-0.184770,0.447685,24.280750,-0.189030,0.057585,24.413880,-0.185810,0.009784,24.114080,-0.362440,0.802424,24.117790,-0.391510,0.395035,23.791380,-0.371240,0.197324,23.787990,-0.395060,0.052205
3170.000000,24.113620,-0.273820,0.916965,24.145620,-0.173530,0.809895,24.321580,-0.184620,0.447325,24.280970,-0.189240,0.057615,24.413740,-0.185850,0.009555,24.121310,-0.361760,0.803544,24.132060,-0.391510,0.396495,23.805330,-0.370980,0.200104,23.801990,-0.394880,0.055164
3171.000000,24.120870,-0.273090,0.918154,24.152870,-0.172920,0.811125,24.325160,-0.184470,0.446985,24.281170,-0.189440,0.057674,24.413600,-0.185900,0.009375,24.128480,-0.361130,0.804825,24.146250,-0.391550,0.398265,23.819650,-0.370710,0.202464,23.816820,-0.394680,0.057685
3172.000000,24.128070,-0.272400,0.919474,24.160050,-0.172350,0.812424,24.328510,-0.184320,0.446665,24.281350,-0.189620,0.057765,24.413440,-0.185950,0.009215,24.135600,-0.360570,0.806254,24.160370,-0.391620,0.400315,23.834320,-0.370440,0.204384,23.832390,-0.394450,0.059754
3173.000000,24.135230,-0.271730,0.920914,24.167150,-0.171840,0.813805,24.331650,-0.184150,0.446375,24.281500,-0.189800,0.057894,24.413270,-0.186000,0.009074,24.142660,-0.360050,0.807825,24.174420,-0.391710,0.402595,23.849310,-0.370170,0.205874,23.848620,-0.394200,0.061354
3174.000000,24.142360,-0.271100,0.922465,24.174190,-0.171360,0.815265,24.334590,-0.183970,0.446095,24.281620,-0.189960,0.058055,24.413090,-0.186040,0.008965,24.149680,-0.359580,0.809535,24.188420,-0.391820,0.405085,23.864610,-0.369900,0.206924,23.865460,-0.393920,0.062514
3175.000000,24.149470,-0.270490,0.924125,24.181170,-0.170910,0.816805,24.337320,-0.183740,0.445835,24.281690,-0.190110,0.058244,24.412910,-0.186080,0.008854,24.156660,-0.359140,0.811365,24.202350,-0.391950,0.407745,23.880190,-0.369630,0.207564,23.882860,-0.393630,0.063214
3176.000000,24.156560,-0.269910,0.925884,24.188090,-0.170500,0.818395,24.339870,-0.183490,0.445595,24.281720,-0.190260,0.058464,24.412720,-0.186100,0.008764,24.163610,-0.358740,0.813304,24.216200,-0.392080,0.410545,23.896030,-0.369350,0.207784,23.900760,-0.393330,0.063504
3177.000000,24.163630,-0.269360,0.927725,24.194970,-0.170120,0.820045,24.342230,-0.183190,0.445385,24.281680,-0.190390,0.058714,24.412530,-0.186120,0.008674,24.170520,-0.358380,0.815325,24.229970,-0.392210,0.413455,23.912110,-0.369050,0.207614,23.919140,-0.393010,0.063404
3178.000000,24.170700,-0.268850,0.929635,24.201820,-0.169780,0.821735,24.344410,-0.182870,0.445195,24.281600,-0.190520,0.058994,24.412330,-0.186130,0.008594,24.177410,-0.358050,0.817415,24.243650,-0.392350,0.416465,23.928400,-0.368750,0.207074,23.937970,-0.392700,0.062934
3179.000000,24.177770,-0.268370,0.931594,24.208640,-0.169460,0.823454,24.346430,-0.182520,0.445034,24.281460,-0.190630,0.059295,24.412130,-0.186130,0.008514,24.184280,-0.357740,0.819555,24.257220,-0.392490,0.419554,23.944890,-0.368440,0.206165,23.957230,-0.392380,0.062144
3180.000000,24.184830,-0.267920,0.933605,24.215430,-0.169170,0.825195,24.348300,-0.182150,0.444915,24.281280,-0.190740,0.059614,24.411940,-0.186130,0.008445,24.191130,-0.357470,0.821735,24.270670,-0.392620,0.422715,23.961570,-0.368130,0.204904,23.976890,-0.392070,0.061044
3181.000000,24.191890,-0.267490,0.935624,24.222180,-0.168900,0.826944,24.350020,-0.181740,0.444815,24.281090,-0.190820,0.059945,24.411740,-0.186110,0.008374,24.197990,-0.357220,0.823925,24.284000,-0.392760,0.425915,23.978440,-0.367820,0.203304,23.996940,-0.391780,0.059695
3182.000000,24.198950,-0.267110,0.937655,24.228910,-0.168660,0.828685,24.351600,-0.181320,0.444745,24.280880,-0.190880,0.060294,24.411540,-0.186090,0.008304,24.204840,-0.357010,0.826125,24.297190,-0.392900,0.429165,23.995490,-0.367530,0.201384,24.017350,-0.391520,0.058115
3183.000000,24.206010,-0.266750,0.939685,24.235600,-0.168440,0.830415,24.353060,-0.180870,0.444695,24.280690,-0.190910,0.060644,24.411350,-0.186070,0.008244,24.211690,-0.356820,0.828325,24.310250,-0.393040,0.432445,24.012730,-0.367270,0.199154,24.038120,-0.391300,0.056335
3184.000000,24.213070,-0.266420,0.941685,24.242260,-0.168250,0.832114,24.354400,-0.180410,0.444675,24.280510,-0.190920,0.061004,24.411160,-0.186040,0.008174,24.218550,-0.356650,0.830495,24.323160,-0.393180,0.435725,24.030160,-0.367030,0.196624,24.059210,-0.391120,0.054394
3185.000000,24.220120,-0.266120,0.943644,24.248880,-0.168080,0.833774,24.355660,-0.179920,0.444665,24.280370,-0.190900,0.061364,24.410970,-0.186020,0.008115,24.225420,-0.356520,0.832624,24.335900,-0.393310,0.439015,24.047780,-0.366840,0.193845,24.080620,-0.391010,0.052325
3186.000000,24.227170,-0.265850,0.945565,24.255480,-0.167940,0.835395,24.356830,-0.179430,0.444675,24.280260,-0.190880,0.061724,24.410800,-0.185990,0.008054,24.232300,-0.356420,0.834705,24.348480,-0.393440,0.442295,24.065590,-0.366700,0.190814,24.102340,-0.390960,0.050145
3187.000000,24.234210,-0.265610,0.947404,24.262040,-0.167830,0.836965,24.357930,-0.178920,0.444705,24.280190,-0.190870,0.062084,24.410640,-0.185960,0.007984,24.239200,-0.356340,0.836724,24.360870,-0.393550,0.445545,24.083580,-0.366600,0.187564,24.124340,-0.390990,0.047894
3188.000000,24.241240,-0.265400,0.949184,24.268580,-0.167740,0.838475,24.358990,-0.178390,0.444735,24.280170,-0.190860,0.062445,24.410480,-0.185930,0.007925,24.246130,-0.356300,0.838674,24.373080,-0.393660,0.448755,24.101770,-0.366560,0.184135,24.146610,-0.391120,0.045604
3189.000000,24.248270,-0.265210,0.950865,24.275090,-0.167670,0.839915,24.360000,-0.177850,0.444785,24.280180,-0.190870,0.062804,24.410340,-0.185900,0.007855,24.253080,-0.356290,0.840545,24.385090,-0.393750,0.451914,24.120160,-0.366580,0.180525,24.169130,-0.391340,0.043305
3190.000000,24.255280,-0.265050,0.952454,24.281570,-0.167630,0.841264,24.360990,-0.177300,0.444835,24.280230,-0.190890,0.063174,24.410200,-0.185870,0.007784,24.260060,-0.356300,0.842325,24.396910,-0.393840,0.455005,24.138740,-0.366650,0.176775,24.191890,-0.391670,0.041015
3191.000000,24.262290,-0.264920,0.953935,24.288030,-0.167620,0.842535,24.361970,-0.176740,0.444875,24.280280,-0.190930,0.063524,24.410070,-0.185840,0.007715,24.267070,-0.356350,0.844005,24.408530,-0.393910,0.458015,24.157540,-0.366780,0.172874,24.214870,-0.392120,0.038765
3192.000000,24.269280,-0.264800,0.955295,24.294470,-0.167630,0.843695,24.362950,-0.176160,0.444915,24.280340,-0.190960,0.063884,24.409950,-0.185810,0.007644,24.274100,-0.356420,0.845565,24.419940,-0.393970,0.460925,24.176540,-0.366960,0.168874,24.238050,-0.392700,0.036564
3193.000000,24.276250,-0.264720,0.956535,24.300880,-0.167650,0.844745,24.363930,-0.175590,0.444945,24.280390,-0.190990,0.064224,24.409840,-0.185780,0.007564,24.281160,-0.356510,0.846994,24.431170,-0.394020,0.463734,24.195750,-0.367200,0.164774,24.261420,-0.393400,0.034454
3194.000000,24.283210,-0.264650,0.957635,24.307260,-0.167690,0.845674,24.364940,-0.175020,0.444955,24.280430,-0.191020,0.064554,24.409730,-0.185740,0.007494,24.288220,-0.356620,0.848284,24.442190,-0.394050,0.466415,24.215160,-0.367510,0.160595,24.284970,-0.394230,0.032434
3195.000000,24.290130,-0.264600,0.958595,24.313600,-0.167750,0.846484,24.365970,-0.174460,0.444955,24.280450,-0.191040,0.064864,24.409620,-0.185710,0.007415,24.295300,-0.356740,0.849434,24.453020,-0.394060,0.468975,24.234760,-0.367880,0.156364,24.308690,-0.395180,0.030545
3196.000000,24.297040,-0.264570,0.959425,24.319920,-0.167810,0.847155,24.367040,-0.173930,0.444935,24.280440,-0.191050,0.065174,24.409510,-0.185680,0.007344,24.302390,-0.356870,0.850434,24.463670,-0.394040,0.471375,24.254540,-0.368320,0.152105,24.332560,-0.396250,0.028784
3197.000000,24.303920,-0.264560,0.960105,24.326200,-0.167890,0.847695,24.368130,-0.173440,0.444895,24.280400,-0.191050,0.065454,24.409410,-0.185650,0.007264,24.309490,-0.357010,0.851275,24.474120,-0.393990,0.473614,24.274500,-0.368830,0.147824,24.356580,-0.397430,0.027185
3198.000000,24.310770,-0.264570,0.960635,24.332440,-0.167970,0.848105,24.369260,-0.173000,0.444835,24.280340,-0.191050,0.065734,24.409300,-0.185620,0.007184,24.316590,-0.357170,0.851955,24.484380,-0.393920,0.475665,24.294620,-0.369420,0.143555,24.380740,-0.398710,0.025774
3199.000000,24.317610,-0.264600,0.961025,24.338650,-0.168070,0.848375,24.370420,-0.172620,0.444754,24.280260,-0.191060,0.065984,24.409190,-0.185590,0.007104,24.323700,-0.357330,0.852484,24.494440,-0.393820,0.477525,24.314900,-0.370100,0.139314,24.405030,-0.400080,0.024564
3200.000000,24.324410,-0.264650,0.961275,24.344830,-0.168170,0.848504,24.371630,-0.172280,0.444665,24.280170,-0.191060,0.066234,24.409070,-0.185570,0.007024,24.330820,-0.357500,0.852855,24.504320,-0.393710,0.479155,24.335330,-0.370860,0.135114,24.429440,-0.401510,0.023595
3201.000000,24.331200,-0.264730,0.961384,24.350980,-0.168280,0.848504,24.372880,-0.171990,0.444534,24.280070,-0.191070,0.066464,24.408960,-0.185530,0.006934,24.337950,-0.357680,0.853065,24.514010,-0.393560,0.480575,24.355910,-0.371710,0.130964,24.453960,-0.402990,0.022884
3202.000000,24.337970,-0.264830,0.961365,24.357110,-0.168420,0.848375,24.374190,-0.171720,0.444375,24.279980,-0.191090,0.066674,24.408850,-0.185500,0.006844,24.345080,-0.357870,0.853125,24.523520,-0.393400,0.481745,24.376620,-0.372650,0.126894,24.478570,-0.404500,0.022465
3203.000000,24.344730,-0.264970,0.961214,24.363220,-0.168560,0.848135,24.375550,-0.171480,0.444175,24.279890,-0.191120,0.066884,24.408730,-0.185470,0.006744,24.352220,-0.358080,0.853035,24.532860,-0.393200,0.482685,24.397480,-0.373700,0.122914,24.503250,-0.406020,0.022344
3204.000000,24.351480,-0.265130,0.960935,24.369320,-0.168730,0.847765,24.376970,-0.171260,0.443935,24.279810,-0.191170,0.067084,24.408620,-0.185440,0.006644,24.359370,-0.358300,0.852805,24.542020,-0.392970,0.483384,24.418460,-0.374860,0.119054,24.527990,-0.407530,0.022544
3205.000000,24.358220,-0.265330,0.960535,24.375420,-0.168920,0.847305,24.378450,-0.171050,0.443665,24.279740,-0.191250,0.067274,24.408510,-0.185410,0.006534,24.366540,-0.358540,0.852445,24.551010,-0.392710,0.483825,24.439560,-0.376110,0.115334,24.552760,-0.409020,0.023095
3206.000000,24.364970,-0.265560,0.960014,24.381530,-0.169140,0.846735,24.380000,-0.170850,0.443345,24.279700,-0.191340,0.067454,24.408400,-0.185390,0.006424,24.373720,-0.358800,0.851944,24.559830,-0.392420,0.484025,24.460770,-0.377450,0.111784,24.577540,-0.410480,0.024015
3207.000000,24.371730,-0.265830,0.959395,24.387650,-0.169380,0.846075,24.381610,-0.170680,0.442985,24.279660,-0.191450,0.067644,24.408290,-0.185360,0.006314,24.380910,-0.359090,0.851325,24.568470,-0.392100,0.483975,24.482060,-0.378880,0.108444,24.602280,-0.411900,0.025315
3208.000000,24.378500,-0.266140,0.958665,24.393790,-0.169650,0.845334,24.383290,-0.170520,0.442605,24.279650,-0.191590,0.067824,24.408190,-0.185330,0.006194,24.388130,-0.359390,0.850595,24.576950,-0.391760,0.483675,24.503410,-0.380380,0.105334,24.626970,-0.413260,0.027005
3209.000000,24.385300,-0.266480,0.957835,24.399960,-0.169950,0.844525,24.385030,-0.170380,0.442185,24.279650,-0.191760,0.068004,24.408080,-0.185300,0.006084,24.395370,-0.359720,0.849754,24.585250,-0.391390,0.483135,24.524790,-0.381930,0.102504,24.651550,-0.414570,0.029104
3210.000000,24.392110,-0.266860,0.956915,24.406150,-0.170270,0.843635,24.386860,-0.170250,0.441735,24.279660,-0.191940,0.068194,24.407970,-0.185270,0.005965,24.402630,-0.360060,0.848805,24.593380,-0.391010,0.482355,24.546170,-0.383520,0.099964,24.676000,-0.415810,0.031635
3211.000000,24.398950,-0.267280,0.955915,24.412380,-0.170610,0.842695,24.388760,-0.170150,0.441254,24.279690,-0.192150,0.068384,24.407870,-0.185240,0.005854,24.409920,-0.360420,0.847765,24.601350,-0.390620,0.481355,24.567510,-0.385140,0.097744,24.700250,-0.416980,0.034584
3212.000000,24.405810,-0.267740,0.954825,24.418640,-0.170970,0.841704,24.390740,-0.170070,0.440765,24.279740,-0.192380,0.068584,24.407750,-0.185210,0.005744,24.417230,-0.360790,0.846635,24.609160,-0.390230,0.480135,24.588770,-0.386760,0.095864,24.724260,-0.418070,0.037964
3213.000000,24.412700,-0.268230,0.953674,24.424940,-0.171340,0.840654,24.392810,-0.170010,0.440245,24.279810,-0.192630,0.068794,24.407640,-0.185170,0.005625,24.424570,-0.361170,0.845425,24.616820,-0.389840,0.478715,24.609920,-0.388380,0.094334,24.747980,-0.419090,0.041774
3214.000000,24.419620,-0.268760,0.952445,24.431270,-0.171720,0.839565,24.394990,-0.169980,0.439704,24.279890,-0.192900,0.069014,24.407520,-0.185140,0.005504,24.431940,-0.361560,0.844135,24.624350,-0.389480,0.477114,24.630910,-0.389980,0.093164,24.771330,-0.420030,0.046004
3215.000000,24.426570,-0.269320,0.951155,24.437620,-0.172120,0.838425,24.397270,-0.169970,0.439145,24.280000,-0.193180,0.069244,24.407400,-0.185110,0.005384,24.439330,-0.361960,0.842785,24.631760,-0.389150,0.475355,24.651710,-0.391540,0.092364,24.794270,-0.420890,0.050605
3216.000000,24.433550,-0.269900,0.949805,24.444000,-0.172520,0.837245,24.399670,-0.169990,0.438575,24.280130,-0.193470,0.069484,24.407280,-0.185080,0.005254,24.446740,-0.362350,0.841365,24.639070,-0.388870,0.473455,24.672260,-0.393050,0.091914,24.816720,-0.421660,0.055565
3217.000000,24.440560,-0.270500,0.948395,24.450390,-0.172930,0.836014,24.402200,-0.170050,0.437975,24.280300,-0.193780,0.069734,24.407170,-0.185060,0.005124,24.454160,-0.362750,0.839894,24.646300,-0.388660,0.471445,24.692510,-0.394460,0.091814,24.838610,-0.422340,0.060815
3218.000000,24.447590,-0.271130,0.946935,24.456800,-0.173340,0.834755,24.404880,-0.170130,0.437365,24.280500,-0.194080,0.070014,24.407060,-0.185050,0.004984,24.461600,-0.363140,0.838384,24.653480,-0.388520,0.469355,24.712400,-0.395760,0.092054,24.859870,-0.422920,0.066284
3219.000000,24.454660,-0.271760,0.945425,24.463230,-0.173750,0.833445,24.407720,-0.170230,0.436725,24.280740,-0.194390,0.070294,24.406950,-0.185030,0.004844,24.469060,-0.363520,0.836824,24.660640,-0.388460,0.467205,24.731860,-0.396910,0.092585,24.880440,-0.423400,0.071914
3220.000000,24.461770,-0.272410,0.943875,24.469690,-0.174160,0.832105,24.410740,-0.170360,0.436065,24.281010,-0.194700,0.070604,24.406870,-0.185020,0.004704,24.476550,-0.363900,0.835225,24.667790,-0.388490,0.465045,24.750800,-0.397880,0.093374,24.900250,-0.423780,0.077614
3221.000000,24.468920,-0.273080,0.942284,24.476200,-0.174580,0.830715,24.413950,-0.170510,0.435374,24.281330,-0.194990,0.070934,24.406800,-0.185010,0.004554,24.484080,-0.364290,0.833585,24.674970,-0.388590,0.462904,24.769150,-0.398640,0.094364,24.919240,-0.424060,0.083264
3222.000000,24.476120,-0.273750,0.940665,24.482780,-0.175020,0.829295,24.417360,-0.170690,0.434654,24.281690,-0.195260,0.071294,24.406750,-0.184990,0.004394,24.491660,-0.364690,0.831915,24.682220,-0.388760,0.460794,24.786810,-0.399170,0.095504,24.937340,-0.424240,0.088774
3223.000000,24.483370,-0.274430,0.939005,24.489440,-0.175500,0.827825,24.421000,-0.170880,0.433895,24.282080,-0.195520,0.071684,24.406710,-0.184980,0.004234,24.499310,-0.365120,0.830214,24.689560,-0.388990,0.458765,24.803700,-0.399470,0.096694,24.954510,-0.424320,0.094014
3224.000000,24.490680,-0.275130,0.937325,24.496200,-0.176010,0.826325,24.424860,-0.171090,0.433094,24.282510,-0.195740,0.072104,24.406700,-0.184960,0.004074,24.507040,-0.365580,0.828495,24.697040,-0.389240,0.456845,24.819750,-0.399510,0.097874,24.970690,-0.424300,0.098874
3225.000000,24.498050,-0.275850,0.935624,24.503080,-0.176570,0.824765,24.428950,-0.171320,0.432245,24.282960,-0.195940,0.072575,24.406690,-0.184930,0.003904,24.514850,-0.366090,0.826744,24.704670,-0.389510,0.455035,24.834880,-0.399290,0.098954,24.985840,-0.424190,0.103244
3226.000000,24.505480,-0.276570,0.933914,24.510090,-0.177190,0.823175,24.433290,-0.171570,0.431355,24.283440,-0.196100,0.073104,24.406700,-0.184900,0.003734,24.522760,-0.366650,0.824995,24.712500,-0.389760,0.453375,24.849030,-0.398840,0.099834,24.999950,-0.423980,0.106994
3227.000000,24.512980,-0.277320,0.932204,24.517240,-0.177870,0.821545,24.437860,-0.171850,0.430415,24.283950,-0.196240,0.073684,24.406720,-0.184860,0.003564,24.530760,-0.367270,0.823234,24.720540,-0.389960,0.451875,24.862190,-0.398140,0.100454,25.012990,-0.423670,0.110044
3228.000000,24.520550,-0.278080,0.930495,24.524540,-0.178610,0.819875,24.442670,-0.172150,0.429434,24.284480,-0.196340,0.074344,24.406730,-0.184820,0.003394,24.538860,-0.367960,0.821485,24.728810,-0.390110,0.450545,24.874320,-0.397220,0.100734,25.024960,-0.423230,0.112284
3229.000000,24.528190,-0.278850,0.928794,24.532000,-0.179420,0.818175,24.447710,-0.172490,0.428405,24.285050,-0.196410,0.075084,24.406750,-0.184780,0.003214,24.547060,-0.368710,0.819765,24.737310,-0.390170,0.449385,24.885430,-0.396100,0.100644,25.035870,-0.422670,0.113664
3230.000000,24.535890,-0.279640,0.927115,24.539610,-0.180300,0.816454,24.452990,-0.172870,0.427335,24.285670,-0.196450,0.075924,24.406760,-0.184750,0.003034,24.555350,-0.369530,0.818064,24.746030,-0.390150,0.448405,24.895560,-0.394790,0.100144,25.045750,-0.421960,0.114134
3231.000000,24.543670,-0.280450,0.925465,24.547360,-0.181240,0.814725,24.458500,-0.173290,0.426225,24.286340,-0.196460,0.076854,24.406770,-0.184720,0.002854,24.563720,-0.370420,0.816404,24.754970,-0.390040,0.447595,24.904750,-0.393320,0.099244,25.054640,-0.421120,0.113664
3232.000000,24.551510,-0.281270,0.923855,24.555230,-0.182240,0.813005,24.464250,-0.173730,0.425075,24.287080,-0.196450,0.077904,24.406780,-0.184690,0.002664,24.572160,-0.371370,0.814814,24.764100,-0.389820,0.446935,24.913040,-0.391710,0.097944,25.062610,-0.420110,0.112274
3233.000000,24.559420,-0.282110,0.922304,24.563200,-0.183290,0.811304,24.470240,-0.174210,0.423895,24.287900,-0.196410,0.079084,24.406790,-0.184680,0.002475,24.580650,-0.372380,0.813295,24.773370,-0.389530,0.446415,24.920510,-0.389980,0.096304,25.069740,-0.418950,0.110004
3234.000000,24.567390,-0.282960,0.920805,24.571260,-0.184400,0.809635,24.476470,-0.174720,0.422685,24.288830,-0.196360,0.080394,24.406790,-0.184680,0.002284,24.589180,-0.373430,0.811875,24.782750,-0.389150,0.446005,24.927220,-0.388170,0.094354,25.076120,-0.417630,0.106904
3235.000000,24.575440,-0.283830,0.919374,24.579380,-0.185540,0.808014,24.482970,-0.175230,0.421455,24.289870,-0.196290,0.081844,24.406790,-0.184680,0.002074,24.597750,-0.374530,0.810565,24.792180,-0.388720,0.445675,24.933250,-0.386300,0.092164,25.081840,-0.416160,0.103084
3236.000000,24.583560,-0.284710,0.918025,24.587580,-0.186720,0.806445,24.489730,-0.175750,0.420195,24.291070,-0.196190,0.083464,24.406790,-0.184700,0.001864,24.606330,-0.375670,0.809365,24.801620,-0.388260,0.445415,24.938680,-0.384410,0.089824,25.087010,-0.414550,0.098634
3237.000000,24.591750,-0.285600,0.916745,24.595840,-0.187920,0.804955,24.496780,-0.176280,0.418925,24.292440,-0.196080,0.085244,24.406800,-0.184710,0.001654,24.614940,-0.376830,0.808285,24.811010,-0.387780,0.445205,24.943640,-0.382550,0.087394,25.091720,-0.412830,0.093664
3238.000000,24.600020,-0.286500,0.915565,24.604150,-0.189140,0.803535,24.504130,-0.176790,0.417625,24.294010,-0.195950,0.087194,24.406800,-0.184740,0.001444,24.623570,-0.378000,0.807315,24.820320,-0.387330,0.445015,24.948210,-0.380780,0.084974,25.096050,-0.411060,0.088304
3239.000000,24.608340,-0.287400,0.914465,24.612530,-0.190350,0.802195,24.511810,-0.177290,0.416305,24.295830,-0.195800,0.089334,24.406800,-0.184760,0.001234,24.632190,-0.379170,0.806445,24.829520,-0.386920,0.444864,24.952510,-0.379150,0.082624,25.100060,-0.409270,0.082674
3240.000000,24.616730,-0.288300,0.913465,24.620950,-0.191540,0.800945,24.519820,-0.177770,0.414975,24.297920,-0.195640,0.091664,24.406800,-0.184780,0.001044,24.640820,-0.380330,0.805675,24.838590,-0.386580,0.444725,24.956610,-0.377720,0.080414,25.103800,-0.407530,0.076884
3241.000000,24.625160,-0.289180,0.912555,24.629400,-0.192700,0.799785,24.528190,-0.178240,0.413635,24.300320,-0.195450,0.094194,24.406800,-0.184810,0.000884,24.649430,-0.381470,0.805005,24.847530,-0.386340,0.444635,24.960550,-0.376540,0.078364,25.107280,-0.405900,0.071014
3242.000000,24.633630,-0.290050,0.911745,24.637890,-0.193830,0.798725,24.536940,-0.178680,0.412284,24.303060,-0.195260,0.096934,24.406800,-0.184830,0.000774,24.658020,-0.382570,0.804424,24.856360,-0.386200,0.444584,24.964350,-0.375630,0.076504,25.110510,-0.404430,0.065194
3243.000000,24.642130,-0.290900,0.911045,24.646380,-0.194910,0.797764,24.546080,-0.179090,0.410925,24.306170,-0.195050,0.099904,24.406810,-0.184850,0.000724,24.666570,-0.383630,0.803945,24.865090,-0.386200,0.444615,24.967970,-0.375000,0.074824,25.113480,-0.403150,0.059485
3244.000000,24.650630,-0.291720,0.910444,24.654880,-0.195940,0.796905,24.555630,-0.179470,0.409564,24.309700,-0.194840,0.103084,24.406840,-0.184880,0.000764,24.675080,-0.384650,0.803565,24.873740,-0.386320,0.444715,24.971360,-0.374640,0.073324,25.116180,-0.402100,0.053975
3245.000000,24.659140,-0.292510,0.909945,24.663370,-0.196930,0.796154,24.565610,-0.179810,0.408185,24.313670,-0.194640,0.106504,24.406890,-0.184920,0.000934,24.683540,-0.385620,0.803295,24.882360,-0.386580,0.444905,24.974500,-0.374520,0.071994,25.118610,-0.401300,0.048735
3246.000000,24.667620,-0.293280,0.909544,24.671830,-0.197890,0.795494,24.576030,-0.180120,0.406795,24.318100,-0.194440,0.110144,24.406990,-0.184970,0.001264,24.691940,-0.386560,0.803145,24.890960,-0.386960,0.445185,24.977350,-0.374610,0.070814,25.120770,-0.400730,0.043814
3247.000000,24.676080,-0.294010,0.909254,24.680260,-0.198810,0.794925,24.586900,-0.180390,0.405405,24.323040,-0.194260,0.114014,24.407190,-0.185030,0.001794,24.700270,-0.387470,0.803115,24.899560,-0.387460,0.445555,24.979890,-0.374860,0.069774,25.122660,-0.400370,0.039245
3248.000000,24.684500,-0.294720,0.909054,24.688650,-0.199710,0.794444,24.598220,-0.180610,0.403995,24.328480,-0.194090,0.118094,24.407510,-0.185120,0.002544,24.708520,-0.388360,0.803215,24.908150,-0.388050,0.445985,24.982140,-0.375210,0.068874,25.124290,-0.400210,0.035044
3249.000000,24.692870,-0.295420,0.908945,24.697010,-0.200610,0.794045,24.610000,-0.180790,0.402565,24.334440,-0.193940,0.122384,24.408010,-0.185210,0.003574,24.716710,-0.389240,0.803435,24.916730,-0.388700,0.446465,24.984110,-0.375620,0.068084,25.125680,-0.400190,0.031254
3250.000000,24.701190,-0.296090,0.908925,24.705360,-0.201520,0.793714,24.622220,-0.180910,0.401135,24.340910,-0.193800,0.126875,24.408750,-0.185330,0.004894,24.724840,-0.390140,0.803785,24.925250,-0.389410,0.446974,24.985810,-0.376040,0.067404,25.126840,-0.400290,0.027854
3251.000000,24.709460,-0.296770,0.908975,24.713690,-0.202450,0.793444,24.634860,-0.181000,0.399705,24.347870,-0.193660,0.131544,24.409780,-0.185460,0.006534,24.732920,-0.391070,0.804245,24.933660,-0.390130,0.447474,24.987280,-0.376420,0.066814,25.127790,-0.400460,0.024865
3252.000000,24.717680,-0.297450,0.909104,24.722040,-0.203440,0.793224,24.647900,-0.181050,0.398265,24.355320,-0.193520,0.136395,24.411160,-0.185600,0.008504,24.740960,-0.392030,0.804805,24.941920,-0.390860,0.447935,24.988520,-0.376730,0.066324,25.128570,-0.400660,0.022264
3253.000000,24.725840,-0.298150,0.909305,24.730390,-0.204470,0.793054,24.661310,-0.181090,0.396845,24.363240,-0.193380,0.141395,24.412950,-0.185760,0.010805,24.748980,-0.393040,0.805465,24.949950,-0.391570,0.448335,24.989590,-0.376950,0.065904,25.129200,-0.400870,0.020044
3254.000000,24.733950,-0.298870,0.909564,24.738750,-0.205560,0.792925,24.675020,-0.181130,0.395464,24.371610,-0.193240,0.146544,24.415220,-0.185930,0.013455,24.756970,-0.394110,0.806195,24.957710,-0.392250,0.448655,24.990510,-0.377060,0.065554,25.129690,-0.401060,0.018174
3255.000000,24.742000,-0.299610,0.909875,24.747090,-0.206700,0.792855,24.689000,-0.181190,0.394145,24.380440,-0.193100,0.151794,24.418020,-0.186120,0.016425,24.764920,-0.395230,0.806984,24.965130,-0.392890,0.448885,24.991320,-0.377060,0.065274,25.130070,-0.401220,0.016615
3256.000000,24.749980,-0.300390,0.910254,24.755410,-0.207890,0.792845,24.703190,-0.181280,0.392925,24.389720,-0.192960,0.157094,24.421440,-0.186330,0.019714,24.772850,-0.396390,0.807835,24.972190,-0.393470,0.449015,24.992050,-0.376950,0.065034,25.130360,-0.401350,0.015325
3257.000000,24.757910,-0.301200,0.910685,24.763670,-0.209120,0.792895,24.717540,-0.181400,0.391835,24.399470,-0.192850,0.162414,24.425550,-0.186580,0.023294,24.780740,-0.397580,0.808725,24.978860,-0.393990,0.449045,24.992740,-0.376760,0.064844,25.130560,-0.401420,0.014274
3258.000000,24.765760,-0.302050,0.911185,24.771870,-0.210380,0.793025,24.731990,-0.181580,0.390925,24.409660,-0.192760,0.167694,24.430450,-0.186860,0.027134,24.788590,-0.398800,0.809644,24.985130,-0.394460,0.448995,24.993400,-0.376490,0.064684,25.130690,-0.401460,0.013414
3259.000000,24.773550,-0.302930,0.911745,24.780000,-0.211650,0.793235,24.746490,-0.181810,0.390225,24.420310,-0.192700,0.172874,24.436230,-0.187190,0.031195,24.796400,-0.400030,0.810605,24.991000,-0.394870,0.448875,24.994050,-0.376190,0.064544,25.130770,-0.401460,0.012715
3260.000000,24.781280,-0.303840,0.912374,24.788040,-0.212920,0.793544,24.761000,-0.182090,0.389775,24.431380,-0.192680,0.177934,24.442960,-0.187560,0.035395,24.804160,-0.401260,0.811574,24.996490,-0.395240,0.448694,24.994700,-0.375850,0.064414,25.130800,-0.401430,0.012144
3261.000000,24.788940,-0.304760,0.913084,24.795990,-0.214170,0.793965,24.775490,-0.182410,0.389595,24.442880,-0.192700,0.182814,24.450740,-0.187970,0.039664,24.811880,-0.402480,0.812585,25.001610,-0.395580,0.448474,24.995340,-0.375520,0.064304,25.130790,-0.401390,0.011675
3262.000000,24.796530,-0.305690,0.913875,24.803840,-0.215400,0.794494,24.789920,-0.182750,0.389715,24.454770,-0.192770,0.187474,24.459600,-0.188420,0.043924,24.819560,-0.403670,0.813624,25.006400,-0.395890,0.448225,24.995950,-0.375200,0.064194,25.130740,-0.401340,0.011294
3263.000000,24.804070,-0.306620,0.914764,24.811600,-0.216590,0.795145,24.804280,-0.183120,0.390155,24.467060,-0.192890,0.191875,24.469580,-0.188900,0.048085,24.827200,-0.404830,0.814705,25.010890,-0.396180,0.447974,24.996520,-0.374920,0.064094,25.130660,-0.401280,0.010985
3264.000000,24.811560,-0.307540,0.915735,24.819290,-0.217730,0.795925,24.818550,-0.183490,0.390905,24.479720,-0.193070,0.195964,24.480650,-0.189410,0.052075,24.834800,-0.405940,0.815825,25.015090,-0.396480,0.447705,24.997050,-0.374670,0.064004,25.130560,-0.401230,0.010725
3265.000000,24.819000,-0.308430,0.916814,24.826900,-0.218820,0.796835,24.832740,-0.183860,0.391975,24.492760,-0.193290,0.199694,24.492770,-0.189940,0.055815,24.842370,-0.407010,0.816995,25.019020,-0.396780,0.447455,24.997510,-0.374480,0.063934,25.130430,-0.401180,0.010504
3266.000000,24.826390,-0.309300,0.917995,24.834460,-0.219850,0.797875,24.846850,-0.184230,0.393325,24.506150,-0.193560,0.203024,24.505880,-0.190480,0.059235,24.849900,-0.408020,0.818225,25.022710,-0.397100,0.447205,24.997920,-0.374350,0.063884,25.130280,-0.401150,0.010315
3267.000000,24.833730,-0.310120,0.919274,24.841970,-0.220810,0.799045,24.860890,-0.184580,0.394964,24.519900,-0.193880,0.205924,24.519870,-0.191030,0.062284,24.857400,-0.408970,0.819515,25.026160,-0.397450,0.446974,24.998250,-0.374280,0.063854,25.130120,-0.401120,0.010155
3268.000000,24.841050,-0.310910,0.920655,24.849460,-0.221700,0.800335,24.874860,-0.184910,0.396845,24.533990,-0.194230,0.208364,24.534660,-0.191570,0.064904,24.864870,-0.409860,0.820864,25.029390,-0.397820,0.446765,24.998510,-0.374260,0.063854,25.129940,-0.401110,0.010014
3269.000000,24.848330,-0.311650,0.922134,24.856930,-0.222530,0.801744,24.888790,-0.185220,0.398945,24.548410,-0.194620,0.210344,24.550160,-0.192100,0.067084,24.872310,-0.410690,0.822265,25.032390,-0.398230,0.446575,24.998710,-0.374310,0.063874,25.129750,-0.401120,0.009885
3270.000000,24.855580,-0.312340,0.923705,24.864390,-0.223290,0.803275,24.902670,-0.185520,0.401255,24.563150,-0.195050,0.211864,24.566300,-0.192610,0.068804,24.879720,-0.411460,0.823724,25.035170,-0.398680,0.446405,24.998820,-0.374400,0.063934,25.129540,-0.401140,0.009774
3271.000000,24.862820,-0.313000,0.925365,24.871850,-0.224000,0.804914,24.916510,-0.185790,0.403725,24.578180,-0.195500,0.212934,24.583020,-0.193080,0.070054,24.887110,-0.412190,0.825245,25.037750,-0.399150,0.446265,24.998870,-0.374530,0.064024,25.129340,-0.401170,0.009674
3272.000000,24.870040,-0.313610,0.927095,24.879290,-0.224650,0.806644,24.930310,-0.186040,0.406355,24.593470,-0.195990,0.213564,24.600250,-0.193500,0.070854,24.894450,-0.412860,0.826815,25.040120,-0.399640,0.446135,24.998840,-0.374700,0.064144,25.129120,-0.401220,0.009584
3273.000000,24.877250,-0.314200,0.928895,24.886710,-0.225240,0.808465,24.944060,-0.186280,0.409105,24.609020,-0.196530,0.213784,24.617980,-0.193870,0.071215,24.901740,-0.413480,0.828445,25.042310,-0.400150,0.446045,24.998740,-0.374880,0.064304,25.128910,-0.401270,0.009494
3274.000000,24.884440,-0.314760,0.930755,24.894090,-0.225770,0.810365,24.957740,-0.186510,0.411985,24.624800,-0.197100,0.213605,24.636170,-0.194180,0.071164,24.908980,-0.414050,0.830114,25.044320,-0.400660,0.445974,24.998590,-0.375070,0.064504,25.128690,-0.401320,0.009414
3275.000000,24.891630,-0.315290,0.932644,24.901410,-0.226250,0.812325,24.971340,-0.186730,0.414955,24.640790,-0.197700,0.213044,24.654790,-0.194420,0.070744,24.916130,-0.414570,0.831824,25.046160,-0.401160,0.445935,24.998380,-0.375270,0.064724,25.128480,-0.401390,0.009334
3276.000000,24.898800,-0.315810,0.934574,24.908680,-0.226670,0.814335,24.984850,-0.186940,0.418005,24.656970,-0.198340,0.212124,24.673840,-0.194610,0.069974,24.923200,-0.415040,0.833554,25.047870,-0.401640,0.445925,24.998130,-0.375470,0.064974,25.128270,-0.401450,0.009264
3277.000000,24.905960,-0.316310,0.936505,24.915880,-0.227040,0.816375,24.998260,-0.187160,0.421125,24.673340,-0.198990,0.210855,24.693300,-0.194730,0.068904,24.930190,-0.415450,0.835284,25.049450,-0.402090,0.445935,24.997850,-0.375660,0.065254,25.128070,-0.401520,0.009184
3278.000000,24.913120,-0.316800,0.938445,24.923040,-0.227360,0.818435,25.011550,-0.187380,0.424305,24.689880,-0.199640,0.209244,24.713150,-0.194790,0.067554,24.937100,-0.415820,0.837005,25.050910,-0.402510,0.445974,24.997560,-0.375840,0.065544,25.127860,-0.401580,0.009104
3279.000000,24.920260,-0.317280,0.940365,24.930150,-0.227640,0.820504,25.024720,-0.187590,0.427515,24.706580,-0.200290,0.207335,24.733370,-0.194790,0.065964,24.943940,-0.416160,0.838705,25.052280,-0.402890,0.446025,24.997270,-0.376010,0.065854,25.127670,-0.401650,0.009024
3280.000000,24.927390,-0.317760,0.942254,24.937230,-0.227870,0.822554,25.037760,-0.187810,0.430745,24.723450,-0.200910,0.205115,24.753960,-0.194710,0.064164,24.950710,-0.416450,0.840355,25.053550,-0.403230,0.446084,24.996990,-0.376170,0.066174,25.127470,-0.401710,0.008945
3281.000000,24.934510,-0.318240,0.944105,24.944280,-0.228070,0.824585,25.050660,-0.188020,0.433984,24.740490,-0.201490,0.202615,24.774880,-0.194570,0.062195,24.957430,-0.416710,0.841944,25.054760,-0.403540,0.446165,24.996740,-0.376310,0.066504,25.127280,-0.401760,0.008854
3282.000000,24.941620,-0.318710,0.945894,24.951320,-0.228240,0.826554,25.063420,-0.188240,0.437215,24.757690,-0.202030,0.199824,24.796140,-0.194340,0.060085,24.964100,-0.416950,0.843475,25.055920,-0.403820,0.446245,24.996510,-0.376430,0.066834,25.127100,-0.401810,0.008764
3283.000000,24.948720,-0.319180,0.947615,24.958360,-0.228390,0.828465,25.076030,-0.188450,0.440435,24.775080,-0.202510,0.196774,24.817710,-0.194040,0.057865,24.970730,-0.417160,0.844924,25.057030,-0.404070,0.446335,24.996310,-0.376540,0.067154,25.126920,-0.401850,0.008664
3284.000000,24.955790,-0.319640,0.949265,24.965400,-0.228510,0.830305,25.088490,-0.188670,0.443615,24.792670,-0.202920,0.193434,24.839590,-0.193660,0.055554,24.977330,-0.417360,0.846284,25.058120,-0.404290,0.446425,24.996150,-0.376620,0.067474,25.126740,-0.401880,0.008564
3285.000000,24.962840,-0.320090,0.950825,24.972440,-0.228620,0.832055,25.100790,-0.188880,0.446745,24.810490,-0.203250,0.189834,24.861750,-0.193190,0.053194,24.983910,-0.417530,0.847554,25.059210,-0.404490,0.446535,24.996020,-0.376700,0.067784,25.126570,-0.401900,0.008455
3286.000000,24.969880,-0.320530,0.952284,24.979500,-0.228710,0.833705,25.112920,-0.189100,0.449825,24.828540,-0.203510,0.185984,24.884200,-0.192650,0.050814,24.990470,-0.417690,0.848715,25.060300,-0.404670,0.446635,24.995930,-0.376750,0.068094,25.126400,-0.401910,0.008355
3287.000000,24.976890,-0.320960,0.953645,24.986560,-0.228790,0.835245,25.124880,-0.189330,0.452825,24.846840,-0.203680,0.181894,24.906900,-0.192030,0.048434,24.997010,-0.417840,0.849774,25.061390,-0.404840,0.446745,24.995860,-0.376800,0.068384,25.126240,-0.401910,0.008244
3288.000000,24.983880,-0.321370,0.954885,24.993630,-0.228850,0.836674,25.136660,-0.189560,0.455744,24.865390,-0.203780,0.177614,24.929860,-0.191330,0.046095,25.003540,-0.417970,0.850704,25.062500,-0.404990,0.446855,24.995830,-0.376840,0.068674,25.126080,-0.401910,0.008134
3289.000000,24.990850,-0.321760,0.956005,25.000710,-0.228900,0.837975,25.148270,-0.189810,0.458574,24.884180,-0.203820,0.173164,24.953050,-0.190570,0.043805,25.010060,-0.418080,0.851525,25.063630,-0.405140,0.446965,24.995820,-0.376870,0.068944,25.125930,-0.401900,0.008025
3290.000000,24.997790,-0.322130,0.957005,25.007790,-0.228940,0.839155,25.159680,-0.190060,0.461294,24.903220,-0.203800,0.168584,24.976460,-0.189730,0.041605,25.016560,-0.418180,0.852214,25.064770,-0.405290,0.447065,24.995830,-0.376910,0.069214,25.125780,-0.401900,0.007914
3291.000000,25.004710,-0.322470,0.957885,25.014870,-0.228970,0.840205,25.170900,-0.190340,0.463895,24.922520,-0.203730,0.163875,25.000080,-0.188830,0.039515,25.023050,-0.418270,0.852774,25.065940,-0.405430,0.447155,24.995860,-0.376940,0.069464,25.125640,-0.401890,0.007794
3292.000000,25.011610,-0.322790,0.958624,25.021950,-0.228980,0.841125,25.181930,-0.190630,0.466365,24.942090,-0.203620,0.159074,25.023900,-0.187880,0.037545,25.029520,-0.418340,0.853214,25.067140,-0.405560,0.447215,24.995910,-0.376970,0.069714,25.125500,-0.401880,0.007684
3293.000000,25.018490,-0.323090,0.959234,25.029030,-0.228980,0.841894,25.192750,-0.190950,0.468705,24.961950,-0.203460,0.154194,25.047900,-0.186860,0.035724,25.035960,-0.418390,0.853525,25.068370,-0.405700,0.447254,24.995960,-0.377000,0.069944,25.125370,-0.401870,0.007574
3294.000000,25.025350,-0.323360,0.959715,25.036090,-0.228970,0.842545,25.203370,-0.191270,0.470905,24.982110,-0.203270,0.149254,25.072070,-0.185800,0.034064,25.042390,-0.418430,0.853704,25.069630,-0.405840,0.447265,24.996020,-0.377030,0.070164,25.125240,-0.401870,0.007455
3295.000000,25.032200,-0.323600,0.960055,25.043150,-0.228940,0.843044,25.213780,-0.191620,0.472945,25.002590,-0.203050,0.144284,25.096390,-0.184700,0.032594,25.048790,-0.418450,0.853765,25.070920,-0.405980,0.447235,24.996070,-0.377060,0.070384,25.125120,-0.401860,0.007344
3296.000000,25.039030,-0.323810,0.960275,25.050200,-0.228900,0.843415,25.223990,-0.191990,0.474825,25.023380,-0.202810,0.139314,25.120850,-0.183560,0.031344,25.055170,-0.418450,0.853704,25.072250,-0.406110,0.447185,24.996110,-0.377090,0.070594,25.124990,-0.401860,0.007224
3297.000000,25.045850,-0.323990,0.960365,25.057240,-0.228850,0.843654,25.234010,-0.192380,0.476535,25.044470,-0.202550,0.134395,25.145440,-0.182390,0.030315,25.061530,-0.418440,0.853545,25.073620,-0.406250,0.447095,24.996140,-0.377110,0.070794,25.124870,-0.401860,0.007104
3298.000000,25.052680,-0.324130,0.960345,25.064280,-0.228800,0.843755,25.243830,-0.192790,0.478065,25.065850,-0.202280,0.129554,25.170140,-0.181210,0.029545,25.067880,-0.418420,0.853285,25.075010,-0.406400,0.446985,24.996140,-0.377120,0.070984,25.124740,-0.401850,0.006984
3299.000000,25.059500,-0.324250,0.960205,25.071330,-0.228740,0.843735,25.253470,-0.193230,0.479395,25.087460,-0.202020,0.124855,25.194920,-0.180030,0.029054,25.074220,-0.418390,0.852935,25.076440,-0.406550,0.446845,24.996140,-0.377120,0.071174,25.124610,-0.401850,0.006854
3300.000000,25.066330,-0.324330,0.959955,25.078370,-0.228670,0.843585,25.262910,-0.193700,0.480535,25.109250,-0.201740,0.120334,25.219780,-0.178850,0.028865,25.080560,-0.418340,0.852504,25.077900,-0.406710,0.446675,24.996110,-0.377110,0.071364,25.124480,-0.401860,0.006735
3301.000000,25.073170,-0.324380,0.959595,25.085430,-0.228600,0.843314,25.272170,-0.194190,0.481455,25.131190,-0.201460,0.116024,25.244680,-0.177710,0.029005,25.086920,-0.418290,0.852005,25.079400,-0.406860,0.446485,24.996080,-0.377090,0.071554,25.124350,-0.401870,0.006605
3302.000000,25.080020,-0.324390,0.959145,25.092500,-0.228520,0.842935,25.281220,-0.194710,0.482145,25.153200,-0.201150,0.111964,25.269610,-0.176620,0.029494,25.093290,-0.418230,0.851434,25.080940,-0.407030,0.446265,24.996050,-0.377060,0.071754,25.124220,-0.401890,0.006484
3303.000000,25.086890,-0.324360,0.958604,25.099600,-0.228430,0.842445,25.290060,-0.195240,0.482615,25.175260,-0.200810,0.108164,25.294530,-0.175590,0.030354,25.099690,-0.418150,0.850785,25.082530,-0.407180,0.446025,24.996010,-0.377020,0.071954,25.124080,-0.401920,0.006374
3304.000000,25.093770,-0.324300,0.957964,25.106710,-0.228330,0.841844,25.298690,-0.195790,0.482845,25.197330,-0.200420,0.104654,25.319420,-0.174650,0.031605,25.106120,-0.418050,0.850055,25.084180,-0.407340,0.445754,24.995970,-0.376960,0.072164,25.123950,-0.401970,0.006265
3305.000000,25.100680,-0.324200,0.957234,25.113860,-0.228210,0.841155,25.307110,-0.196340,0.482845,25.219380,-0.199990,0.101434,25.344230,-0.173800,0.033274,25.112580,-0.417930,0.849245,25.085890,-0.407480,0.445465,24.995950,-0.376880,0.072384,25.123810,-0.402030,0.006174
3306.000000,25.107610,-0.324070,0.956425,25.121030,-0.228070,0.840365,25.315330,-0.196880,0.482615,25.241400,-0.199520,0.098534,25.368940,-0.173080,0.035375,25.119080,-0.417790,0.848364,25.087670,-0.407590,0.445144,24.995940,-0.376800,0.072614,25.123680,-0.402100,0.006074
3307.000000,25.114560,-0.323900,0.955545,25.128220,-0.227920,0.839484,25.323340,-0.197410,0.482155,25.263350,-0.199020,0.095964,25.393480,-0.172480,0.037914,25.125620,-0.417630,0.847405,25.089520,-0.407680,0.444815,24.995940,-0.376700,0.072854,25.123560,-0.402170,0.005974
3308.000000,25.121540,-0.323710,0.954574,25.135450,-0.227750,0.838525,25.331150,-0.197920,0.481485,25.285230,-0.198500,0.093734,25.417810,-0.172020,0.040884,25.132220,-0.417460,0.846375,25.091470,-0.407730,0.444465,24.995950,-0.376590,0.073114,25.123440,-0.402250,0.005884
3309.000000,25.128550,-0.323490,0.953535,25.142710,-0.227570,0.837485,25.338770,-0.198400,0.480615,25.306980,-0.197970,0.091874,25.441870,-0.171710,0.044305,25.138860,-0.417270,0.845264,25.093520,-0.407740,0.444095,24.995980,-0.376470,0.073374,25.123330,-0.402330,0.005774
3310.000000,25.135590,-0.323250,0.952425,25.150000,-0.227380,0.836355,25.346210,-0.198850,0.479554,25.328580,-0.197440,0.090384,25.465600,-0.171550,0.048144,25.145540,-0.417060,0.844094,25.095690,-0.407690,0.443715,24.996030,-0.376340,0.073644,25.123230,-0.402410,0.005654
3311.000000,25.142650,-0.322990,0.951245,25.157320,-0.227180,0.835155,25.353500,-0.199270,0.478315,25.349980,-0.196940,0.089274,25.488920,-0.171540,0.052385,25.152270,-0.416850,0.842865,25.098000,-0.407600,0.443325,24.996110,-0.376190,0.073914,25.123140,-0.402480,0.005524
3312.000000,25.149740,-0.322710,0.950005,25.164660,-0.226980,0.833885,25.360640,-0.199650,0.476925,25.371110,-0.196490,0.088554,25.511770,-0.171690,0.056985,25.159040,-0.416630,0.841575,25.100470,-0.407470,0.442905,24.996210,-0.376040,0.074204,25.123060,-0.402550,0.005384
3313.000000,25.156860,-0.322420,0.948705,25.172040,-0.226770,0.832535,25.367670,-0.199980,0.475394,25.391900,-0.196110,0.088214,25.534070,-0.171990,0.061894,25.165840,-0.416410,0.840234,25.103130,-0.407310,0.442455,24.996330,-0.375890,0.074504,25.122980,-0.402610,0.005234
3314.000000,25.164010,-0.322120,0.947354,25.179460,-0.226560,0.831125,25.374610,-0.200280,0.473765,25.412280,-0.195830,0.088224,25.555750,-0.172450,0.067034,25.172690,-0.416180,0.838844,25.105990,-0.407120,0.441985,24.996490,-0.375730,0.074814,25.122900,-0.402660,0.005064
3315.000000,25.171180,-0.321800,0.945944,25.186910,-0.226350,0.829674,25.381500,-0.200530,0.472045,25.432150,-0.195670,0.088564,25.576740,-0.173070,0.072344,25.179580,-0.415940,0.837415,25.109080,-0.406930,0.441475,24.996680,-0.375570,0.075144,25.122840,-0.402710,0.004894
3316.000000,25.178390,-0.321470,0.944504,25.194410,-0.226120,0.828164,25.388370,-0.200740,0.470275,25.451440,-0.195650,0.089174,25.596960,-0.173830,0.077724,25.186520,-0.415700,0.835955,25.112390,-0.406730,0.440935,24.996900,-0.375420,0.075494,25.122770,-0.402750,0.004704
3317.000000,25.185640,-0.321130,0.943025,25.201960,-0.225890,0.826624,25.395250,-0.200900,0.468475,25.470060,-0.195780,0.090024,25.616340,-0.174740,0.083084,25.193500,-0.415440,0.834475,25.115950,-0.406530,0.440355,24.997160,-0.375290,0.075874,25.122720,-0.402790,0.004514
3318.000000,25.192920,-0.320770,0.941515,25.209550,-0.225650,0.825055,25.402200,-0.201040,0.466675,25.487920,-0.196080,0.091014,25.634830,-0.175780,0.088304,25.200540,-0.415170,0.832964,25.119760,-0.406340,0.439735,24.997460,-0.375180,0.076284,25.122670,-0.402830,0.004324
3319.000000,25.200240,-0.320400,0.939975,25.217200,-0.225390,0.823465,25.409240,-0.201150,0.464895,25.504960,-0.196550,0.092094,25.652360,-0.176950,0.093284,25.207620,-0.414880,0.831445,25.123800,-0.406150,0.439075,24.997820,-0.375100,0.076734,25.122640,-0.402870,0.004114
3320.000000,25.207610,-0.320010,0.938415,25.224900,-0.225120,0.821855,25.416410,-0.201250,0.463165,25.521100,-0.197210,0.093174,25.668870,-0.178230,0.097894,25.214750,-0.414580,0.829905,25.128080,-0.405960,0.438375,24.998240,-0.375040,0.077224,25.122610,-0.402920,0.003914
3321.000000,25.215020,-0.319610,0.936844,25.232650,-0.224830,0.820234,25.423760,-0.201360,0.461514,25.536280,-0.198060,0.094164,25.684340,-0.179620,0.102035,25.221930,-0.414250,0.828365,25.132580,-0.405770,0.437645,24.998710,-0.375020,0.077754,25.122590,-0.402960,0.003704
3322.000000,25.222470,-0.319180,0.935254,25.240460,-0.224520,0.818624,25.431300,-0.201500,0.459955,25.550470,-0.199120,0.094994,25.698720,-0.181120,0.105584,25.229160,-0.413900,0.826825,25.137310,-0.405590,0.436874,24.999250,-0.375030,0.078334,25.122580,-0.403010,0.003504
3323.000000,25.229980,-0.318730,0.933665,25.248320,-0.224170,0.817014,25.439060,-0.201690,0.458495,25.563620,-0.200360,0.095584,25.712000,-0.182720,0.108464,25.236450,-0.413520,0.825275,25.142260,-0.405410,0.436075,24.999840,-0.375070,0.078984,25.122580,-0.403070,0.003294
3324.000000,25.237550,-0.318260,0.932075,25.256240,-0.223790,0.815424,25.447060,-0.201950,0.457165,25.575720,-0.201790,0.095864,25.724160,-0.184410,0.110574,25.243800,-0.413100,0.823724,25.147420,-0.405230,0.435235,25.000490,-0.375140,0.079694,25.122590,-0.403140,0.003084
3325.000000,25.245170,-0.317760,0.930495,25.264230,-0.223370,0.813864,25.455290,-0.202290,0.455975,25.586780,-0.203380,0.095774,25.735220,-0.186210,0.111844,25.251220,-0.412640,0.822175,25.152780,-0.405050,0.434365,25.001210,-0.375250,0.080494,25.122610,-0.403210,0.002864
3326.000000,25.252860,-0.317230,0.928914,25.272270,-0.222900,0.812335,25.463770,-0.202730,0.454914,25.596800,-0.205100,0.095294,25.745200,-0.188110,0.112234,25.258720,-0.412130,0.820624,25.158360,-0.404870,0.433455,25.001990,-0.375390,0.081364,25.122640,-0.403300,0.002654
3327.000000,25.260620,-0.316670,0.927365,25.280390,-0.222360,0.810855,25.472470,-0.203270,0.454005,25.605830,-0.206920,0.094394,25.754160,-0.190130,0.111714,25.266320,-0.411560,0.819084,25.164150,-0.404690,0.432495,25.002830,-0.375560,0.082334,25.122680,-0.403400,0.002435
3328.000000,25.268450,-0.316070,0.925835,25.288580,-0.221760,0.809424,25.481370,-0.203920,0.453235,25.613920,-0.208830,0.093094,25.762140,-0.192260,0.110304,25.274010,-0.410930,0.817535,25.170160,-0.404510,0.431505,25.003760,-0.375760,0.083414,25.122720,-0.403520,0.002204
3329.000000,25.276360,-0.315430,0.924345,25.296840,-0.221090,0.808055,25.490440,-0.204660,0.452585,25.621120,-0.210780,0.091414,25.769220,-0.194500,0.108024,25.281820,-0.410220,0.816005,25.176410,-0.404340,0.430465,25.004760,-0.376000,0.084604,25.122780,-0.403660,0.001974
3330.000000,25.284360,-0.314750,0.922895,25.305170,-0.220340,0.806764,25.499630,-0.205490,0.452035,25.627530,-0.212740,0.089414,25.775510,-0.196840,0.104934,25.289730,-0.409450,0.814485,25.182900,-0.404170,0.429385,25.005860,-0.376280,0.085934,25.122840,-0.403810,0.001724
3331.000000,25.292420,-0.314050,0.921494,25.313570,-0.219520,0.805555,25.508890,-0.206390,0.451584,25.633230,-0.214680,0.087164,25.781080,-0.199250,0.101124,25.297760,-0.408610,0.812984,25.189660,-0.404000,0.428255,25.007080,-0.376590,0.087404,25.122910,-0.403980,0.001474
3332.000000,25.300570,-0.313310,0.920154,25.322030,-0.218620,0.804424,25.518190,-0.207330,0.451194,25.638350,-0.216560,0.084754,25.786040,-0.201700,0.096704,25.305890,-0.407700,0.811515,25.196700,-0.403860,0.427085,25.008440,-0.376940,0.089034,25.123000,-0.404160,0.001204
3333.000000,25.308780,-0.312540,0.918875,25.330520,-0.217670,0.803385,25.527460,-0.208290,0.450855,25.642990,-0.218320,0.082254,25.790490,-0.204140,0.091794,25.314120,-0.406730,0.810084,25.204050,-0.403730,0.425865,25.009960,-0.377330,0.090844,25.123100,-0.404350,0.000924
3334.000000,25.317060,-0.311760,0.917685,25.339050,-0.216660,0.802445,25.536670,-0.209230,0.450545,25.647270,-0.219920,0.079764,25.794520,-0.206510,0.086504,25.322440,-0.405720,0.808715,25.211730,-0.403620,0.424615,25.011680,-0.377750,0.092854,25.123210,-0.404540,0.000634
3335.000000,25.325390,-0.310970,0.916565,25.347600,-0.215610,0.801605,25.545800,-0.210120,0.450265,25.651300,-0.221320,0.077344,25.798200,-0.208750,0.080964,25.330840,-0.404670,0.807415,25.219760,-0.403540,0.423315,25.013640,-0.378210,0.095064,25.123350,-0.404720,0.000334
3336.000000,25.333760,-0.310170,0.915544,25.356160,-0.214530,0.800855,25.554840,-0.210940,0.450015,25.655160,-0.222470,0.075054,25.801600,-0.210800,0.075264,25.339290,-0.403600,0.806204,25.228170,-0.403500,0.421994,25.015870,-0.378710,0.097494,25.123500,-0.404870,0.000034
3337.000000,25.342170,-0.309380,0.914625,25.364710,-0.213440,0.800225,25.563790,-0.211670,0.449795,25.658890,-0.223350,0.072924,25.804740,-0.212600,0.069504,25.347780,-0.402510,0.805084,25.237000,-0.403490,0.420625,25.018430,-0.379240,0.100154,25.123660,-0.405000,-0.000236
3338.000000,25.350590,-0.308600,0.913805,25.373250,-0.212340,0.799685,25.572670,-0.212280,0.449625,25.662520,-0.223960,0.070984,25.807650,-0.214120,0.063774,25.356310,-0.401430,0.804065,25.246240,-0.403540,0.419235,25.021370,-0.379800,0.103054,25.123830,-0.405090,-0.000466
3339.000000,25.359010,-0.307830,0.913095,25.381780,-0.211260,0.799265,25.581500,-0.212760,0.449505,25.666010,-0.224310,0.069234,25.810340,-0.215340,0.058155,25.364840,-0.400360,0.803154,25.255940,-0.403630,0.417815,25.024720,-0.380380,0.106194,25.124020,-0.405140,-0.000636
3340.000000,25.367440,-0.307080,0.912494,25.390300,-0.210190,0.798934,25.590320,-0.213090,0.449465,25.669320,-0.224440,0.067684,25.812800,-0.216260,0.052705,25.373390,-0.399300,0.802345,25.266110,-0.403790,0.416355,25.028540,-0.380990,0.109554,25.124230,-0.405150,-0.000696
3341.000000,25.375840,-0.306350,0.911984,25.398800,-0.209140,0.798714,25.599140,-0.213280,0.449495,25.672430,-0.224380,0.066314,25.815050,-0.216880,0.047504,25.381930,-0.398270,0.801644,25.276760,-0.404010,0.414865,25.032860,-0.381620,0.113154,25.124480,-0.405130,-0.000626
3342.000000,25.384220,-0.305640,0.911585,25.407290,-0.208120,0.798594,25.608000,-0.213320,0.449605,25.675290,-0.224180,0.065134,25.817070,-0.217260,0.042584,25.390460,-0.397250,0.801034,25.287890,-0.404300,0.413334,25.037720,-0.382250,0.116964,25.124790,-0.405060,-0.000366
3343.000000,25.392570,-0.304940,0.911274,25.415770,-0.207120,0.798565,25.616890,-0.213220,0.449795,25.677900,-0.223890,0.064114,25.818880,-0.217420,0.037995,25.398970,-0.396260,0.800515,25.299510,-0.404660,0.411765,25.043130,-0.382890,0.120965,25.125200,-0.404980,0.000104
3344.000000,25.400880,-0.304260,0.911054,25.424240,-0.206140,0.798635,25.625790,-0.212980,0.450035,25.680240,-0.223540,0.063244,25.820470,-0.217420,0.033754,25.407460,-0.395290,0.800075,25.311590,-0.405090,0.410145,25.049120,-0.383510,0.125155,25.125760,-0.404880,0.000844
3345.000000,25.409140,-0.303580,0.910915,25.432700,-0.205180,0.798785,25.634680,-0.212620,0.450295,25.682320,-0.223180,0.062504,25.821860,-0.217320,0.029885,25.415930,-0.394330,0.799705,25.324130,-0.405560,0.408475,25.055680,-0.384120,0.129494,25.126510,-0.404780,0.001884
3346.000000,25.417360,-0.302910,0.910845,25.441150,-0.204230,0.799005,25.643500,-0.212160,0.450565,25.684160,-0.222840,0.061864,25.823050,-0.217150,0.026404,25.424360,-0.393390,0.799395,25.337090,-0.406070,0.406775,25.062810,-0.384710,0.133974,25.127530,-0.404700,0.003254
3347.000000,25.425530,-0.302240,0.910834,25.449590,-0.203310,0.799285,25.652200,-0.211610,0.450815,25.685770,-0.222530,0.061315,25.824060,-0.216950,0.023315,25.432740,-0.392450,0.799154,25.350440,-0.406590,0.405035,25.070490,-0.385270,0.138574,25.128870,-0.404630,0.004974
3348.000000,25.433640,-0.301570,0.910875,25.458000,-0.202390,0.799625,25.660720,-0.211010,0.450995,25.687170,-0.222280,0.060824,25.824890,-0.216760,0.020605,25.441080,-0.391530,0.798964,25.364140,-0.407110,0.403295,25.078700,-0.385790,0.143264,25.130610,-0.404610,0.007064
3349.000000,25.441700,-0.300890,0.910975,25.466390,-0.201500,0.800015,25.669000,-0.210380,0.451105,25.688390,-0.222120,0.060385,25.825560,-0.216580,0.018295,25.449360,-0.390620,0.798835,25.378140,-0.407610,0.401575,25.087430,-0.386260,0.148044,25.132840,-0.404630,0.009524
3350.000000,25.449710,-0.300210,0.911125,25.474740,-0.200610,0.800445,25.676970,-0.209750,0.451115,25.689430,-0.222040,0.059994,25.826080,-0.216420,0.016335,25.457580,-0.389720,0.798764,25.392390,-0.408080,0.399895,25.096630,-0.386700,0.152874,25.135630,-0.404700,0.012355
3351.000000,25.457650,-0.299510,0.911315,25.483060,-0.199750,0.800905,25.684600,-0.209140,0.451024,25.690310,-0.222070,0.059655,25.826480,-0.216300,0.014715,25.465710,-0.388840,0.798764,25.406840,-0.408490,0.398315,25.106300,-0.387080,0.157744,25.139080,-0.404830,0.015534
3352.000000,25.465540,-0.298800,0.911544,25.491330,-0.198910,0.801405,25.691850,-0.208570,0.450825,25.691070,-0.222200,0.059364,25.826770,-0.216220,0.013395,25.473770,-0.387980,0.798825,25.421420,-0.408850,0.396865,25.116400,-0.387420,0.162634,25.143280,-0.405010,0.019034
3353.000000,25.473360,-0.298080,0.911845,25.499540,-0.198100,0.801945,25.698710,-0.208060,0.450515,25.691720,-0.222410,0.059125,25.826980,-0.216160,0.012324,25.481730,-0.387130,0.798975,25.436080,-0.409150,0.395625,25.126920,-0.387700,0.167505,25.148320,-0.405240,0.022835
3354.000000,25.481120,-0.297350,0.912195,25.507680,-0.197310,0.802515,25.705160,-0.207630,0.450125,25.692290,-0.222700,0.058934,25.827110,-0.216140,0.011464,25.489600,-0.386320,0.799215,25.450770,-0.409420,0.394625,25.137840,-0.387940,0.172324,25.154310,-0.405520,0.026855
3355.000000,25.488810,-0.296620,0.912605,25.515750,-0.196570,0.803125,25.711200,-0.207280,0.449665,25.692790,-0.223040,0.058784,25.827180,-0.216140,0.010794,25.497370,-0.385540,0.799555,25.465420,-0.409660,0.393925,25.149150,-0.388130,0.177074,25.161330,-0.405850,0.031045
3356.000000,25.496440,-0.295890,0.913095,25.523720,-0.195850,0.803794,25.716850,-0.207010,0.449145,25.693250,-0.223410,0.058684,25.827200,-0.216160,0.010254,25.505030,-0.384790,0.800005,25.479990,-0.409890,0.393574,25.160820,-0.388280,0.181704,25.169420,-0.406240,0.035294
3357.000000,25.504010,-0.295170,0.913675,25.531600,-0.195180,0.804515,25.722120,-0.206820,0.448605,25.693660,-0.223790,0.058625,25.827180,-0.216200,0.009824,25.512590,-0.384080,0.800585,25.494470,-0.410120,0.393595,25.172860,-0.388380,0.186174,25.178620,-0.406670,0.039535
3358.000000,25.511510,-0.294450,0.914355,25.539370,-0.194540,0.805315,25.727040,-0.206700,0.448045,25.694030,-0.224180,0.058595,25.827140,-0.216260,0.009484,25.520050,-0.383410,0.801304,25.508840,-0.410360,0.393995,25.185270,-0.388440,0.190424,25.188920,-0.407130,0.043654
3359.000000,25.518950,-0.293750,0.915135,25.547040,-0.193940,0.806195,25.731640,-0.206630,0.447495,25.694380,-0.224530,0.058604,25.827080,-0.216330,0.009205,25.527410,-0.382780,0.802154,25.523100,-0.410620,0.394765,25.198050,-0.388470,0.194384,25.200290,-0.407620,0.047554
3360.000000,25.526330,-0.293070,0.916025,25.554590,-0.193380,0.807154,25.735930,-0.206610,0.446955,25.694700,-0.224850,0.058634,25.826990,-0.216400,0.008974,25.534690,-0.382190,0.803154,25.537260,-0.410920,0.395885,25.211210,-0.388480,0.198004,25.212640,-0.408130,0.051185
3361.000000,25.533660,-0.292420,0.917045,25.562040,-0.192860,0.808215,25.739940,-0.206600,0.446435,25.694990,-0.225110,0.058695,25.826900,-0.216480,0.008775,25.541900,-0.381640,0.804315,25.551320,-0.411250,0.397345,25.224740,-0.388470,0.201214,25.225920,-0.408640,0.054444
3362.000000,25.540930,-0.291790,0.918185,25.569390,-0.192380,0.809365,25.743690,-0.206610,0.445955,25.695250,-0.225310,0.058775,25.826790,-0.216570,0.008615,25.549040,-0.381150,0.805624,25.565300,-0.411620,0.399095,25.238650,-0.388470,0.203964,25.240020,-0.409130,0.057305
3363.000000,25.548170,-0.291190,0.919444,25.576660,-0.191960,0.810605,25.747220,-0.206620,0.445515,25.695470,-0.225420,0.058865,25.826670,-0.216640,0.008464,25.556130,-0.380710,0.807075,25.579210,-0.412030,0.401115,25.252930,-0.388470,0.206225,25.254870,-0.409610,0.059725
3364.000000,25.555370,-0.290620,0.920835,25.583860,-0.191580,0.811945,25.750530,-0.206620,0.445115,25.695650,-0.225480,0.058975,25.826540,-0.216710,0.008324,25.563190,-0.380320,0.808675,25.593070,-0.412470,0.403375,25.267570,-0.388500,0.207984,25.270390,-0.410070,0.061695
3365.000000,25.562540,-0.290100,0.922335,25.591000,-0.191260,0.813365,25.753630,-0.206600,0.444765,25.695770,-0.225480,0.059095,25.826400,-0.216770,0.008204,25.570220,-0.379990,0.810395,25.606880,-0.412940,0.405815,25.282540,-0.388550,0.209244,25.286530,-0.410510,0.063204
3366.000000,25.569690,-0.289610,0.923945,25.598080,-0.190990,0.814855,25.756530,-0.206560,0.444465,25.695850,-0.225440,0.059235,25.826260,-0.216820,0.008095,25.577220,-0.379720,0.812234,25.620640,-0.413430,0.408425,25.297830,-0.388610,0.210004,25.303230,-0.410910,0.064264
3367.000000,25.576820,-0.289150,0.925644,25.605120,-0.190770,0.816404,25.759240,-0.206480,0.444205,25.695870,-0.225370,0.059394,25.826110,-0.216860,0.007994,25.584200,-0.379500,0.814175,25.634340,-0.413930,0.411174,25.313410,-0.388700,0.210305,25.320440,-0.411300,0.064884
3368.000000,25.583930,-0.288730,0.927435,25.612110,-0.190590,0.818014,25.761770,-0.206380,0.444005,25.695850,-0.225290,0.059585,25.825950,-0.216880,0.007894,25.591150,-0.379320,0.816195,25.647980,-0.414440,0.414025,25.329240,-0.388800,0.210174,25.338150,-0.411660,0.065104
3369.000000,25.591030,-0.288350,0.929295,25.619070,-0.190460,0.819665,25.764110,-0.206240,0.443835,25.695790,-0.225200,0.059794,25.825790,-0.216890,0.007814,25.598090,-0.379180,0.818284,25.661550,-0.414950,0.416975,25.345310,-0.388900,0.209644,25.356310,-0.412000,0.064924
3370.000000,25.598120,-0.287990,0.931204,25.625980,-0.190350,0.821345,25.766280,-0.206060,0.443715,25.695710,-0.225120,0.060025,25.825620,-0.216890,0.007724,25.605010,-0.379080,0.820425,25.675040,-0.415460,0.420005,25.361580,-0.389020,0.208744,25.374900,-0.412330,0.064404
3371.000000,25.605210,-0.287670,0.933165,25.632860,-0.190260,0.823055,25.768270,-0.205850,0.443605,25.695610,-0.225030,0.060284,25.825450,-0.216880,0.007654,25.611930,-0.379000,0.822605,25.688430,-0.415960,0.423095,25.378050,-0.389140,0.207504,25.393910,-0.412650,0.063554
3372.000000,25.612290,-0.287360,0.935154,25.639690,-0.190200,0.824765,25.770100,-0.205610,0.443534,25.695500,-0.224950,0.060565,25.825270,-0.216860,0.007574,25.618830,-0.378950,0.824805,25.701710,-0.416460,0.426245,25.394690,-0.389280,0.205924,25.413320,-0.412980,0.062415
3373.000000,25.619360,-0.287090,0.937155,25.646480,-0.190150,0.826475,25.771790,-0.205340,0.443474,25.695410,-0.224890,0.060875,25.825090,-0.216840,0.007514,25.625740,-0.378910,0.827014,25.714870,-0.416940,0.429434,25.411520,-0.389430,0.204044,25.433110,-0.413310,0.061015
3374.000000,25.626430,-0.286830,0.939155,25.653220,-0.190120,0.828164,25.773330,-0.205060,0.443435,25.695330,-0.224830,0.061195,25.824910,-0.216810,0.007444,25.632650,-0.378900,0.829225,25.727890,-0.417420,0.432645,25.428520,-0.389610,0.201874,25.453270,-0.413670,0.059384
3375.000000,25.633480,-0.286600,0.941134,25.659920,-0.190100,0.829844,25.774750,-0.204770,0.443415,25.695280,-0.224790,0.061544,25.824730,-0.216770,0.007384,25.639560,-0.378890,0.831404,25.740750,-0.417880,0.435885,25.445700,-0.389820,0.199425,25.473780,-0.414060,0.057564
3376.000000,25.640530,-0.286390,0.943095,25.666580,-0.190090,0.831495,25.776060,-0.204470,0.443405,25.695260,-0.224760,0.061904,25.824550,-0.216730,0.007334,25.646480,-0.378910,0.833565,25.753460,-0.418310,0.439125,25.463050,-0.390070,0.196714,25.494630,-0.414480,0.055585
3377.000000,25.647580,-0.286200,0.945005,25.673200,-0.190100,0.833105,25.777270,-0.204170,0.443424,25.695270,-0.224740,0.062275,25.824370,-0.216690,0.007274,25.653410,-0.378940,0.835674,25.765990,-0.418720,0.442355,25.480580,-0.390380,0.193774,25.515810,-0.414960,0.053484
3378.000000,25.654610,-0.286030,0.946864,25.679790,-0.190120,0.834674,25.778400,-0.203880,0.443445,25.695300,-0.224740,0.062664,25.824200,-0.216660,0.007224,25.660360,-0.378990,0.837724,25.778340,-0.419090,0.445565,25.498290,-0.390750,0.190625,25.537310,-0.415500,0.051275
3379.000000,25.661640,-0.285880,0.948665,25.686350,-0.190160,0.836195,25.779460,-0.203600,0.443474,25.695360,-0.224740,0.063054,25.824030,-0.216620,0.007164,25.667340,-0.379070,0.839724,25.790510,-0.419420,0.448735,25.516190,-0.391170,0.187284,25.559100,-0.416100,0.049004
3380.000000,25.668660,-0.285760,0.950385,25.692880,-0.190220,0.837645,25.780470,-0.203330,0.443525,25.695410,-0.224750,0.063444,25.823870,-0.216590,0.007115,25.674340,-0.379160,0.841654,25.802480,-0.419720,0.451865,25.534270,-0.391660,0.183754,25.581190,-0.416780,0.046694
3381.000000,25.675670,-0.285670,0.952014,25.699380,-0.190300,0.839025,25.781440,-0.203060,0.443575,25.695440,-0.224770,0.063814,25.823710,-0.216570,0.007054,25.681360,-0.379290,0.843504,25.814250,-0.419980,0.454925,25.552550,-0.392210,0.180064,25.603550,-0.417550,0.044385
3382.000000,25.682670,-0.285590,0.953554,25.705860,-0.190410,0.840325,25.782400,-0.202790,0.443625,25.695440,-0.224780,0.064184,25.823550,-0.216540,0.006994,25.688400,-0.379430,0.845255,25.825830,-0.420210,0.457905,25.571030,-0.392820,0.176234,25.626170,-0.418400,0.042084
3383.000000,25.689650,-0.285540,0.954985,25.712310,-0.190530,0.841535,25.783350,-0.202540,0.443685,25.695400,-0.224780,0.064524,25.823390,-0.216520,0.006945,25.695450,-0.379600,0.846905,25.837210,-0.420400,0.460805,25.589710,-0.393490,0.172285,25.649020,-0.419360,0.039824
3384.000000,25.696610,-0.285510,0.956305,25.718740,-0.190670,0.842645,25.784300,-0.202290,0.443754,25.695320,-0.224790,0.064854,25.823230,-0.216510,0.006884,25.702510,-0.379780,0.848434,25.848390,-0.420560,0.463605,25.608600,-0.394210,0.168214,25.672100,-0.420430,0.037635
3385.000000,25.703540,-0.285500,0.957495,25.725130,-0.190820,0.843645,25.785250,-0.202060,0.443815,25.695190,-0.224780,0.065154,25.823080,-0.216500,0.006824,25.709580,-0.379980,0.849835,25.859370,-0.420700,0.466305,25.627690,-0.394980,0.164065,25.695380,-0.421600,0.035525
3386.000000,25.710460,-0.285510,0.958554,25.731510,-0.190980,0.844534,25.786220,-0.201840,0.443875,25.695030,-0.224770,0.065444,25.822920,-0.216490,0.006754,25.716650,-0.380190,0.851094,25.870160,-0.420790,0.468875,25.646970,-0.395810,0.159845,25.718860,-0.422880,0.033515
3387.000000,25.717340,-0.285540,0.959475,25.737850,-0.191160,0.845295,25.787200,-0.201630,0.443924,25.694860,-0.224760,0.065714,25.822760,-0.216480,0.006694,25.723720,-0.380400,0.852205,25.880750,-0.420850,0.471325,25.666450,-0.396680,0.155584,25.742520,-0.424260,0.031624
3388.000000,25.724210,-0.285580,0.960265,25.744160,-0.191340,0.845935,25.788210,-0.201420,0.443955,25.694680,-0.224740,0.065984,25.822610,-0.216480,0.006624,25.730800,-0.380620,0.853175,25.891150,-0.420870,0.473625,25.686110,-0.397610,0.151294,25.766350,-0.425740,0.029865
3389.000000,25.731050,-0.285650,0.960915,25.750440,-0.191520,0.846445,25.789250,-0.201220,0.443965,25.694500,-0.224740,0.066244,25.822460,-0.216480,0.006554,25.737870,-0.380850,0.853994,25.901350,-0.420850,0.475765,25.705960,-0.398580,0.147004,25.790330,-0.427310,0.028275
3390.000000,25.737860,-0.285730,0.961425,25.756690,-0.191710,0.846824,25.790330,-0.201010,0.443955,25.694330,-0.224750,0.066504,25.822310,-0.216490,0.006484,25.744940,-0.381080,0.854654,25.911340,-0.420770,0.477724,25.725970,-0.399610,0.142714,25.814450,-0.428960,0.026855
3391.000000,25.744660,-0.285840,0.961794,25.762910,-0.191910,0.847085,25.791460,-0.200810,0.443924,25.694190,-0.224780,0.066764,25.822180,-0.216500,0.006404,25.752010,-0.381320,0.855175,25.921140,-0.420650,0.479495,25.746150,-0.400680,0.138464,25.838710,-0.430690,0.025654
3392.000000,25.751430,-0.285960,0.962035,25.769100,-0.192110,0.847205,25.792620,-0.200600,0.443855,25.694080,-0.224860,0.067034,25.822060,-0.216510,0.006324,25.759080,-0.381560,0.855525,25.930750,-0.420470,0.481054,25.766490,-0.401810,0.134254,25.863090,-0.432460,0.024705
3393.000000,25.758190,-0.286120,0.962145,25.775270,-0.192320,0.847205,25.793830,-0.200380,0.443765,25.694000,-0.224960,0.067304,25.821950,-0.216520,0.006244,25.766150,-0.381810,0.855735,25.940170,-0.420250,0.482395,25.787000,-0.403000,0.130104,25.887580,-0.434280,0.024015
3394.000000,25.764930,-0.286300,0.962114,25.781420,-0.192540,0.847094,25.795090,-0.200170,0.443635,25.693940,-0.225100,0.067584,25.821840,-0.216540,0.006164,25.773220,-0.382060,0.855795,25.949410,-0.419990,0.483505,25.807670,-0.404250,0.126034,25.912150,-0.436120,0.023615
3395.000000,25.771660,-0.286510,0.961965,25.787550,-0.192770,0.846865,25.796390,-0.199970,0.443485,25.693910,-0.225260,0.067864,25.821750,-0.216560,0.006074,25.780310,-0.382320,0.855704,25.958470,-0.419680,0.484355,25.828490,-0.405570,0.122064,25.936800,-0.437960,0.023544
3396.000000,25.778380,-0.286760,0.961695,25.793680,-0.193010,0.846534,25.797740,-0.199770,0.443295,25.693900,-0.225430,0.068144,25.821650,-0.216580,0.005984,25.787400,-0.382590,0.855475,25.967370,-0.419350,0.484955,25.849450,-0.406950,0.118215,25.961500,-0.439790,0.023825
3397.000000,25.785110,-0.287040,0.961315,25.799810,-0.193260,0.846105,25.799150,-0.199590,0.443075,25.693910,-0.225600,0.068424,25.821560,-0.216600,0.005894,25.794500,-0.382870,0.855114,25.976090,-0.418980,0.485295,25.870550,-0.408390,0.114514,25.986220,-0.441580,0.024465
3398.000000,25.791840,-0.287360,0.960815,25.805940,-0.193540,0.845575,25.800610,-0.199420,0.442814,25.693930,-0.225780,0.068704,25.821460,-0.216620,0.005804,25.801620,-0.383170,0.854615,25.984650,-0.418600,0.485365,25.891770,-0.409890,0.111014,26.010940,-0.443330,0.025504
3399.000000,25.798590,-0.287710,0.960205,25.812080,-0.193830,0.844975,25.802140,-0.199270,0.442515,25.693960,-0.225960,0.068984,25.821360,-0.216630,0.005714,25.808760,-0.383480,0.853994,25.993030,-0.418190,0.485175,25.913080,-0.411420,0.107724,26.035620,-0.445010,0.026945
3400.000000,25.805350,-0.288110,0.959495,25.818250,-0.194140,0.844284,25.803730,-0.199140,0.442185,25.693990,-0.226120,0.069274,25.821250,-0.216630,0.005634,25.815920,-0.383810,0.853255,26.001260,-0.417780,0.484725,25.934460,-0.412990,0.104704,26.060220,-0.446610,0.028804
3401.000000,25.812130,-0.288540,0.958685,25.824450,-0.194470,0.843525,25.805390,-0.199010,0.441814,25.694020,-0.226280,0.069554,25.821140,-0.216620,0.005544,25.823110,-0.384160,0.852395,26.009320,-0.417350,0.484015,25.955870,-0.414570,0.101964,26.084710,-0.448120,0.031094
3402.000000,25.818940,-0.289020,0.957774,25.830680,-0.194830,0.842695,25.807120,-0.198890,0.441405,25.694070,-0.226440,0.069844,25.821020,-0.216600,0.005455,25.830320,-0.384520,0.851425,26.017230,-0.416930,0.483075,25.977290,-0.416150,0.099544,26.109030,-0.449530,0.033844
3403.000000,25.825780,-0.289530,0.956774,25.836950,-0.195200,0.841805,25.808930,-0.198770,0.440975,25.694120,-0.226580,0.070134,25.820890,-0.216560,0.005364,25.837580,-0.384900,0.850355,26.024990,-0.416520,0.481895,25.998660,-0.417710,0.097474,26.133140,-0.450820,0.037034
3404.000000,25.832650,-0.290080,0.955685,25.843270,-0.195590,0.840844,25.810830,-0.198660,0.440515,25.694180,-0.226710,0.070434,25.820770,-0.216500,0.005264,25.844860,-0.385290,0.849175,26.032620,-0.416130,0.480505,26.019950,-0.419230,0.095754,26.156980,-0.451990,0.040675
3405.000000,25.839560,-0.290660,0.954515,25.849640,-0.195990,0.839824,25.812810,-0.198550,0.440025,25.694260,-0.226840,0.070734,25.820640,-0.216440,0.005164,25.852190,-0.385700,0.847905,26.040120,-0.415770,0.478915,26.041130,-0.420710,0.094404,26.180500,-0.453030,0.044755
3406.000000,25.846510,-0.291280,0.953265,25.856070,-0.196410,0.838745,25.814890,-0.198440,0.439525,25.694360,-0.226960,0.071044,25.820520,-0.216370,0.005064,25.859560,-0.386120,0.846554,26.047520,-0.415450,0.477145,26.062140,-0.422120,0.093434,26.203620,-0.453930,0.049235
3407.000000,25.853490,-0.291930,0.951935,25.862570,-0.196850,0.837604,25.817090,-0.198330,0.438995,25.694490,-0.227080,0.071354,25.820410,-0.216300,0.004954,25.866980,-0.386540,0.845105,26.054830,-0.415180,0.475224,26.082930,-0.423440,0.092834,26.226270,-0.454670,0.054085
3408.000000,25.860520,-0.292600,0.950535,25.869120,-0.197290,0.836404,25.819410,-0.198240,0.438445,25.694640,-0.227190,0.071674,25.820300,-0.216220,0.004844,25.874440,-0.386980,0.843595,26.062070,-0.414970,0.473174,26.103450,-0.424640,0.092604,26.248400,-0.455260,0.059254
3409.000000,25.867580,-0.293290,0.949064,25.875740,-0.197750,0.835135,25.821860,-0.198160,0.437874,25.694830,-0.227310,0.071994,25.820200,-0.216150,0.004734,25.881940,-0.387420,0.842005,26.069270,-0.414820,0.471025,26.123610,-0.425690,0.092714,26.269930,-0.455690,0.064674
3410.000000,25.874690,-0.293990,0.947515,25.882430,-0.198230,0.833805,25.824460,-0.198090,0.437285,25.695040,-0.227420,0.072324,25.820110,-0.216090,0.004605,25.889480,-0.387880,0.840345,26.076440,-0.414740,0.468825,26.143350,-0.426570,0.093154,26.290800,-0.455950,0.070284
3411.000000,25.881830,-0.294710,0.945914,25.889170,-0.198710,0.832404,25.827220,-0.198060,0.436675,25.695280,-0.227540,0.072664,25.820030,-0.216020,0.004475,25.897060,-0.388340,0.838635,26.083610,-0.414720,0.466585,26.162550,-0.427230,0.093864,26.310930,-0.456030,0.075974
3412.000000,25.889010,-0.295430,0.944245,25.895980,-0.199210,0.830935,25.830170,-0.198050,0.436035,25.695550,-0.227660,0.073024,25.819960,-0.215970,0.004344,25.904670,-0.388810,0.836855,26.090810,-0.414750,0.464365,26.181150,-0.427670,0.094794,26.330260,-0.455940,0.081674
3413.000000,25.896220,-0.296160,0.942535,25.902850,-0.199710,0.829415,25.833310,-0.198070,0.435365,25.695840,-0.227780,0.073404,25.819900,-0.215920,0.004194,25.912310,-0.389280,0.835014,26.098070,-0.414830,0.462175,26.199050,-0.427850,0.095874,26.348740,-0.455670,0.087254
3414.000000,25.903460,-0.296880,0.940775,25.909770,-0.200210,0.827844,25.836650,-0.198130,0.434665,25.696160,-0.227900,0.073814,25.819850,-0.215880,0.004044,25.919970,-0.389760,0.833114,26.105420,-0.414930,0.460074,26.216170,-0.427780,0.097044,26.366300,-0.455240,0.092614
3415.000000,25.910740,-0.297600,0.938964,25.916760,-0.200710,0.826225,25.840220,-0.198230,0.433925,25.696510,-0.228010,0.074254,25.819810,-0.215840,0.003894,25.927660,-0.390220,0.831164,26.112890,-0.415040,0.458074,26.232450,-0.427440,0.098224,26.382900,-0.454650,0.097634
3416.000000,25.918040,-0.298310,0.937134,25.923800,-0.201210,0.824574,25.844020,-0.198370,0.433135,25.696890,-0.228100,0.074734,25.819780,-0.215820,0.003734,25.935380,-0.390700,0.829175,26.120520,-0.415140,0.456215,26.247820,-0.426850,0.099315,26.398490,-0.453900,0.102204
3417.000000,25.925370,-0.299020,0.935295,25.930900,-0.201730,0.822875,25.848050,-0.198550,0.432315,25.697300,-0.228180,0.075264,25.819750,-0.215800,0.003564,25.943130,-0.391180,0.827155,26.128320,-0.415200,0.454495,26.262240,-0.425990,0.100244,26.413040,-0.452990,0.106204
3418.000000,25.932740,-0.299730,0.933435,25.938060,-0.202270,0.821165,25.852330,-0.198770,0.431434,25.697740,-0.228230,0.075844,25.819730,-0.215790,0.003394,25.950910,-0.391690,0.825145,26.136340,-0.415210,0.452945,26.275670,-0.424880,0.100924,26.426530,-0.451920,0.109534
3419.000000,25.940160,-0.300440,0.931594,25.945290,-0.202850,0.819425,25.856850,-0.199040,0.430515,25.698220,-0.228260,0.076494,25.819710,-0.215790,0.003224,25.958730,-0.392240,0.823145,26.144570,-0.415130,0.451575,26.288080,-0.423540,0.101294,26.438940,-0.450700,0.112094
3420.000000,25.947630,-0.301160,0.929764,25.952590,-0.203480,0.817674,25.861630,-0.199340,0.429555,25.698730,-0.228260,0.077214,25.819690,-0.215790,0.003044,25.966610,-0.392820,0.821195,26.153030,-0.414960,0.450385,26.299480,-0.421960,0.101304,26.450270,-0.449320,0.113824
3421.000000,25.955160,-0.301880,0.927975,25.959970,-0.204160,0.815925,25.866640,-0.199690,0.428535,25.699300,-0.228230,0.078024,25.819680,-0.215800,0.002874,25.974540,-0.393470,0.819315,26.161720,-0.414690,0.449365,26.309890,-0.420180,0.100904,26.460550,-0.447780,0.114664
3422.000000,25.962750,-0.302620,0.926215,25.967440,-0.204910,0.814175,25.871900,-0.200070,0.427485,25.699920,-0.228170,0.078924,25.819670,-0.215800,0.002684,25.982530,-0.394180,0.817515,26.170620,-0.414310,0.448525,26.319340,-0.418190,0.100114,26.469820,-0.446090,0.114594
3423.000000,25.970410,-0.303370,0.924515,25.975010,-0.205730,0.812435,25.877410,-0.200480,0.426384,25.700610,-0.228070,0.079934,25.819650,-0.215810,0.002494,25.990580,-0.394960,0.815814,26.179710,-0.413820,0.447845,26.327890,-0.416050,0.098914,26.478130,-0.444230,0.113624
3424.000000,25.978150,-0.304140,0.922875,25.982670,-0.206630,0.810715,25.883160,-0.200920,0.425255,25.701390,-0.227940,0.081064,25.819640,-0.215800,0.002305,25.998700,-0.395820,0.814225,26.188960,-0.413220,0.447295,26.335590,-0.413760,0.097364,26.485570,-0.442220,0.111764
3425.000000,25.985970,-0.304930,0.921304,25.990440,-0.207600,0.809025,25.889160,-0.201390,0.424095,25.702270,-0.227780,0.082314,25.819620,-0.215780,0.002104,26.006890,-0.396750,0.812765,26.198310,-0.412540,0.446855,26.342530,-0.411360,0.095504,26.492210,-0.440050,0.109094
3426.000000,25.993880,-0.305730,0.919805,25.998320,-0.208640,0.807374,25.895410,-0.201870,0.422915,25.703280,-0.227590,0.083704,25.819600,-0.215740,0.001904,26.015140,-0.397750,0.811424,26.207710,-0.411780,0.446495,26.348760,-0.408890,0.093394,26.498160,-0.437740,0.105694
3427.000000,26.001870,-0.306560,0.918395,26.006300,-0.209740,0.805785,25.901920,-0.202360,0.421705,25.704430,-0.227380,0.085234,25.819590,-0.215690,0.001694,26.023440,-0.398810,0.810215,26.217120,-0.410960,0.446194,26.354390,-0.406380,0.091114,26.503520,-0.435310,0.101654
3428.000000,26.009950,-0.307400,0.917065,26.014370,-0.210880,0.804254,25.908690,-0.202870,0.420485,25.705750,-0.227150,0.086924,25.819570,-0.215630,0.001484,26.031780,-0.399920,0.809134,26.226480,-0.410130,0.445945,26.359530,-0.403900,0.088734,26.508400,-0.432800,0.097094
3429.000000,26.018110,-0.308250,0.915834,26.022530,-0.212050,0.802794,25.915750,-0.203380,0.419245,25.707260,-0.226890,0.088774,25.819550,-0.215550,0.001264,26.040150,-0.401050,0.808184,26.235740,-0.409300,0.445715,26.364270,-0.401520,0.086344,26.512870,-0.430240,0.092104
3430.000000,26.026340,-0.309100,0.914705,26.030760,-0.213240,0.801424,25.923090,-0.203900,0.418005,25.708990,-0.226600,0.090795,25.819520,-0.215470,0.001064,26.048540,-0.402210,0.807354,26.244880,-0.408510,0.445515,26.368730,-0.399300,0.084014,26.517030,-0.427690,0.086804
3431.000000,26.034640,-0.309970,0.913685,26.039050,-0.214410,0.800165,25.930750,-0.204410,0.416765,25.710960,-0.226280,0.092994,25.819500,-0.215400,0.000864,26.056930,-0.403350,0.806635,26.253890,-0.407810,0.445345,26.373000,-0.397320,0.081814,26.520900,-0.425230,0.081284
3432.000000,26.043000,-0.310820,0.912764,26.047380,-0.215570,0.798995,25.938730,-0.204910,0.415525,25.713220,-0.225940,0.095364,25.819470,-0.215330,0.000694,26.065310,-0.404480,0.806034,26.262740,-0.407210,0.445215,26.377140,-0.395640,0.079774,26.524520,-0.422920,0.075644
3433.000000,26.051410,-0.311670,0.911955,26.055720,-0.216690,0.797945,25.947060,-0.205390,0.414284,25.715780,-0.225560,0.097924,25.819440,-0.215280,0.000564,26.073670,-0.405580,0.805544,26.271460,-0.406750,0.445155,26.381160,-0.394300,0.077934,26.527900,-0.420830,0.069964
3434.000000,26.059850,-0.312510,0.911265,26.064080,-0.217760,0.797015,25.955760,-0.205850,0.413045,25.718690,-0.225160,0.100684,25.819410,-0.215250,0.000494,26.081990,-0.406630,0.805154,26.280070,-0.406450,0.445165,26.385020,-0.393320,0.076274,26.531030,-0.419010,0.064344
3435.000000,26.068320,-0.313320,0.910685,26.072450,-0.218780,0.796185,25.964850,-0.206290,0.411805,25.721970,-0.224740,0.103644,25.819380,-0.215230,0.000494,26.090290,-0.407640,0.804875,26.288600,-0.406320,0.445254,26.388670,-0.392700,0.074784,26.533890,-0.417520,0.058854
3436.000000,26.076800,-0.314110,0.910215,26.080820,-0.219760,0.795474,25.974350,-0.206690,0.410555,25.725660,-0.224300,0.106804,25.819380,-0.215230,0.000604,26.098550,-0.408600,0.804705,26.297080,-0.406360,0.445455,26.392050,-0.392400,0.073464,26.536480,-0.416360,0.053574
3437.000000,26.085290,-0.314870,0.909845,26.089220,-0.220700,0.794855,25.984280,-0.207060,0.409295,25.729790,-0.223840,0.110174,25.819410,-0.215250,0.000854,26.106800,-0.409530,0.804644,26.305540,-0.406580,0.445745,26.395100,-0.392400,0.072274,26.538790,-0.415550,0.048555
3438.000000,26.093790,-0.315590,0.909575,26.097650,-0.221610,0.794315,25.994650,-0.207380,0.408005,25.734370,-0.223370,0.113754,25.819510,-0.215280,0.001274,26.115060,-0.410430,0.804685,26.314020,-0.406950,0.446125,26.397800,-0.392640,0.071215,26.540830,-0.415070,0.043834
3439.000000,26.102280,-0.316290,0.909394,26.106150,-0.222520,0.793855,26.005490,-0.207660,0.406685,25.739440,-0.222900,0.117524,25.819710,-0.215320,0.001904,26.123320,-0.411320,0.804825,26.322530,-0.407450,0.446575,26.400140,-0.393050,0.070264,26.542610,-0.414870,0.039455
3440.000000,26.110760,-0.316960,0.909305,26.114720,-0.223430,0.793444,26.016780,-0.207890,0.405325,25.745010,-0.222420,0.121504,25.820070,-0.215370,0.002775,26.131610,-0.412220,0.805075,26.331040,-0.408070,0.447065,26.402140,-0.393580,0.069425,26.544140,-0.414900,0.035415
3441.000000,26.119230,-0.317610,0.909285,26.123360,-0.224380,0.793084,26.028550,-0.208060,0.403925,25.751080,-0.221940,0.125664,25.820630,-0.215420,0.003914,26.139930,-0.413150,0.805415,26.339540,-0.408760,0.447575,26.403840,-0.394170,0.068674,26.545460,-0.415100,0.031745
3442.000000,26.127670,-0.318250,0.909345,26.132060,-0.225350,0.792775,26.040760,-0.208180,0.402485,25.757660,-0.221450,0.130024,25.821460,-0.215470,0.005344,26.148270,-0.414100,0.805855,26.347980,-0.409500,0.448075,26.405260,-0.394750,0.068014,26.546560,-0.415400,0.028455
3443.000000,26.136090,-0.318890,0.909465,26.140810,-0.226380,0.792505,26.053410,-0.208250,0.401014,25.764720,-0.220950,0.134554,25.822600,-0.215500,0.007084,26.156640,-0.415110,0.806374,26.356310,-0.410260,0.448525,26.406460,-0.395280,0.067434,26.547490,-0.415760,0.025524
3444.000000,26.144470,-0.319540,0.909644,26.149600,-0.227460,0.792285,26.066470,-0.208290,0.399514,25.772260,-0.220440,0.139255,25.824120,-0.215530,0.009144,26.165020,-0.416160,0.806964,26.364470,-0.411020,0.448914,26.407460,-0.395720,0.066914,26.548250,-0.416110,0.022964
3445.000000,26.152800,-0.320200,0.909884,26.158400,-0.228600,0.792104,26.079890,-0.208300,0.398025,25.780270,-0.219930,0.144115,25.826070,-0.215550,0.011534,26.173410,-0.417260,0.807624,26.372380,-0.411760,0.449215,26.408330,-0.396040,0.066474,26.548870,-0.416440,0.020744
3446.000000,26.161090,-0.320890,0.910174,26.167190,-0.229780,0.791965,26.093630,-0.208300,0.396555,25.788750,-0.219410,0.149105,25.828500,-0.215560,0.014254,26.181800,-0.418410,0.808345,26.380000,-0.412450,0.449425,26.409090,-0.396230,0.066094,26.549360,-0.416720,0.018864
3447.000000,26.169320,-0.321600,0.910515,26.175950,-0.231010,0.791895,26.107640,-0.208310,0.395145,25.797700,-0.218900,0.154185,25.831490,-0.215570,0.017295,26.190160,-0.419590,0.809095,26.387270,-0.413090,0.449535,26.409790,-0.396280,0.065774,26.549740,-0.416940,0.017275
3448.000000,26.177480,-0.322350,0.910895,26.184640,-0.232270,0.791884,26.121860,-0.208350,0.393825,25.807120,-0.218400,0.159324,25.835100,-0.215590,0.020644,26.198480,-0.420800,0.809875,26.394180,-0.413660,0.449545,26.410470,-0.396190,0.065494,26.550030,-0.417080,0.015945
3449.000000,26.185570,-0.323140,0.911335,26.193240,-0.233530,0.791945,26.136230,-0.208430,0.392645,25.817010,-0.217920,0.164464,25.839400,-0.215630,0.024275,26.206750,-0.422020,0.810675,26.400710,-0.414170,0.449474,26.411150,-0.395990,0.065264,26.550240,-0.417170,0.014845
3450.000000,26.193580,-0.323960,0.911825,26.201720,-0.234790,0.792084,26.150700,-0.208560,0.391645,25.827350,-0.217460,0.169574,25.844500,-0.215700,0.028165,26.214950,-0.423230,0.811495,26.406860,-0.414620,0.449335,26.411840,-0.395700,0.065074,26.550380,-0.417200,0.013944
3451.000000,26.201510,-0.324810,0.912365,26.210080,-0.236040,0.792315,26.165230,-0.208740,0.390865,25.838140,-0.217020,0.174604,25.850470,-0.215790,0.032254,26.223070,-0.424430,0.812315,26.412640,-0.415020,0.449145,26.412540,-0.395350,0.064904,26.550470,-0.417180,0.013195
3452.000000,26.209360,-0.325680,0.912965,26.218300,-0.237250,0.792644,26.179760,-0.208980,0.390325,25.849350,-0.216610,0.179514,25.857400,-0.215920,0.036485,26.231100,-0.425600,0.813155,26.418080,-0.415360,0.448914,26.413260,-0.394960,0.064754,26.550510,-0.417140,0.012585
3453.000000,26.217130,-0.326580,0.913625,26.226390,-0.238430,0.793065,26.194270,-0.209260,0.390075,25.860970,-0.216230,0.184274,25.865350,-0.216090,0.040785,26.239040,-0.426750,0.814005,26.423190,-0.415650,0.448665,26.413980,-0.394550,0.064624,26.550500,-0.417070,0.012075
3454.000000,26.224820,-0.327480,0.914365,26.234360,-0.239570,0.793594,26.208740,-0.209560,0.390125,25.872980,-0.215880,0.188825,25.874380,-0.216280,0.045054,26.246900,-0.427850,0.814875,26.428020,-0.415910,0.448395,26.414680,-0.394150,0.064514,26.550470,-0.416980,0.011644
3455.000000,26.232440,-0.328390,0.915185,26.242210,-0.240660,0.794245,26.223150,-0.209890,0.390495,25.885380,-0.215570,0.193134,25.884510,-0.216490,0.049224,26.254680,-0.428920,0.815775,26.432590,-0.416140,0.448115,26.415350,-0.393770,0.064414,26.550400,-0.416890,0.011274
3456.000000,26.239990,-0.329290,0.916084,26.249950,-0.241690,0.795005,26.237490,-0.210210,0.391165,25.898140,-0.215310,0.197154,25.895710,-0.216720,0.053214,26.262370,-0.429930,0.816715,26.436910,-0.416350,0.447845,26.415980,-0.393440,0.064324,26.550310,-0.416790,0.010954
3457.000000,26.247470,-0.330170,0.917084,26.257600,-0.242660,0.795884,26.251770,-0.210520,0.392134,25.911280,-0.215100,0.200834,25.907940,-0.216960,0.056954,26.269970,-0.430900,0.817715,26.441020,-0.416560,0.447565,26.416560,-0.393160,0.064254,26.550210,-0.416690,0.010674
3458.000000,26.254900,-0.331030,0.918175,26.265170,-0.243570,0.796895,26.266010,-0.210810,0.393385,25.924770,-0.214940,0.204134,25.921150,-0.217200,0.060364,26.277490,-0.431800,0.818765,26.444910,-0.416790,0.447304,26.417070,-0.392950,0.064204,26.550080,-0.416590,0.010415
3459.000000,26.262280,-0.331850,0.919355,26.272670,-0.244410,0.798025,26.280190,-0.211070,0.394895,25.938610,-0.214840,0.207025,25.935230,-0.217410,0.063394,26.284930,-0.432640,0.819875,26.448610,-0.417030,0.447045,26.417520,-0.392800,0.064174,26.549940,-0.416520,0.010184
3460.000000,26.269610,-0.332630,0.920644,26.280100,-0.245170,0.799285,26.294350,-0.211300,0.396625,25.952800,-0.214780,0.209484,25.950110,-0.217600,0.066014,26.292280,-0.433420,0.821055,26.452100,-0.417290,0.446795,26.417900,-0.392730,0.064164,26.549790,-0.416460,0.009985
3461.000000,26.276910,-0.333360,0.922025,26.287490,-0.245850,0.800675,26.308490,-0.211510,0.398565,25.967320,-0.214780,0.211484,25.965710,-0.217740,0.068174,26.299560,-0.434130,0.822315,26.455400,-0.417590,0.446565,26.418200,-0.392720,0.064184,26.549640,-0.416420,0.009805
3462.000000,26.284180,-0.334050,0.923505,26.294830,-0.246460,0.802184,26.322600,-0.211690,0.400675,25.982150,-0.214820,0.213044,25.981950,-0.217830,0.069874,26.306770,-0.434760,0.823635,26.458500,-0.417930,0.446345,26.418430,-0.392770,0.064234,26.549470,-0.416400,0.009635
3463.000000,26.291440,-0.334690,0.925065,26.302150,-0.246990,0.803814,26.336700,-0.211840,0.402945,25.997280,-0.214910,0.214154,25.998780,-0.217850,0.071114,26.313910,-0.435330,0.825025,26.461410,-0.418310,0.446144,26.418570,-0.392870,0.064314,26.549300,-0.416400,0.009494
3464.000000,26.298690,-0.335290,0.926714,26.309440,-0.247440,0.805555,26.350780,-0.211980,0.405344,26.012680,-0.215050,0.214825,26.016140,-0.217800,0.071884,26.321000,-0.435820,0.826495,26.464120,-0.418720,0.445974,26.418630,-0.393010,0.064424,26.549120,-0.416420,0.009354
3465.000000,26.305940,-0.335840,0.928435,26.316710,-0.247830,0.807385,26.364820,-0.212100,0.407865,26.028330,-0.215230,0.215084,26.034000,-0.217680,0.072224,26.328030,-0.436260,0.828014,26.466640,-0.419150,0.445825,26.418610,-0.393170,0.064574,26.548940,-0.416450,0.009234
3466.000000,26.313200,-0.336360,0.930204,26.323950,-0.248160,0.809295,26.378800,-0.212200,0.410495,26.044220,-0.215460,0.214935,26.052330,-0.217480,0.072144,26.335020,-0.436640,0.829585,26.468990,-0.419600,0.445694,26.418520,-0.393350,0.064764,26.548750,-0.416490,0.009125
3467.000000,26.320460,-0.336850,0.932025,26.331180,-0.248430,0.811275,26.392720,-0.212290,0.413235,26.060330,-0.215710,0.214385,26.071110,-0.217200,0.071674,26.341950,-0.436970,0.831195,26.471170,-0.420050,0.445595,26.418370,-0.393540,0.064984,26.548560,-0.416540,0.009004
3468.000000,26.327720,-0.337320,0.933875,26.338380,-0.248660,0.813284,26.406550,-0.212370,0.416054,26.076640,-0.215980,0.213465,26.090320,-0.216840,0.070854,26.348840,-0.437260,0.832835,26.473210,-0.420490,0.445515,26.418180,-0.393730,0.065244,26.548370,-0.416580,0.008894
3469.000000,26.334990,-0.337760,0.935735,26.345570,-0.248860,0.815335,26.420280,-0.212440,0.418965,26.093130,-0.216260,0.212184,26.109930,-0.216390,0.069714,26.355690,-0.437520,0.834485,26.475120,-0.420910,0.445465,26.417950,-0.393920,0.065524,26.548180,-0.416630,0.008785
3470.000000,26.342260,-0.338180,0.937594,26.352730,-0.249020,0.817385,26.433890,-0.212500,0.421935,26.109810,-0.216530,0.210544,26.129930,-0.215860,0.068304,26.362500,-0.437740,0.836125,26.476900,-0.421300,0.445435,26.417710,-0.394090,0.065824,26.547990,-0.416670,0.008664
3471.000000,26.349530,-0.338590,0.939445,26.359880,-0.249160,0.819425,26.447380,-0.212560,0.424955,26.126660,-0.216770,0.208574,26.150320,-0.215260,0.066644,26.369270,-0.437940,0.837755,26.478580,-0.421670,0.445415,26.417470,-0.394260,0.066154,26.547800,-0.416710,0.008554
3472.000000,26.356780,-0.338980,0.941265,26.367020,-0.249280,0.821435,26.460740,-0.212600,0.428025,26.143680,-0.216970,0.206284,26.171060,-0.214590,0.064764,26.376020,-0.438110,0.839345,26.480170,-0.422010,0.445405,26.417240,-0.394410,0.066484,26.547620,-0.416740,0.008435
3473.000000,26.364030,-0.339370,0.943055,26.374150,-0.249380,0.823404,26.473960,-0.212640,0.431125,26.160880,-0.217120,0.203704,26.192140,-0.213840,0.062714,26.382740,-0.438270,0.840894,26.481670,-0.422330,0.445405,26.417040,-0.394540,0.066824,26.547440,-0.416770,0.008314
3474.000000,26.371260,-0.339740,0.944775,26.381280,-0.249460,0.825315,26.487030,-0.212670,0.434225,26.178250,-0.217210,0.200834,26.213560,-0.213050,0.060515,26.389440,-0.438410,0.842384,26.483100,-0.422620,0.445415,26.416870,-0.394650,0.067164,26.547280,-0.416810,0.008195
3475.000000,26.378480,-0.340110,0.946445,26.388420,-0.249530,0.827164,26.499960,-0.212700,0.437325,26.195820,-0.217250,0.197675,26.235300,-0.212210,0.058204,26.396120,-0.438540,0.843805,26.484480,-0.422880,0.445445,26.416750,-0.394740,0.067514,26.547130,-0.416830,0.008084
3476.000000,26.385670,-0.340460,0.948045,26.395550,-0.249580,0.828935,26.512730,-0.212720,0.440415,26.213600,-0.217210,0.194244,26.257340,-0.211330,0.055804,26.402800,-0.438650,0.845145,26.485810,-0.423130,0.445474,26.416670,-0.394810,0.067844,26.546990,-0.416860,0.007964
3477.000000,26.392830,-0.340810,0.949554,26.402700,-0.249630,0.830604,26.525350,-0.212750,0.443465,26.231590,-0.217090,0.190554,26.279680,-0.210420,0.053345,26.409460,-0.438750,0.846405,26.487120,-0.423350,0.445525,26.416630,-0.394860,0.068184,26.546860,-0.416890,0.007845
3478.000000,26.399970,-0.341130,0.950975,26.409850,-0.249660,0.832184,26.537800,-0.212790,0.446485,26.249820,-0.216910,0.186614,26.302300,-0.209480,0.050864,26.416120,-0.438830,0.847554,26.488410,-0.423560,0.445595,26.416620,-0.394890,0.068504,26.546740,-0.416910,0.007734
3479.000000,26.407090,-0.341450,0.952295,26.417010,-0.249690,0.833655,26.550090,-0.212840,0.449435,26.268270,-0.216670,0.182465,26.325190,-0.208530,0.048375,26.422780,-0.438910,0.848604,26.489680,-0.423750,0.445685,26.416650,-0.394910,0.068834,26.546630,-0.416940,0.007614
3480.000000,26.414180,-0.341740,0.953515,26.424180,-0.249700,0.835025,26.562200,-0.212900,0.452325,26.286950,-0.216380,0.178154,26.348350,-0.207550,0.045925,26.429420,-0.438970,0.849545,26.490950,-0.423920,0.445795,26.416710,-0.394920,0.069154,26.546530,-0.416960,0.007504
3481.000000,26.421250,-0.342020,0.954624,26.431350,-0.249700,0.836275,26.574130,-0.212980,0.455134,26.305860,-0.216060,0.173684,26.371750,-0.206550,0.043525,26.436060,-0.439020,0.850364,26.492210,-0.424080,0.445915,26.416780,-0.394920,0.069464,26.546430,-0.416980,0.007394
3482.000000,26.428290,-0.342290,0.955615,26.438530,-0.249700,0.837415,26.585870,-0.213080,0.457854,26.325000,-0.215700,0.169084,26.395390,-0.205540,0.041195,26.442690,-0.439050,0.851075,26.493480,-0.424240,0.446045,26.416870,-0.394920,0.069784,26.546320,-0.417000,0.007285
3483.000000,26.435320,-0.342530,0.956485,26.445710,-0.249680,0.838425,26.597420,-0.213200,0.460464,26.344400,-0.215330,0.164364,26.419260,-0.204500,0.038975,26.449310,-0.439080,0.851675,26.494750,-0.424380,0.446165,26.416970,-0.394920,0.070094,26.546220,-0.417020,0.007184
3484.000000,26.442320,-0.342750,0.957245,26.452880,-0.249640,0.839315,26.608760,-0.213360,0.462955,26.364090,-0.214930,0.159534,26.443340,-0.203440,0.036885,26.455920,-0.439080,0.852144,26.496040,-0.424520,0.446275,26.417060,-0.394920,0.070404,26.546120,-0.417030,0.007084
3485.000000,26.449310,-0.342950,0.957875,26.460060,-0.249600,0.840085,26.619890,-0.213540,0.465315,26.384080,-0.214520,0.154605,26.467620,-0.202370,0.034945,26.462520,-0.439080,0.852504,26.497340,-0.424660,0.446375,26.417160,-0.394920,0.070714,26.546010,-0.417050,0.006974
3486.000000,26.456290,-0.343120,0.958384,26.467230,-0.249550,0.840724,26.630810,-0.213750,0.467535,26.404400,-0.214110,0.149594,26.492080,-0.201280,0.033175,26.469100,-0.439050,0.852754,26.498660,-0.424790,0.446455,26.417250,-0.394920,0.071014,26.545900,-0.417060,0.006874
3487.000000,26.463260,-0.343260,0.958774,26.474410,-0.249480,0.841245,26.641520,-0.213990,0.469605,26.425050,-0.213700,0.144544,26.516710,-0.200170,0.031594,26.475670,-0.439010,0.852894,26.500000,-0.424920,0.446505,26.417330,-0.394910,0.071314,26.545780,-0.417070,0.006775
3488.000000,26.470230,-0.343370,0.959055,26.481580,-0.249400,0.841645,26.652010,-0.214260,0.471505,26.446020,-0.213300,0.139494,26.541490,-0.199050,0.030234,26.482230,-0.438960,0.852944,26.501350,-0.425060,0.446525,26.417400,-0.394910,0.071614,26.545670,-0.417090,0.006674
3489.000000,26.477190,-0.343450,0.959225,26.488750,-0.249310,0.841915,26.662300,-0.214540,0.473245,26.467290,-0.212920,0.134494,26.566390,-0.197920,0.029095,26.488780,-0.438890,0.852905,26.502730,-0.425200,0.446525,26.417460,-0.394900,0.071914,26.545550,-0.417100,0.006574
3490.000000,26.484150,-0.343490,0.959275,26.495910,-0.249200,0.842064,26.672370,-0.214840,0.474805,26.488800,-0.212570,0.129595,26.591410,-0.196800,0.028215,26.495310,-0.438800,0.852765,26.504120,-0.425350,0.446505,26.417510,-0.394890,0.072204,26.545440,-0.417110,0.006464
3491.000000,26.491110,-0.343490,0.959214,26.503080,-0.249080,0.842105,26.682250,-0.215150,0.476185,26.510520,-0.212250,0.124825,26.616510,-0.195700,0.027604,26.501840,-0.438680,0.852545,26.505540,-0.425510,0.446455,26.417560,-0.394870,0.072504,26.545330,-0.417130,0.006354
3492.000000,26.498070,-0.343450,0.959055,26.510240,-0.248930,0.842014,26.691930,-0.215470,0.477375,26.532390,-0.211950,0.120245,26.641670,-0.194620,0.027285,26.508350,-0.438540,0.852235,26.506980,-0.425690,0.446375,26.417600,-0.394860,0.072804,26.545220,-0.417140,0.006244
3493.000000,26.505030,-0.343360,0.958794,26.517390,-0.248760,0.841824,26.701420,-0.215810,0.478365,26.554350,-0.211650,0.115864,26.666890,-0.193590,0.027294,26.514860,-0.438380,0.851855,26.508440,-0.425870,0.446275,26.417640,-0.394830,0.073114,26.545110,-0.417170,0.006135
3494.000000,26.511990,-0.343240,0.958434,26.524540,-0.248570,0.841515,26.710700,-0.216140,0.479135,26.576390,-0.211350,0.111714,26.692120,-0.192630,0.027634,26.521370,-0.438190,0.851384,26.509950,-0.426050,0.446155,26.417670,-0.394800,0.073424,26.545010,-0.417190,0.006034
3495.000000,26.518960,-0.343080,0.957975,26.531690,-0.248370,0.841094,26.719770,-0.216470,0.479685,26.598460,-0.211030,0.107814,26.717350,-0.191750,0.028354,26.527880,-0.437970,0.850845,26.511490,-0.426240,0.446015,26.417710,-0.394770,0.073754,26.544910,-0.417230,0.005925
3496.000000,26.525940,-0.342880,0.957415,26.538830,-0.248140,0.840554,26.728640,-0.216790,0.480005,26.620550,-0.210700,0.104164,26.742540,-0.190960,0.029464,26.534390,-0.437740,0.850235,26.513070,-0.426410,0.445845,26.417750,-0.394730,0.074084,26.544800,-0.417280,0.005814
3497.000000,26.532930,-0.342640,0.956774,26.545980,-0.247890,0.839925,26.737290,-0.217100,0.480085,26.642660,-0.210350,0.100784,26.767660,-0.190290,0.030984,26.540930,-0.437480,0.849554,26.514710,-0.426570,0.445665,26.417790,-0.394690,0.074424,26.544700,-0.417330,0.005714
3498.000000,26.539930,-0.342370,0.956035,26.553150,-0.247630,0.839184,26.745730,-0.217390,0.479944,26.664770,-0.209990,0.097714,26.792670,-0.189740,0.032934,26.547490,-0.437190,0.848795,26.516400,-0.426700,0.445465,26.417820,-0.394640,0.074784,26.544600,-0.417390,0.005604
3499.000000,26.546950,-0.342060,0.955214,26.560330,-0.247340,0.838345,26.753970,-0.217660,0.479575,26.686860,-0.209630,0.094954,26.817530,-0.189320,0.035345,26.554080,-0.436890,0.847965,26.518170,-0.426790,0.445254,26.417860,-0.394600,0.075154,26.544490,-0.417460,0.005494
3500.000000,26.554000,-0.341730,0.954304,26.567550,-0.247040,0.837404,26.762020,-0.217900,0.478995,26.708920,-0.209270,0.092544,26.842170,-0.189040,0.038214,26.560720,-0.436570,0.847055,26.520020,-0.426850,0.445034,26.417900,-0.394550,0.075534,26.544390,-0.417530,0.005384
3501.000000,26.561070,-0.341380,0.953315,26.574800,-0.246730,0.836375,26.769880,-0.218120,0.478215,26.730900,-0.208940,0.090504,26.866560,-0.188900,0.041535,26.567400,-0.436240,0.846064,26.521970,-0.426850,0.444795,26.417940,-0.394490,0.075934,26.544280,-0.417600,0.005264
3502.000000,26.568160,-0.341010,0.952245,26.582090,-0.246410,0.835265,26.777560,-0.218310,0.477255,26.752780,-0.208640,0.088854,26.890620,-0.188900,0.045304,26.574130,-0.435890,0.844994,26.524040,-0.426810,0.444545,26.418000,-0.394430,0.076344,26.544180,-0.417670,0.005124
3503.000000,26.575280,-0.340620,0.951114,26.589420,-0.246090,0.834075,26.785080,-0.218470,0.476125,26.774490,-0.208390,0.087604,26.914290,-0.189040,0.049504,26.580920,-0.435540,0.843855,26.526260,-0.426740,0.444285,26.418070,-0.394360,0.076764,26.544080,-0.417750,0.004984
3504.000000,26.582430,-0.340220,0.949914,26.596800,-0.245760,0.832815,26.792460,-0.218600,0.474845,26.795970,-0.208190,0.086754,26.937490,-0.189310,0.054085,26.587770,-0.435190,0.842654,26.528650,-0.426630,0.443985,26.418150,-0.394290,0.077204,26.543980,-0.417820,0.004834
3505.000000,26.589610,-0.339800,0.948655,26.604230,-0.245440,0.831495,26.799730,-0.218700,0.473445,26.817150,-0.208070,0.086294,26.960160,-0.189710,0.058994,26.594680,-0.434830,0.841384,26.531230,-0.426500,0.443665,26.418270,-0.394210,0.077654,26.543880,-0.417890,0.004674
3506.000000,26.596840,-0.339380,0.947345,26.611700,-0.245110,0.830114,26.806910,-0.218770,0.471945,26.837970,-0.208040,0.086204,26.982230,-0.190250,0.064164,26.601660,-0.434480,0.840064,26.534040,-0.426350,0.443305,26.418410,-0.394140,0.078114,26.543800,-0.417950,0.004504
3507.000000,26.604090,-0.338950,0.945985,26.619220,-0.244780,0.828695,26.814020,-0.218800,0.470375,26.858330,-0.208100,0.086464,27.003620,-0.190910,0.069524,26.608700,-0.434120,0.838695,26.537070,-0.426190,0.442905,26.418580,-0.394070,0.078594,26.543720,-0.418020,0.004324
3508.000000,26.611390,-0.338510,0.944585,26.626800,-0.244440,0.827234,26.821120,-0.218810,0.468755,26.878160,-0.208300,0.087034,27.024270,-0.191690,0.074984,26.615800,-0.433750,0.837284,26.540350,-0.426020,0.442465,26.418810,-0.394010,0.079094,26.543660,-0.418080,0.004135
3509.000000,26.618720,-0.338070,0.943145,26.634420,-0.244090,0.825744,26.828220,-0.218790,0.467115,26.897360,-0.208640,0.087844,27.044110,-0.192600,0.080444,26.622960,-0.433370,0.835844,26.543880,-0.425840,0.441975,26.419090,-0.393960,0.079614,26.543600,-0.418150,0.003944
3510.000000,26.626100,-0.337610,0.941685,26.642100,-0.243740,0.824225,26.835380,-0.218760,0.465475,26.915860,-0.209160,0.088854,27.063090,-0.193630,0.085814,26.630170,-0.432990,0.834365,26.547660,-0.425660,0.441445,26.419430,-0.393920,0.080164,26.543560,-0.418210,0.003755
3511.000000,26.633510,-0.337140,0.940195,26.649830,-0.243370,0.822694,26.842620,-0.218720,0.463865,26.933550,-0.209860,0.089974,27.081140,-0.194770,0.090964,26.637420,-0.432590,0.832865,26.551680,-0.425470,0.440875,26.419830,-0.393900,0.080734,26.543530,-0.418280,0.003554
3512.000000,26.640960,-0.336670,0.938674,26.657610,-0.242980,0.821145,26.849990,-0.218680,0.462294,26.950370,-0.210760,0.091124,27.098220,-0.196030,0.095794,26.644720,-0.432170,0.831354,26.555950,-0.425280,0.440255,26.420310,-0.393900,0.081345,26.543510,-0.418340,0.003354
3513.000000,26.648460,-0.336170,0.937145,26.665440,-0.242580,0.819585,26.857520,-0.218680,0.460794,26.966240,-0.211860,0.092224,27.114290,-0.197410,0.100194,26.652060,-0.431730,0.829815,26.560460,-0.425080,0.439594,26.420860,-0.393920,0.081994,26.543510,-0.418410,0.003155
3514.000000,26.656000,-0.335660,0.935605,26.673320,-0.242150,0.818025,26.865240,-0.218710,0.459375,26.981120,-0.213140,0.093184,27.129310,-0.198910,0.104054,26.659440,-0.431260,0.828275,26.565190,-0.424870,0.438895,26.421480,-0.393950,0.082694,26.543520,-0.418480,0.002945
3515.000000,26.663590,-0.335130,0.934055,26.681260,-0.241690,0.816474,26.873160,-0.218810,0.458045,26.994970,-0.214600,0.093914,27.143260,-0.200530,0.107274,26.666870,-0.430760,0.826735,26.570150,-0.424670,0.438155,26.422160,-0.394000,0.083464,26.543540,-0.418550,0.002744
3516.000000,26.671240,-0.334570,0.932505,26.689260,-0.241190,0.814925,26.881310,-0.219000,0.456825,27.007770,-0.216190,0.094344,27.156110,-0.202270,0.109754,26.674340,-0.430220,0.825184,26.575330,-0.424460,0.437374,26.422910,-0.394080,0.084294,26.543560,-0.418630,0.002524
3517.000000,26.678950,-0.333980,0.930955,26.697330,-0.240660,0.813395,26.889680,-0.219270,0.455715,27.019530,-0.217900,0.094424,27.167880,-0.204130,0.111424,26.681880,-0.429650,0.823645,26.580720,-0.424250,0.436555,26.423720,-0.394190,0.085204,26.543600,-0.418720,0.002314
3518.000000,26.686720,-0.333360,0.929404,26.705470,-0.240070,0.811895,26.898280,-0.219660,0.454735,27.030260,-0.219690,0.094114,27.178560,-0.206120,0.112224,26.689500,-0.429020,0.822095,26.586320,-0.424040,0.435695,26.424600,-0.394340,0.086194,26.543630,-0.418820,0.002095
3519.000000,26.694570,-0.332710,0.927885,26.713690,-0.239440,0.810435,26.907090,-0.220160,0.453865,27.039990,-0.221530,0.093394,27.188200,-0.208230,0.112124,26.697200,-0.428350,0.820545,26.592140,-0.423840,0.434795,26.425540,-0.394520,0.087274,26.543680,-0.418930,0.001874
3520.000000,26.702500,-0.332020,0.926374,26.721990,-0.238750,0.809014,26.916090,-0.220780,0.453115,27.048760,-0.223410,0.092284,27.196840,-0.210460,0.111104,26.705000,-0.427620,0.819005,26.598180,-0.423640,0.433855,26.426570,-0.394740,0.088464,26.543720,-0.419050,0.001644
3521.000000,26.710510,-0.331300,0.924895,26.730390,-0.238000,0.807644,26.925260,-0.221510,0.452485,27.056640,-0.225300,0.090814,27.204540,-0.212790,0.109184,26.712920,-0.426840,0.817465,26.604440,-0.423460,0.432865,26.427680,-0.395010,0.089764,26.543770,-0.419190,0.001404
3522.000000,26.718610,-0.330550,0.923455,26.738870,-0.237200,0.806345,26.934550,-0.222340,0.451935,27.063680,-0.227180,0.089024,27.211380,-0.215200,0.106404,26.720950,-0.426010,0.815935,26.610950,-0.423300,0.431835,26.428910,-0.395310,0.091194,26.543830,-0.419340,0.001154
3523.000000,26.726800,-0.329760,0.922054,26.747450,-0.236350,0.805095,26.943920,-0.223240,0.451465,27.069980,-0.229010,0.086974,27.217440,-0.217670,0.102834,26.729110,-0.425130,0.814415,26.617710,-0.423150,0.430755,26.430260,-0.395670,0.092744,26.543890,-0.419490,0.000904
3524.000000,26.735080,-0.328950,0.920705,26.756100,-0.235440,0.803925,26.953330,-0.224190,0.451045,27.075620,-0.230770,0.084734,27.222820,-0.220150,0.098574,26.737390,-0.424200,0.812935,26.624750,-0.423030,0.429625,26.431760,-0.396070,0.094454,26.543960,-0.419640,0.000634
3525.000000,26.743440,-0.328110,0.919415,26.764830,-0.234500,0.802825,26.962720,-0.225170,0.450675,27.080730,-0.232410,0.082384,27.227610,-0.222590,0.093734,26.745790,-0.423240,0.811485,26.632100,-0.422930,0.428445,26.433440,-0.396510,0.096314,26.544030,-0.419790,0.000364
3526.000000,26.751870,-0.327270,0.918195,26.773600,-0.233510,0.801814,26.972070,-0.226130,0.450315,27.085390,-0.233920,0.079985,27.231910,-0.224920,0.088444,26.754280,-0.422240,0.810095,26.639760,-0.422870,0.427225,26.435340,-0.396990,0.098344,26.544120,-0.419920,0.000094
3527.000000,26.760370,-0.326410,0.917054,26.782420,-0.232500,0.800884,26.981330,-0.227050,0.449974,27.089720,-0.235250,0.077614,27.235810,-0.227080,0.082824,26.762870,-0.421230,0.808764,26.647780,-0.422840,0.425955,26.437490,-0.397520,0.100564,26.544210,-0.420040,-0.000166
3528.000000,26.768920,-0.325550,0.915995,26.791250,-0.231470,0.800045,26.990500,-0.227910,0.449655,27.093800,-0.236390,0.075334,27.239370,-0.229020,0.076994,26.771520,-0.420190,0.807524,26.656170,-0.422840,0.424645,26.439930,-0.398080,0.102984,26.544310,-0.420140,-0.000406
3529.000000,26.777500,-0.324700,0.915034,26.800080,-0.230440,0.799295,26.999570,-0.228670,0.449355,27.097690,-0.237300,0.073174,27.242640,-0.230680,0.071064,26.780210,-0.419160,0.806385,26.664970,-0.422890,0.423305,26.442700,-0.398680,0.105604,26.544430,-0.420210,-0.000596
3530.000000,26.786100,-0.323860,0.914175,26.808900,-0.229390,0.798655,27.008550,-0.229320,0.449084,27.101420,-0.237990,0.071174,27.245660,-0.232030,0.065124,26.788930,-0.418120,0.805345,26.674190,-0.422990,0.421925,26.445850,-0.399320,0.108444,26.544560,-0.420250,-0.000716
3531.000000,26.794710,-0.323030,0.913424,26.817700,-0.228360,0.798125,27.017470,-0.229840,0.448864,27.104980,-0.238450,0.069344,27.248460,-0.233080,0.059284,26.797660,-0.417090,0.804424,26.683870,-0.423130,0.420515,26.449430,-0.399980,0.111484,26.544720,-0.420260,-0.000736
3532.000000,26.803310,-0.322220,0.912784,26.826480,-0.227330,0.797694,27.026350,-0.230240,0.448715,27.108350,-0.238690,0.067684,27.251030,-0.233820,0.053604,26.806390,-0.416070,0.803625,26.694010,-0.423330,0.419075,26.453470,-0.400670,0.114754,26.544920,-0.420250,-0.000616
3533.000000,26.811880,-0.321430,0.912254,26.835210,-0.226320,0.797385,27.035230,-0.230500,0.448645,27.111490,-0.238750,0.066204,27.253370,-0.234290,0.048175,26.815090,-0.415070,0.802945,26.704630,-0.423590,0.417605,26.458000,-0.401370,0.118234,26.545180,-0.420220,-0.000336
3534.000000,26.820420,-0.320660,0.911834,26.843910,-0.225330,0.797185,27.044130,-0.230640,0.448665,27.114370,-0.238660,0.064884,27.255490,-0.234540,0.043025,26.823760,-0.414080,0.802365,26.715730,-0.423890,0.416105,26.463050,-0.402070,0.121914,26.545530,-0.420170,0.000154
3535.000000,26.828920,-0.319900,0.911535,26.852570,-0.224340,0.797104,27.053060,-0.230670,0.448785,27.116970,-0.238460,0.063724,27.257390,-0.234620,0.038225,26.832400,-0.413110,0.801905,26.727320,-0.424250,0.414565,26.468650,-0.402770,0.125795,26.546020,-0.420100,0.000894
3536.000000,26.837370,-0.319160,0.911324,26.861190,-0.223380,0.797125,27.062030,-0.230600,0.448985,27.119300,-0.238200,0.062724,27.259060,-0.234570,0.033794,26.840990,-0.412140,0.801535,26.739370,-0.424640,0.412995,26.474800,-0.403460,0.129864,26.546700,-0.420030,0.001904
3537.000000,26.845760,-0.318430,0.911224,26.869770,-0.222420,0.797254,27.070990,-0.230440,0.449245,27.121360,-0.237910,0.061854,27.260520,-0.234460,0.029755,26.849520,-0.411190,0.801254,26.751870,-0.425060,0.411394,26.481520,-0.404110,0.134095,26.547620,-0.419970,0.003224
3538.000000,26.854090,-0.317700,0.911204,26.878300,-0.221460,0.797485,27.079920,-0.230210,0.449555,27.123170,-0.237630,0.061114,27.261770,-0.234310,0.026125,26.858010,-0.410240,0.801065,26.764780,-0.425490,0.409775,26.488780,-0.404720,0.138464,26.548840,-0.419920,0.004874
3539.000000,26.862350,-0.316970,0.911265,26.886790,-0.220510,0.797795,27.088750,-0.229940,0.449855,27.124750,-0.237370,0.060474,27.262830,-0.234150,0.022915,26.866430,-0.409280,0.800964,26.778080,-0.425930,0.408145,26.496590,-0.405300,0.142975,26.550430,-0.419900,0.006874
3540.000000,26.870560,-0.316230,0.911415,26.895230,-0.219550,0.798185,27.097420,-0.229640,0.450135,27.126110,-0.237170,0.059934,27.263700,-0.234010,0.020125,26.874790,-0.408320,0.800934,26.791720,-0.426340,0.406535,26.504910,-0.405820,0.147594,26.552470,-0.419910,0.009215
3541.000000,26.878700,-0.315480,0.911625,26.903620,-0.218580,0.798655,27.105850,-0.229330,0.450355,27.127280,-0.237040,0.059485,27.264410,-0.233900,0.017744,26.883080,-0.407350,0.800975,26.805660,-0.426710,0.404954,26.513740,-0.406300,0.152294,26.555040,-0.419970,0.011915
3542.000000,26.886780,-0.314710,0.911905,26.911960,-0.217620,0.799185,27.114000,-0.229030,0.450505,27.128270,-0.237000,0.059104,27.264950,-0.233820,0.015755,26.891300,-0.406380,0.801104,26.819850,-0.427030,0.403445,26.523050,-0.406740,0.157075,26.558220,-0.420090,0.014964
3543.000000,26.894800,-0.313910,0.912254,26.920240,-0.216640,0.799764,27.121790,-0.228740,0.450545,27.129110,-0.237050,0.058784,27.265370,-0.233780,0.014125,26.899450,-0.405390,0.801315,26.834240,-0.427290,0.402045,26.532820,-0.407120,0.161894,26.562110,-0.420260,0.018335
3544.000000,26.902760,-0.313100,0.912664,26.928470,-0.215670,0.800405,27.129180,-0.228480,0.450485,27.129830,-0.237180,0.058534,27.265670,-0.233760,0.012804,26.907520,-0.404410,0.801615,26.848780,-0.427480,0.400794,26.543030,-0.407460,0.166744,26.566810,-0.420500,0.022014
3545.000000,26.910660,-0.312260,0.913145,26.936650,-0.214710,0.801095,27.136160,-0.228260,0.450325,27.130470,-0.237370,0.058345,27.265870,-0.233780,0.011755,26.915510,-0.403420,0.802005,26.863400,-0.427620,0.399755,26.553660,-0.407760,0.171594,26.572390,-0.420810,0.025934
3546.000000,26.918500,-0.311400,0.913695,26.944760,-0.213760,0.801835,27.142690,-0.228080,0.450065,27.131040,-0.237620,0.058204,27.266000,-0.233810,0.010925,26.923430,-0.402450,0.802485,26.878070,-0.427720,0.398955,26.564690,-0.408020,0.176415,26.578960,-0.421180,0.030054
3547.000000,26.926290,-0.310540,0.914324,26.952810,-0.212840,0.802625,27.148780,-0.227930,0.449715,27.131560,-0.237900,0.058104,27.266060,-0.233870,0.010274,26.931270,-0.401510,0.803075,26.892720,-0.427800,0.398455,26.576110,-0.408250,0.181165,26.586580,-0.421630,0.034285
3548.000000,26.934020,-0.309660,0.915034,26.960810,-0.211950,0.803474,27.154440,-0.227820,0.449304,27.132060,-0.238190,0.058034,27.266080,-0.233930,0.009774,26.939040,-0.400590,0.803785,26.907330,-0.427860,0.398285,26.587920,-0.408440,0.185804,26.595290,-0.422150,0.038534
3549.000000,26.941700,-0.308800,0.915834,26.968740,-0.211100,0.804395,27.159680,-0.227720,0.448845,27.132530,-0.238490,0.058004,27.266060,-0.234010,0.009385,26.946740,-0.399720,0.804605,26.921870,-0.427920,0.398464,26.600110,-0.408610,0.190274,26.605090,-0.422750,0.042704
3550.000000,26.949330,-0.307950,0.916725,26.976600,-0.210310,0.805374,27.164530,-0.227630,0.448345,27.132980,-0.238780,0.058004,27.266000,-0.234090,0.009074,26.954380,-0.398900,0.805544,26.936320,-0.428000,0.398995,26.612690,-0.408760,0.194494,26.615980,-0.423410,0.046714
3551.000000,26.956910,-0.307110,0.917725,26.984410,-0.209570,0.806435,27.169030,-0.227540,0.447835,27.133400,-0.239070,0.058045,27.265930,-0.234180,0.008824,26.961970,-0.398140,0.806605,26.950680,-0.428090,0.399885,26.625670,-0.408900,0.198404,26.627890,-0.424120,0.050485
3552.000000,26.964460,-0.306310,0.918834,26.992150,-0.208900,0.807574,27.173210,-0.227430,0.447325,27.133800,-0.239330,0.058104,27.265840,-0.234260,0.008625,26.969520,-0.397440,0.807805,26.964960,-0.428190,0.401095,26.639040,-0.409040,0.201925,26.640760,-0.424860,0.053935
3553.000000,26.971960,-0.305550,0.920054,26.999820,-0.208290,0.808794,27.177090,-0.227290,0.446825,27.134140,-0.239580,0.058195,27.265730,-0.234330,0.008455,26.977020,-0.396810,0.809134,26.979170,-0.428320,0.402615,26.652820,-0.409190,0.204994,26.654500,-0.425630,0.057015
3554.000000,26.979430,-0.304830,0.921385,27.007440,-0.207740,0.810115,27.180720,-0.227130,0.446364,27.134440,-0.239810,0.058314,27.265620,-0.234390,0.008314,26.984490,-0.396240,0.810594,26.993320,-0.428460,0.404395,26.666990,-0.409370,0.207585,26.669050,-0.426420,0.059684
3555.000000,26.986860,-0.304150,0.922825,27.014990,-0.207260,0.811515,27.184110,-0.226940,0.445945,27.134660,-0.240010,0.058475,27.265490,-0.234440,0.008195,26.991930,-0.395740,0.812175,27.007420,-0.428620,0.406405,26.681550,-0.409580,0.209654,26.684330,-0.427200,0.061904
3556.000000,26.994270,-0.303520,0.924385,27.022480,-0.206830,0.813005,27.187290,-0.226710,0.445565,27.134810,-0.240190,0.058655,27.265360,-0.234480,0.008095,26.999330,-0.395300,0.813875,27.021480,-0.428790,0.408615,26.696460,-0.409830,0.211204,26.700260,-0.427990,0.063684
3557.000000,27.001660,-0.302930,0.926034,27.029910,-0.206450,0.814574,27.190270,-0.226460,0.445245,27.134870,-0.240350,0.058865,27.265230,-0.234500,0.007994,27.006710,-0.394920,0.815694,27.035510,-0.428970,0.410995,26.711720,-0.410100,0.212245,26.716800,-0.428760,0.065024
3558.000000,27.009020,-0.302380,0.927785,27.037260,-0.206100,0.816225,27.193060,-0.226190,0.444985,27.134870,-0.240470,0.059114,27.265080,-0.234510,0.007904,27.014050,-0.394570,0.817624,27.049500,-0.429150,0.413515,26.727280,-0.410400,0.212794,26.733900,-0.429510,0.065914
3559.000000,27.016370,-0.301870,0.929615,27.044540,-0.205790,0.817925,27.195670,-0.225900,0.444775,27.134800,-0.240560,0.059375,27.264940,-0.234500,0.007824,27.021360,-0.394260,0.819635,27.063440,-0.429320,0.416145,26.743120,-0.410720,0.212894,26.751510,-0.430240,0.066394
3560.000000,27.023700,-0.301400,0.931515,27.051750,-0.205500,0.819685,27.198100,-0.225590,0.444615,27.134690,-0.240600,0.059655,27.264780,-0.234490,0.007755,27.028630,-0.393970,0.821735,27.077320,-0.429470,0.418875,26.759210,-0.411060,0.212574,26.769610,-0.430940,0.066474
3561.000000,27.031020,-0.300960,0.933474,27.058900,-0.205220,0.821474,27.200370,-0.225270,0.444505,27.134540,-0.240590,0.059955,27.264620,-0.234460,0.007674,27.035880,-0.393700,0.823894,27.091140,-0.429610,0.421685,26.775520,-0.411410,0.211874,26.788160,-0.431620,0.066184
3562.000000,27.038330,-0.300540,0.935465,27.065990,-0.204970,0.823284,27.202470,-0.224930,0.444445,27.134370,-0.240540,0.060275,27.264460,-0.234430,0.007604,27.043110,-0.393460,0.826105,27.104880,-0.429720,0.424565,26.792030,-0.411770,0.210814,26.807130,-0.432260,0.065554
3563.000000,27.045630,-0.300140,0.937485,27.073020,-0.204730,0.825105,27.204420,-0.224560,0.444395,27.134210,-0.240450,0.060604,27.264300,-0.234390,0.007534,27.050320,-0.393240,0.828334,27.118520,-0.429800,0.427485,26.808730,-0.412130,0.209424,26.826520,-0.432890,0.064614
3564.000000,27.052930,-0.299770,0.939515,27.080010,-0.204510,0.826914,27.206230,-0.224150,0.444375,27.134060,-0.240340,0.060945,27.264130,-0.234340,0.007474,27.057510,-0.393040,0.830585,27.132070,-0.429870,0.430455,26.825610,-0.412500,0.207714,26.846290,-0.433490,0.063404
3565.000000,27.060230,-0.299410,0.941535,27.086950,-0.204300,0.828705,27.207910,-0.223710,0.444355,27.133940,-0.240230,0.061305,27.263960,-0.234290,0.007415,27.064700,-0.392850,0.832824,27.145500,-0.429900,0.433455,26.842670,-0.412890,0.205704,26.866440,-0.434080,0.061934
3566.000000,27.067510,-0.299070,0.943524,27.093850,-0.204100,0.830465,27.209470,-0.223230,0.444345,27.133850,-0.240120,0.061684,27.263790,-0.234240,0.007354,27.071870,-0.392670,0.835025,27.158810,-0.429920,0.436475,26.859890,-0.413290,0.203404,26.886930,-0.434670,0.060265
3567.000000,27.074790,-0.298740,0.945485,27.100720,-0.203910,0.832184,27.210940,-0.222730,0.444345,27.133810,-0.240010,0.062074,27.263620,-0.234190,0.007285,27.079040,-0.392500,0.837195,27.171970,-0.429900,0.439515,26.877300,-0.413710,0.200854,26.907760,-0.435250,0.058405
3568.000000,27.082070,-0.298420,0.947395,27.107540,-0.203720,0.833855,27.212320,-0.222200,0.444345,27.133800,-0.239920,0.062464,27.263440,-0.234150,0.007224,27.086220,-0.392330,0.839295,27.184990,-0.429860,0.442545,26.894870,-0.414150,0.198044,26.928920,-0.435840,0.056395
3569.000000,27.089330,-0.298120,0.949245,27.114330,-0.203530,0.835475,27.213630,-0.221650,0.444345,27.133840,-0.239840,0.062854,27.263270,-0.234110,0.007164,27.093400,-0.392170,0.841325,27.197840,-0.429790,0.445565,26.912620,-0.414610,0.195024,26.950390,-0.436440,0.054254
3570.000000,27.096580,-0.297810,0.951014,27.121090,-0.203340,0.837025,27.214870,-0.221110,0.444345,27.133910,-0.239770,0.063254,27.263100,-0.234070,0.007104,27.100590,-0.392020,0.843275,27.210520,-0.429670,0.448555,26.930530,-0.415100,0.191804,26.972160,-0.437070,0.052034
3571.000000,27.103820,-0.297520,0.952694,27.127820,-0.203150,0.838495,27.216070,-0.220570,0.444355,27.134010,-0.239730,0.063634,27.262930,-0.234040,0.007034,27.107800,-0.391870,0.845114,27.223020,-0.429520,0.451495,26.948610,-0.415620,0.188394,26.994220,-0.437730,0.049755
3572.000000,27.111040,-0.297240,0.954275,27.134510,-0.202970,0.839885,27.217230,-0.220040,0.444355,27.134110,-0.239690,0.064014,27.262770,-0.234010,0.006964,27.115030,-0.391730,0.846865,27.235340,-0.429340,0.454385,26.966870,-0.416160,0.184825,27.016560,-0.438420,0.047434
3573.000000,27.118240,-0.296970,0.955755,27.141180,-0.202790,0.841175,27.218360,-0.219520,0.444364,27.134200,-0.239670,0.064374,27.262610,-0.233990,0.006894,27.122280,-0.391600,0.848495,27.247470,-0.429110,0.457205,26.985300,-0.416730,0.181105,27.039160,-0.439150,0.045124
3574.000000,27.125430,-0.296710,0.957125,27.147820,-0.202620,0.842375,27.219480,-0.219030,0.444375,27.134260,-0.239660,0.064724,27.262450,-0.233970,0.006814,27.129540,-0.391480,0.850005,27.259410,-0.428850,0.459945,27.003900,-0.417310,0.177244,27.062020,-0.439920,0.042834
3575.000000,27.132600,-0.296470,0.958365,27.154430,-0.202470,0.843454,27.220600,-0.218550,0.444395,27.134290,-0.239670,0.065054,27.262300,-0.233960,0.006744,27.136840,-0.391380,0.851405,27.271170,-0.428550,0.462595,27.022690,-0.417920,0.173274,27.085120,-0.440740,0.040585
3576.000000,27.139740,-0.296240,0.959485,27.161010,-0.202330,0.844425,27.221710,-0.218090,0.444405,27.134270,-0.239680,0.065364,27.262160,-0.233950,0.006664,27.144160,-0.391300,0.852685,27.282730,-0.428220,0.465145,27.041670,-0.418550,0.169194,27.108440,-0.441600,0.038414
3577.000000,27.146870,-0.296040,0.960465,27.167570,-0.202210,0.845275,27.222830,-0.217650,0.444425,27.134220,-0.239700,0.065664,27.262020,-0.233950,0.006594,27.151490,-0.391230,0.853824,27.294100,-0.427850,0.467585,27.060820,-0.419200,0.165024,27.131970,-0.442500,0.036334
3578.000000,27.153970,-0.295850,0.961315,27.174090,-0.202100,0.845994,27.223950,-0.217240,0.444445,27.134150,-0.239730,0.065954,27.261900,-0.233940,0.006514,27.158840,-0.391170,0.854835,27.305290,-0.427440,0.469905,27.080170,-0.419860,0.160784,27.155700,-0.443450,0.034364
3579.000000,27.161050,-0.295680,0.962014,27.180590,-0.202000,0.846595,27.225100,-0.216840,0.444465,27.134060,-0.239750,0.066244,27.261780,-0.233940,0.006435,27.166200,-0.391130,0.855685,27.316300,-0.427010,0.472095,27.099710,-0.420540,0.156484,27.179620,-0.444430,0.032535
3580.000000,27.168100,-0.295530,0.962585,27.187060,-0.201910,0.847055,27.226270,-0.216440,0.444474,27.133960,-0.239760,0.066524,27.261670,-0.233940,0.006354,27.173560,-0.391090,0.856395,27.327130,-0.426560,0.474145,27.119460,-0.421210,0.152135,27.203710,-0.445440,0.030854
3581.000000,27.175120,-0.295410,0.963005,27.193490,-0.201830,0.847395,27.227480,-0.216050,0.444465,27.133860,-0.239770,0.066814,27.261570,-0.233930,0.006274,27.180920,-0.391070,0.856944,27.337770,-0.426090,0.476045,27.139430,-0.421880,0.147754,27.227950,-0.446470,0.029334
3582.000000,27.182110,-0.295310,0.963284,27.199880,-0.201750,0.847595,27.228740,-0.215650,0.444425,27.133760,-0.239770,0.067094,27.261470,-0.233930,0.006184,27.188280,-0.391050,0.857345,27.348220,-0.425610,0.477755,27.159630,-0.422530,0.143354,27.252330,-0.447520,0.028014
3583.000000,27.189080,-0.295230,0.963425,27.206250,-0.201690,0.847685,27.230060,-0.215240,0.444355,27.133670,-0.239770,0.067374,27.261370,-0.233930,0.006104,27.195630,-0.391030,0.857584,27.358480,-0.425120,0.479285,27.180050,-0.423180,0.138964,27.276830,-0.448560,0.026904
3584.000000,27.196020,-0.295190,0.963445,27.212580,-0.201640,0.847654,27.231440,-0.214820,0.444254,27.133600,-0.239750,0.067654,27.261280,-0.233920,0.006004,27.202980,-0.391020,0.857675,27.368550,-0.424630,0.480605,27.200700,-0.423830,0.134604,27.301440,-0.449610,0.026035
3585.000000,27.202940,-0.295170,0.963334,27.218890,-0.201590,0.847504,27.232890,-0.214390,0.444115,27.133540,-0.239720,0.067934,27.261190,-0.233920,0.005914,27.210320,-0.391020,0.857625,27.378440,-0.424140,0.481715,27.221550,-0.424480,0.130294,27.326150,-0.450650,0.025414
3586.000000,27.209840,-0.295180,0.963105,27.225190,-0.201550,0.847264,27.234400,-0.213960,0.443945,27.133500,-0.239680,0.068214,27.261100,-0.233920,0.005814,27.217650,-0.391030,0.857425,27.388150,-0.423650,0.482605,27.242590,-0.425150,0.126084,27.350930,-0.451660,0.025074
3587.000000,27.216730,-0.295220,0.962755,27.231470,-0.201530,0.846915,27.235980,-0.213510,0.443725,27.133480,-0.239640,0.068504,27.261010,-0.233910,0.005704,27.224990,-0.391040,0.857094,27.397680,-0.423170,0.483265,27.263810,-0.425810,0.121984,27.375770,-0.452630,0.025045
3588.000000,27.223610,-0.295300,0.962305,27.237750,-0.201510,0.846484,27.237640,-0.213070,0.443474,27.133480,-0.239600,0.068794,27.260930,-0.233900,0.005604,27.232330,-0.391060,0.856625,27.407060,-0.422680,0.483695,27.285170,-0.426480,0.118034,27.400640,-0.453550,0.025334
3589.000000,27.230480,-0.295410,0.961755,27.244030,-0.201510,0.845975,27.239380,-0.212620,0.443185,27.133500,-0.239570,0.069094,27.260840,-0.233890,0.005504,27.239680,-0.391090,0.856035,27.416270,-0.422200,0.483884,27.306660,-0.427140,0.114254,27.425520,-0.454390,0.025965
3590.000000,27.237360,-0.295550,0.961105,27.250320,-0.201520,0.845395,27.241190,-0.212170,0.442864,27.133530,-0.239550,0.069404,27.260760,-0.233880,0.005404,27.247040,-0.391130,0.855314,27.425320,-0.421720,0.483845,27.328230,-0.427780,0.110704,27.450380,-0.455140,0.026945
3591.000000,27.244260,-0.295730,0.960365,27.256640,-0.201540,0.844745,27.243090,-0.211710,0.442505,27.133580,-0.239560,0.069734,27.260670,-0.233860,0.005304,27.254410,-0.391170,0.854484,27.434220,-0.421250,0.483554,27.349870,-0.428400,0.107374,27.475190,-0.455780,0.028305
3592.000000,27.251160,-0.295930,0.959535,27.262980,-0.201570,0.844035,27.245070,-0.211260,0.442105,27.133650,-0.239580,0.070074,27.260590,-0.233830,0.005224,27.261800,-0.391230,0.853545,27.442960,-0.420780,0.483045,27.371540,-0.428990,0.104314,27.499910,-0.456280,0.030045
3593.000000,27.258100,-0.296170,0.958615,27.269350,-0.201620,0.843255,27.247140,-0.210800,0.441685,27.133730,-0.239620,0.070424,27.260510,-0.233800,0.005144,27.269220,-0.391290,0.852495,27.451550,-0.420330,0.482295,27.393210,-0.429550,0.101544,27.524500,-0.456660,0.032184
3594.000000,27.265050,-0.296440,0.957615,27.275760,-0.201680,0.842425,27.249290,-0.210360,0.441225,27.133820,-0.239660,0.070774,27.260420,-0.233750,0.005075,27.276660,-0.391360,0.851355,27.459990,-0.419880,0.481334,27.414850,-0.430060,0.099074,27.548930,-0.456880,0.034735
3595.000000,27.272030,-0.296730,0.956535,27.282200,-0.201750,0.841535,27.251530,-0.209930,0.440735,27.133930,-0.239700,0.071144,27.260330,-0.233710,0.005004,27.284130,-0.391440,0.850114,27.468290,-0.419460,0.480164,27.436410,-0.430530,0.096924,27.573150,-0.456960,0.037694
3596.000000,27.279050,-0.297050,0.955384,27.288690,-0.201830,0.840585,27.253860,-0.209530,0.440225,27.134050,-0.239750,0.071504,27.260250,-0.233650,0.004934,27.291630,-0.391530,0.848785,27.476450,-0.419050,0.478805,27.457880,-0.430940,0.095114,27.597110,-0.456900,0.041074
3597.000000,27.286090,-0.297400,0.954164,27.295210,-0.201940,0.839575,27.256270,-0.209160,0.439695,27.134190,-0.239790,0.071884,27.260160,-0.233600,0.004854,27.299150,-0.391630,0.847384,27.484480,-0.418650,0.477275,27.479190,-0.431280,0.093644,27.620760,-0.456690,0.044865
3598.000000,27.293170,-0.297760,0.952865,27.301770,-0.202060,0.838495,27.258770,-0.208820,0.439145,27.134360,-0.239830,0.072264,27.260070,-0.233540,0.004775,27.306710,-0.391740,0.845915,27.492400,-0.418280,0.475585,27.500330,-0.431550,0.092534,27.644050,-0.456330,0.049055
3599.000000,27.300280,-0.298150,0.951504,27.308370,-0.202190,0.837365,27.261370,-0.208520,0.438594,27.134550,-0.239860,0.072644,27.259980,-0.233480,0.004684,27.314300,-0.391860,0.844384,27.500210,-0.417930,0.473765,27.521250,-0.431710,0.091764,27.666910,-0.455840,0.053624
3600.000000,27.307430,-0.298550,0.950084,27.315020,-0.202330,0.836164,27.264070,-0.208250,0.438025,27.134780,-0.239900,0.073044,27.259890,-0.233420,0.004584,27.321920,-0.391990,0.842805,27.507940,-0.417600,0.471845,27.541900,-0.431760,0.091344,27.689280,-0.455210,0.058525
3601.000000,27.314610,-0.298960,0.948615,27.321720,-0.202490,0.834915,27.266880,-0.208010,0.437455,27.135050,-0.239930,0.073454,27.259790,-0.233360,0.004475,27.329570,-0.392120,0.841175,27.515600,-0.417300,0.469855,27.562240,-0.431670,0.091254,27.711100,-0.454450,0.063704
3602.000000,27.321840,-0.299370,0.947084,27.328470,-0.202660,0.833604,27.269810,-0.207790,0.436874,27.135370,-0.239950,0.073874,27.259700,-0.233290,0.004354,27.337250,-0.392260,0.839504,27.523220,-0.417020,0.467805,27.582190,-0.431430,0.091474,27.732300,-0.453570,0.069104
3603.000000,27.329110,-0.299800,0.945515,27.335270,-0.202830,0.832234,27.272880,-0.207610,0.436275,27.135720,-0.239970,0.074324,27.259610,-0.233220,0.004214,27.344970,-0.392400,0.837805,27.530800,-0.416770,0.465745,27.601710,-0.431010,0.091974,27.752810,-0.452560,0.074634
3604.000000,27.336430,-0.300230,0.943894,27.342140,-0.203030,0.830815,27.276100,-0.207450,0.435665,27.136100,-0.239990,0.074794,27.259520,-0.233150,0.004074,27.352730,-0.392550,0.836085,27.538380,-0.416540,0.463695,27.620730,-0.430390,0.092714,27.772580,-0.451440,0.080214
3605.000000,27.343810,-0.300670,0.942245,27.349080,-0.203240,0.829354,27.279480,-0.207320,0.435035,27.136520,-0.239990,0.075294,27.259440,-0.233090,0.003914,27.360540,-0.392720,0.834334,27.545990,-0.416320,0.461684,27.639170,-0.429580,0.093644,27.791550,-0.450210,0.085744
3606.000000,27.351230,-0.301110,0.940565,27.356100,-0.203480,0.827844,27.283030,-0.207220,0.434374,27.136970,-0.239980,0.075824,27.259360,-0.233020,0.003764,27.368410,-0.392910,0.832565,27.553660,-0.416090,0.459735,27.656960,-0.428550,0.094714,27.809660,-0.448870,0.091114
3607.000000,27.358720,-0.301560,0.938864,27.363220,-0.203750,0.826284,27.286770,-0.207140,0.433685,27.137440,-0.239960,0.076394,27.259280,-0.232960,0.003594,27.376350,-0.393140,0.830785,27.561410,-0.415850,0.457865,27.674030,-0.427310,0.095854,27.826860,-0.447430,0.096204
3608.000000,27.366260,-0.302020,0.937134,27.370440,-0.204070,0.824685,27.290700,-0.207100,0.432965,27.137950,-0.239910,0.077014,27.259220,-0.232900,0.003434,27.384370,-0.393410,0.828985,27.569290,-0.415580,0.456095,27.690310,-0.425860,0.096984,27.843110,-0.445890,0.100904
3609.000000,27.373850,-0.302480,0.935395,27.377770,-0.204430,0.823045,27.294840,-0.207080,0.432205,27.138490,-0.239850,0.077674,27.259150,-0.232840,0.003264,27.392470,-0.393710,0.827175,27.577320,-0.415250,0.454445,27.705710,-0.424220,0.098024,27.858370,-0.444260,0.105104
3610.000000,27.381500,-0.302950,0.933655,27.385190,-0.204830,0.821385,27.299190,-0.207100,0.431405,27.139060,-0.239760,0.078394,27.259100,-0.232780,0.003094,27.400630,-0.394060,0.825345,27.585550,-0.414860,0.452935,27.720160,-0.422380,0.098885,27.872610,-0.442540,0.108694
3611.000000,27.389210,-0.303430,0.931905,27.392700,-0.205260,0.819705,27.303750,-0.207150,0.430565,27.139670,-0.239640,0.079184,27.259050,-0.232720,0.002924,27.408850,-0.394430,0.823524,27.593990,-0.414370,0.451565,27.733630,-0.420360,0.099474,27.885810,-0.440720,0.111574
3612.000000,27.396960,-0.303900,0.930175,27.400290,-0.205730,0.818014,27.308540,-0.207230,0.429675,27.140320,-0.239490,0.080034,27.259000,-0.232660,0.002754,27.417110,-0.394840,0.821724,27.602660,-0.413790,0.450345,27.746080,-0.418180,0.099744,27.897980,-0.438800,0.113654
3613.000000,27.404760,-0.304390,0.928465,27.407950,-0.206220,0.816325,27.313550,-0.207330,0.428755,27.141020,-0.239320,0.080974,27.258960,-0.232610,0.002574,27.425420,-0.395280,0.819955,27.611570,-0.413100,0.449295,27.757510,-0.415850,0.099634,27.909110,-0.436780,0.114884
3614.000000,27.412630,-0.304880,0.926785,27.415680,-0.206760,0.814655,27.318800,-0.207460,0.427785,27.141770,-0.239110,0.082004,27.258920,-0.232550,0.002394,27.433780,-0.395760,0.818234,27.620730,-0.412300,0.448395,27.767940,-0.413390,0.099114,27.919230,-0.434640,0.115204
3615.000000,27.420560,-0.305370,0.925145,27.423490,-0.207340,0.812984,27.324280,-0.207600,0.426765,27.142590,-0.238880,0.083124,27.258880,-0.232500,0.002204,27.442180,-0.396280,0.816585,27.630100,-0.411390,0.447645,27.777410,-0.410810,0.098184,27.928410,-0.432370,0.114594
3616.000000,27.428570,-0.305880,0.923544,27.431380,-0.207970,0.811345,27.330010,-0.207760,0.425714,27.143480,-0.238620,0.084364,27.258840,-0.232450,0.002014,27.450640,-0.396850,0.815025,27.639670,-0.410380,0.447035,27.785960,-0.408150,0.096854,27.936680,-0.429980,0.113064
3617.000000,27.436650,-0.306410,0.922005,27.439370,-0.208640,0.809725,27.335990,-0.207930,0.424635,27.144470,-0.238330,0.085724,27.258800,-0.232400,0.001824,27.459170,-0.397460,0.813545,27.649390,-0.409270,0.446545,27.793660,-0.405420,0.095174,27.944130,-0.427450,0.110664
3618.000000,27.444810,-0.306940,0.920524,27.447460,-0.209360,0.808145,27.342240,-0.208110,0.423505,27.145580,-0.238010,0.087214,27.258750,-0.232360,0.001624,27.467750,-0.398130,0.812165,27.659220,-0.408090,0.446155,27.800570,-0.402670,0.093194,27.950840,-0.424800,0.107444
3619.000000,27.453060,-0.307480,0.919095,27.455650,-0.210120,0.806594,27.348750,-0.208280,0.422355,27.146820,-0.237660,0.088844,27.258700,-0.232320,0.001424,27.476390,-0.398830,0.810885,27.669090,-0.406870,0.445835,27.806790,-0.399930,0.090984,27.956890,-0.422030,0.103494
3620.000000,27.461390,-0.308030,0.917745,27.463950,-0.210920,0.805095,27.355540,-0.208450,0.421164,27.148240,-0.237280,0.090614,27.258630,-0.232280,0.001234,27.485090,-0.399580,0.809705,27.678960,-0.405620,0.445595,27.812400,-0.397260,0.088634,27.962380,-0.419200,0.098904
3621.000000,27.469800,-0.308580,0.916465,27.472350,-0.211740,0.803644,27.362640,-0.208600,0.419944,27.149860,-0.236850,0.092534,27.258560,-0.232250,0.001054,27.493850,-0.400350,0.808635,27.688790,-0.404380,0.445395,27.817520,-0.394700,0.086224,27.967370,-0.416340,0.093804
3622.000000,27.478290,-0.309140,0.915265,27.480850,-0.212580,0.802254,27.370040,-0.208740,0.418705,27.151720,-0.236380,0.094604,27.258460,-0.232220,0.000884,27.502640,-0.401140,0.807655,27.698530,-0.403180,0.445245,27.822250,-0.392340,0.083834,27.971940,-0.413520,0.088314
3623.000000,27.486840,-0.309680,0.914145,27.489430,-0.213420,0.800934,27.377770,-0.208850,0.417435,27.153860,-0.235870,0.096824,27.258360,-0.232200,0.000744,27.511470,-0.401940,0.806775,27.708150,-0.402050,0.445155,27.826680,-0.390220,0.081534,27.976140,-0.410800,0.082544
3624.000000,27.495450,-0.310220,0.913125,27.498080,-0.214260,0.799685,27.385850,-0.208920,0.416155,27.156300,-0.235300,0.099214,27.258240,-0.232180,0.000644,27.520320,-0.402740,0.806005,27.717650,-0.401010,0.445115,27.830880,-0.388390,0.079394,27.980000,-0.408280,0.076634
3625.000000,27.504110,-0.310730,0.912195,27.506790,-0.215080,0.798524,27.394300,-0.208950,0.414845,27.159080,-0.234690,0.101774,27.258130,-0.232170,0.000604,27.529190,-0.403530,0.805335,27.727030,-0.400090,0.445144,27.834890,-0.386910,0.077434,27.983530,-0.406020,0.070684
3626.000000,27.512800,-0.311220,0.911365,27.515550,-0.215880,0.797435,27.403130,-0.208940,0.413515,27.162240,-0.234030,0.104494,27.258020,-0.232170,0.000644,27.538050,-0.404300,0.804785,27.736300,-0.399290,0.445254,27.838720,-0.385780,0.075684,27.986750,-0.404080,0.064804
3627.000000,27.521510,-0.311680,0.910644,27.524330,-0.216650,0.796444,27.412380,-0.208860,0.412165,27.165810,-0.233330,0.107404,27.257950,-0.232170,0.000784,27.546900,-0.405040,0.804345,27.745480,-0.398630,0.445455,27.842350,-0.385010,0.074134,27.989660,-0.402500,0.059085
3628.000000,27.530220,-0.312110,0.910025,27.533130,-0.217390,0.795535,27.422070,-0.208720,0.410795,27.169830,-0.232590,0.110494,27.257910,-0.232190,0.001064,27.555730,-0.405740,0.804025,27.754600,-0.398120,0.445754,27.845750,-0.384570,0.072784,27.992270,-0.401290,0.053604
3629.000000,27.538940,-0.312510,0.909525,27.541910,-0.218090,0.794735,27.432210,-0.208510,0.409385,27.174310,-0.231820,0.113764,27.257960,-0.232190,0.001514,27.564530,-0.406420,0.803835,27.763680,-0.397740,0.446155,27.848870,-0.384420,0.071604,27.994590,-0.400430,0.048414
3630.000000,27.547630,-0.312880,0.909125,27.550670,-0.218760,0.794015,27.442820,-0.208210,0.407935,27.179300,-0.231020,0.117224,27.258120,-0.232200,0.002154,27.573280,-0.407050,0.803775,27.772740,-0.397500,0.446625,27.851680,-0.384490,0.070584,27.996630,-0.399890,0.043564
3631.000000,27.556300,-0.313210,0.908825,27.559390,-0.219400,0.793395,27.453930,-0.207840,0.406454,27.184790,-0.230200,0.120874,27.258440,-0.232190,0.003014,27.581970,-0.407660,0.803855,27.781790,-0.397380,0.447155,27.854160,-0.384750,0.069684,27.998420,-0.399620,0.039065
3632.000000,27.564930,-0.313520,0.908635,27.568050,-0.220020,0.792864,27.465520,-0.207380,0.404925,27.190820,-0.229360,0.124715,27.258970,-0.232150,0.004135,27.590600,-0.408240,0.804055,27.790810,-0.397350,0.447705,27.856330,-0.385110,0.068904,27.999980,-0.399560,0.034945
3633.000000,27.573510,-0.313810,0.908525,27.576650,-0.220610,0.792424,27.477610,-0.206840,0.403355,27.197360,-0.228510,0.128744,27.259760,-0.232090,0.005524,27.599170,-0.408790,0.804395,27.799780,-0.397400,0.448255,27.858220,-0.385510,0.068214,28.001310,-0.399630,0.031195
3634.000000,27.582030,-0.314090,0.908515,27.585180,-0.221200,0.792075,27.490160,-0.206240,0.401745,27.204420,-0.227640,0.132955,27.260860,-0.232000,0.007214,27.607670,-0.409330,0.804845,27.808640,-0.397510,0.448755,27.859870,-0.385910,0.067614,28.002450,-0.399800,0.027825
3635.000000,27.590500,-0.314370,0.908575,27.593640,-0.221790,0.791805,27.503170,-0.205590,0.400105,27.211970,-0.226750,0.137365,27.262340,-0.231870,0.009205,27.616110,-0.409860,0.805385,27.817350,-0.397670,0.449194,27.861310,-0.386240,0.067074,28.003400,-0.400000,0.024824
3636.000000,27.598920,-0.314660,0.908705,27.602040,-0.222390,0.791605,27.516590,-0.204900,0.398455,27.220000,-0.225840,0.141954,27.264230,-0.231700,0.011515,27.624500,-0.410400,0.806014,27.825850,-0.397840,0.449535,27.862590,-0.386470,0.066594,28.004180,-0.400210,0.022184
3637.000000,27.607270,-0.314980,0.908905,27.610400,-0.223010,0.791474,27.530380,-0.204200,0.396815,27.228490,-0.224900,0.146724,27.266610,-0.231490,0.014135,27.632870,-0.410960,0.806694,27.834080,-0.398030,0.449755,27.863720,-0.386590,0.066154,28.004820,-0.400400,0.019904
3638.000000,27.615580,-0.315320,0.909154,27.618740,-0.223670,0.791415,27.544480,-0.203510,0.395225,27.237420,-0.223940,0.151654,27.269520,-0.231240,0.017074,27.641220,-0.411550,0.807415,27.841990,-0.398220,0.449865,27.864750,-0.386570,0.065764,28.005320,-0.400550,0.017934
3639.000000,27.623820,-0.315700,0.909465,27.627070,-0.224360,0.791405,27.558850,-0.202860,0.393725,27.246800,-0.222950,0.156704,27.273040,-0.230940,0.020314,27.649580,-0.412170,0.808154,27.849540,-0.398400,0.449855,27.865690,-0.386410,0.065414,28.005700,-0.400650,0.016275
